producto_id,nombre,sku,fuente,principio_activo,molecula_enlazada,ref_id,atc_id
37302,ACIDO IBANDRONICO 150 MG X 1 TABLETA RECUBIERTA,ME43094,INHRR,ACIDO IBANDRONICO,Acido Ibandronico Sodio Monohidrato,61,4828
37335,ACICLOVIR CREMA 5 %,ME43512,INHRR,PROPILENGLICOL - PARAFINA LIQUIDA LIGERA - PARAFINA BLANDA BLANCA - FOSFATO DE HIDROGENO DISODICO ANHIDRO - CLOROCRESOL ,Sodio Hidrogeno Carbonato,3199,
37335,ACICLOVIR CREMA 5 %,ME43512,INHRR,PROPILENGLICOL - PARAFINA LIQUIDA LIGERA - PARAFINA BLANDA BLANCA - FOSFATO DE HIDROGENO DISODICO ANHIDRO - CLOROCRESOL ,Parafina Blanda,2668,361
37335,ACICLOVIR CREMA 5 %,ME43512,INHRR,PROPILENGLICOL - PARAFINA LIQUIDA LIGERA - PARAFINA BLANDA BLANCA - FOSFATO DE HIDROGENO DISODICO ANHIDRO - CLOROCRESOL ,Parafina Liquida,2669,359
37361,FUCIDIN H 20 MG - 10 MG / G CREMA.,ME37466,INHRR,ACIDO FUSIDICO,Acido Fusidico Hemihidrato,60,2335
37367,ACTUMIR DUO 12.5 MG-850 MG X 30 TABLETAS RECUBIERTAS,ME44457,INHRR,EMPAGLIFLOZINA - METFORMINA CLORHIDRATO,Metformina,2280,598
37370,AFLAMAX 50 MG X 10 TABLETAS RECUBIERTAS,ME36828/2,INHRR,DICLOFENACO POTASICO,Diclofenaco,1073,2675
37371,AFLAMAX 50 MG X 20 TABLETAS RECUBIERTAS,ME36828/3,INHRR,DICLOFENACO POTASICO,Diclofenaco,1073,2675
37376,AIRCOF PLUS 5 MG - 2.5 MG X 30 TABLETAS MASTICABLES,ME43879,INHRR,DESLORATADINA - MONTELUKAST SODICO,Montelukast,2375,6078
37393,ALERGOT 0.05 % SOLUCION OFTALMICA,ME33876,INHRR,AZELASTINA CLORHIDRATO,Azelastina,362,6541
37394,ALFADYN 0.2 % SOLUCION OFTALMICA,ME35409,INHRR,BRIMONIDINA TARTRATO,Brimonidina,517,2677
37399,ALIVET 100 MG - 0.42 MG / ML X 10 SOLUCION ORAL,ME43815,INHRR,ACETAMINOFEN - CLORFENAMINA MALEATO,Clorfenamina,845,6202
37400,ALOPURINOL 100 MG X 30 TABLETAS,ME44004,INHRR,ALLOPURINOL,Alopurinol,156,4801
37414,AMBROXOL CLORHIDRATO 30 MG / 5 ML JARABE,ME28493,INHRR,AMBROXOL CLORHIDRATO,Ambroxol,181,5950
37416,CLORHIDRATO DE AMBROXOL 30 MG / 5 ML SOLUCION ORAL,ME29181,INHRR,AMBROXOL CLORHIDRATO,Ambroxol,181,5950
37422,AMIODARONA CLORHIDRATO 200 MG X 10 TABLETAS,ME32403,INHRR,AMIODARONA CLORHIDRATO,Amiodarona,206,1308
37423,AMLODIPINA 10 MG X 30 COMPRIMIDOS,ME30206/3,INHRR,AMLODIPINA,Amlodipino,212,1879
37424,AMLODIPINA 10 MG X 60 COMPRIMIDOS,ME30206/4,INHRR,AMLODIPINA,Amlodipino,212,1879
37425,AMLODIPINA 10 MG X 10 COMPRIMIDOS,ME30206/2,INHRR,AMLODIPINA,Amlodipino,212,1879
37426,AMLODIPINA 5 MG X 30 COMPRIMIDOS,ME38145,INHRR,AMLODIPINA,Amlodipino,212,1879
37427,AMLODIPINA 10 MG X 10 TABLETAS,ME32016/2,INHRR,AMLODIPINA,Amlodipino,212,1879
37428,AMLODIPINA 10 MG X 30 TABLETAS,ME32016/3,INHRR,AMLODIPINA,Amlodipino,212,1879
37431,AMLODIPINA 5 MG X 10 TABLETAS,ME28705/2,INHRR,AMLODIPINA,Amlodipino,212,1879
37432,AMLODIPINA 5 MG X 30 TABLETAS,ME28705/3,INHRR,AMLODIPINA,Amlodipino,212,1879
37434,AMLODIPINA - VALSARTAN 5 MG - 160 MG X 30 COMPRIMIDOS RECUBIERTOS,ME40038,INHRR,AMLODIPINA - VALSARTAN,Amlodipino,212,1879
37436,SINOT CLAV 875 MG – 125 MG X 14 COMPRIMIDOS,ME44341,INHRR,AMOXICILINA TRIHIDRATO - CLAVULANATO DE POTASIO+CELULOSA MICROCRISTALINA 1:1,Amoxicilina,221,3196
37472,ANTAAR 10 MG X 30 TABLETAS RECUBIERTAS,ME39619,INHRR,BISOPROLOL FUMARATO,Bisoprolol,3830,1815
37484,APLEXIL 550 MG X 10 TABLETAS RECUBIERTAS,ME43975,INHRR,NAPROXENO SODICO,Naproxeno,2418,2796
37485,ARANDA 2.5 MG - 50 MG X 10 CAPSULAS,ME37211/2,INHRR,LOSARTAN POTASICO,Losartan,2131,1968
37486,ARANDA 2.5 MG - 50 MG X 30 CAPSULAS,ME37211/3,INHRR,LOSARTAN POTASICO,Losartan,2131,1968
37487,ARANDA 5 MG - 100 MG X 10 CAPSULAS,ME37212,INHRR,LOSARTAN POTASICO,Losartan,2131,1968
37506,ASTRIMOL 2.5 MG X 30 TABLETAS RECUBIERTAS,ME43710,INHRR,FUMARATO DE BISOPROLOL,Bisoprolol,3830,1815
37535,AVODART 0.5 MG CAPSULAS BLANDAS,ME34732,INHRR,DUTASTERIDE,Dutasterida,1177,3018
37536,AXOKINE 400 MG X 5 COMPRIMIDOS RECUBIERTOS,ME33902,INHRR,MOXIFLOXACINO CLORHIDRATO,Moxifloxacino,2384,6360
37560,BENFLUX 30 MG X 20 TABLETAS,ME25332,INHRR,AMBROXOL CLORHIDRATO,Ambroxol,181,5950
37562,BENZODIAZOL 0.25 MG - 5 MG X 16 PASTILLAS SABOR A MENTA,ME16799,INHRR,CLORURO DE DECUALINIO - LIDOCAINA,Decualinio,994,2518
37571,BETAHISTINA 16 MG X 20 TABLETAS RECUBIERTAS,ME38280,INHRR,BETAHISTINA CLORHIDRATO,Betahistina,453,5638
37572,BETAMETASONA - GENTAMICINA - CLOTRIMAZOL 0.5 MG - 1 MG - 10 MG CREMA,ME42631,INHRR,BETAMETASONA DIPROPIONATO - SULFATO DE GENTAMICINA - CLOTRIMAZOL,Gentamicina,1614,6641
37585,BIPROLIL HCT 5 MG - 6.25 MG X 30 COMPRIMIDOS RECUBIERTOS,ME44259/3,INHRR,HIDROCLOROTIAZIDA - FUMARATO DE BISOPROLOL,Bisoprolol,3830,1815
37586,BIPROLIL HCT 5 MG - 6.25 MG X 15 COMPRIMIDOS RECUBIERTOS,ME44259/2,INHRR,HIDROCLOROTIAZIDA - FUMARATO DE BISOPROLOL,Bisoprolol,3830,1815
37588,BISOBLOC H 5 MG - 6.25 MG TABLETAS RECUBIERTAS,ME40280,INHRR,FUMARATO DE BISOPROLOL - HIDROCLOROTIAZIDA,Bisoprolol,3830,1815
37590,BISOPROLOL FUMARATO 2.5 MG X 30 COMPRIMIDOS RECUBIERTOS,ME39140,INHRR,BISOPROLOL FUMARATO,Bisoprolol,3830,1815
37591,BISOPROLOL FUMARATO - HIDROCLOROTIAZIDA 5 MG - 6.25 MG X 30 TABLETAS,ME36891,INHRR,BISOPROLOL FUMARATO - HIDROCLOROTIAZIDA,Bisoprolol,3830,1815
37592,BISOPROLOL FUMARATO 10 MG X 30 COMPRIMIDOS RECUBIERTOS,ME42421,INHRR,BISOPROLOL FUMARATO,Bisoprolol,3830,1815
37593,BISOPROLOL FUMARATO 10 MG X 30 TABLETAS RECUBIERTAS,ME43801,INHRR,FUMARATO DE BISOPROLOL,Bisoprolol,3830,1815
37594,BISOPROLOL FUMARATO 5 MG X 30 TABLETAS RECUBIERTAS,ME44328,INHRR,FUMARATO DE BISOPROLOL,Bisoprolol,3830,1815
37610,BROFLEMA 4 MG - 5 ML JARABE,ME43576,INHRR,CLORHIDRATO DE BROMHEXINA,Bromhexina,530,6110
37614,CLORHIDRATO DE BROMEXINA 8 MG / 5 ML JARABE.,ME26069,INHRR,CLORHIDRATO DE BROMHEXINA,Bromhexina,530,6110
37618,BROMURO DE IPRATROPIO 20 MCG / DOSIS SOLUCION PARA INHALACION ORAL,ME44085,INHRR,BROMURO DE IPRATROPIO,Bromuro De Ipratropio Monohidratado,537,4951
37625,BUCOXOLGAR 3 MG - 1 MG X 12 TABLETAS MASTICABLES SABOR A MIEL LIMON,ME41132,INHRR,BENCIDAMINA CLORHIDRATO - CLORURO DE CETILPIRIDINIO,Cetilpiridinio,3925,2533
37625,BUCOXOLGAR 3 MG - 1 MG X 12 TABLETAS MASTICABLES SABOR A MIEL LIMON,ME41132,INHRR,BENCIDAMINA CLORHIDRATO - CLORURO DE CETILPIRIDINIO,Bencidamina,416,62
37632,BUPIVACAINA 50 MG / 10 ML SOLUCION INYECTABLE,HO43908,INHRR,CLORHIDRATO DE BUPIVACAINA,Bupivacaina,545,4925
37633,BUTAL 8 MG X 20 TABLETAS RECUBIERTAS,ME43035/3,INHRR,BETAHISTINA CLORHIDRATO,Betahistina,453,5638
37634,BUTAL 8 MG X 10 TABLETAS RECUBIERTAS,ME43035/2,INHRR,BETAHISTINA CLORHIDRATO,Betahistina,453,5638
37637,CALCIBON 200 MG X 30 TABLETAS RECUBIERTOS,ME30197,INHRR,CITRATO DE CALCIO TETRAHIDRATADO,Calcio Carbonato,572,80
37647,CAMPAL 1 % GEL,ME43646,INHRR,DICLOFENAC DIETILAMONIO,Diclofenaco Dietilamina,1074,2675
37684,CARBONATO DE LITIO 300 MG X 20 CAPSULAS,ME32430,INHRR,CARBONATO DE LITIO,Litio,4183,5297
37685,CARBONATO DE LITIO 300 MG X 20 CAPSULAS,ME1642,INHRR,CARBONATO DE LITIO,Litio,4183,5297
37711,CEFAZOLINA 1 G X 10 AMPOLLAS,HO44435,INHRR,CEFAZOLINA SODICA,Cefazolina,670,3257
37712,CEFIXIMA 400 MG X 5 CAPSULAS,ME40533,INHRR,CEFIXIMA TRIHIDRATO,Cefixima,675,3285
37714,CEFIXIMA 400 MG X 5 TABLETAS RECUBIERTAS,ME44329,INHRR,CEFIXIMA TRIHIDRATO,Cefixima,675,3285
37715,CEFIXIMA 400 MG X 10 TABLETAS DISPERSABLES,ME44129,INHRR,CEFIXIMA TRIHIDRATO,Cefixima,675,3285
37718,CEFOTAS 500 MG X 20 CAPSULAS,ME43917,INHRR,CEFADROXILO MONOHIDRATO ,Cefadroxilo,666,3258
37720,CEFTRIAXONA 1 G POLVO PARA SOLUCION INYECTABLE,HO29420,INHRR,CEFTRIAXONA SODICA,Ceftriaxona,687,3281
37724,CETERIX 5 MG / 5 ML SOLUCION ORAL,ME43858,INHRR,CETIRIZINA CLORHIDRATO,Cetirizina,710,6544
37725,CETIDEX 5 MG / 5 ML SOLUCION ORAL,ME44376,INHRR,CETIRIZINA DICLORHIDRATO,Cetirizina,710,6544
37727,CETIRIZINA CLORHIDRATO 10 MG X 10 TABLETAS RECUBIERTAS,ME42717,INHRR,CETIRIZINA CLORHIDRATO,Cetirizina,710,6544
37732,CETRAL 10 MG / ML SOLUCION ORAL,ME29123,INHRR,CETIRIZINA CLORHIDRATO,Cetirizina,710,6544
37739,CICLOFTAL1 % SOLUCION OFTALMICA,ME27924,INHRR,CLORHIDRATO DE CICLOPENTOLATO,Ciclopentolato,732,6511
37768,CALCITREX D3 1500 MG - 200 UI X 30 TABLETAS,ME33790,INHRR,CITRATO DE CALCIO,Calcio,571,93
37768,CALCITREX D3 1500 MG - 200 UI X 30 TABLETAS,ME33790,INHRR,CITRATO DE CALCIO,Vitamina D3,3735,
37783,CLINDAMICINA 300 MG X 16 CAPSULAS,ME44654,INHRR,CLORHIDRATO DE CLINDAMICINA,Clindamicina,812,2609
37786,CLOFEN 100 MG X 10 CAPSULAS DE ACCION PROLONGADA,ME29523,INHRR,DICLOFENACO POTASICO,Diclofenaco,1073,2675
37809,CLOPTAN 75 MG X 30 TABLETAS RECUBIERTAS,ME43778,INHRR,CLOPIDOGREL BISULFATO,Clopidogrel,3940,936
37813,CLORACOLD 30 MG - 5 MG / 5 ML SOLUCION ORAL,ME43777,INHRR,AMBROXOL CLORHIDRATO - LORATADINA,Ambroxol,181,5950
37814,DOPALEN 200 MG X 30 CAPSULAS DE LIBERACION PROLONGADA,ME43585/4,INHRR,CLORHIDRATO DE MEBEVERINA - CLORHIDRATO DE MEBEVERINA,Mebeverina,2204,172
37815,DOPALEN 200 MG X 10 CAPSULAS DE LIBERACION PROLONGADA,ME43585/2,INHRR,CLORHIDRATO DE MEBEVERINA - CLORHIDRATO DE MEBEVERINA,Mebeverina,2204,172
37816,DOPALEN 200 MG X 20 CAPSULAS DE LIBERACION PROLONGADA,ME43585/3,INHRR,CLORHIDRATO DE MEBEVERINA - CLORHIDRATO DE MEBEVERINA,Mebeverina,2204,172
37827,COZOMINA T 2 % - 0.5 % SOLUCION OFTALMICA,ME44294,INHRR,TIMOLOL MALEATO - DORZOLAMIDA CLORHIDRATO,Timolol,4196,1797
37827,COZOMINA T 2 % - 0.5 % SOLUCION OFTALMICA,ME44294,INHRR,TIMOLOL MALEATO - DORZOLAMIDA CLORHIDRATO,Dorzolamida,1149,6480
37837,CONTRADOL 100 MG / ML SOLUCION ORAL,ME43002,INHRR,TRAMADOL CLORHIDRATO,Tramadol,3473,5004
37839,CORBIS 10 MG X 30 COMPRIMIDOS RECUBIERTOS,ME40574,INHRR,BISOPROLOL FUMARATO,Bisoprolol,3830,1815
37840,CORBIS 5 MG X 30 COMPRIMIDOS RECUBIERTOS,ME42767,INHRR,BISOPROLOL FUMARATO,Bisoprolol,3830,1815
37850,CORTYNASE PLUS 50 MCG - 140 MCG / DOSIS SUSPENSION NASAL,ME44702,INHRR,MOMETASONA FUROATO - AZELASTINA CLORHIDRATO,Azelastina,362,6541
37867,DECOBEL 0.5 MG X 10 TABLETAS,ME21267/2,INHRR,DEXAMETASONA FOSFATO SÓDICO,Dexametasona,1034,6447
37868,DECOBEL 0.5 MG X 30 TABLETAS,ME21267/3,INHRR,DEXAMETASONA FOSFATO SÓDICO,Dexametasona,1034,6447
37879,DEPOFEM 150MGML X 1 AMPOLLA,ME43769,INHRR,MEDROXIPROGESTERONA ACETATO,Medroxiprogesterona,2213,2842
37880,DERAIN 15 % CREMA,ME25685,INHRR,EXTRACTO ACUOSO DE TRITICUM VULGARE,Azelaico Acido,361,2619
37896,MONTELUKAST - DESLORATADINA 10 MG - 5 MG X 10 TABLETAS RECUBIERTAS,ME43543,INHRR,DESLORATADINA - MONTELUKAST SÓDICO ,Montelukast,2375,6078
37899,DEXAMETASONA 4 MG X 10 COMPRIMIDOS,ME42492/2,INHRR,DEXAMETASONA FOSFATO SÓDICO,Dexametasona,1034,6447
37900,DEXAMETASONA 4 MG X 100 COMPRIMIDOS,ME42492/3,INHRR,DEXAMETASONA FOSFATO SÓDICO,Dexametasona,1034,6447
37903,DEXAMETASONA FOSFATO 8 MG / 2 ML X 1 AMPOLLA,HO43012,INHRR,DEXAMETASONA FOSFATO SÓDICO,Dexametasona,1034,6447
37904,DEXAMETASONA 8 MG / 2 ML X 10 AMPOLLAS,HO42601,INHRR,DEXAMETASONA FOSFATO SÓDICO,Dexametasona,1034,6447
37905,DEXAMETASONA 0.5 MG X 30 TABLETAS,ME26356,INHRR,DEXAMETASONA FOSFATO SÓDICO,Dexametasona,1034,6447
37916,DIAGESIC 75 MG / 3 ML X 1 AMPOLLA,HO33474/2,INHRR,DICLOFENACO POTASICO,Diclofenaco,1073,2675
37917,DIAGESIC 75 MG / 3 ML X 2 AMPOLLAS,HO33474/3,INHRR,DICLOFENACO POTASICO,Diclofenaco,1073,2675
37923,DICLODEX 50 MG X 20 TABLETAS RECUBIERTAS,ME36464,INHRR,DICLOFENAC SODICO,Diclofenaco,1073,2675
37924,DICLOFENAC POT X 6 UNIDADES,MI35435/2,INHRR,DICLOFENACO POTASICO,Diclofenaco,1073,2675
37925,DICLOFENAC POT X 10 UNIDADES,MI35435/3,INHRR,DICLOFENACO POTASICO,Diclofenaco,1073,2675
37926,DICLOFENAC POT X 30 UNIDADES,MI35435/4,INHRR,DICLOFENACO POTASICO,Diclofenaco,1073,2675
37927,DICLOFENACO SODICO 75 MG / 3 ML X 1 AMPOLLA,HO36803/2,INHRR,DICLOFENAC SODICO,Diclofenaco,1073,2675
37928,DICLOFENACO SODICO 75 MG / 3 ML X 10 AMPOLLAS,HO36803/3,INHRR,DICLOFENAC SODICO,Diclofenaco,1073,2675
37933,DICLOFENAC SODICO 50 MG TABLETAS RECUBIERTAS,ME29516,INHRR,DICLOFENAC SODICO,Diclofenaco,1073,2675
37946,DIKLASON 1.8 MG / ML SUSPENSION ORAL,ME34580,INHRR,DICLOFENACO ÁCIDO,Diclofenaco,1073,2675
37949,DILUXEN 60 MG X 20 TABLETAS,ME42159,INHRR,BROMURO DE PIRIDOSTIGMINA,Piridostigmina,2787,5604
37958,DIPIDOL 500 MG / ML X 3 AMPOLLAS,HO30051,INHRR,METAMIZOL SODICO,Metamizol,2271,5041
37979,DONEPEZILO CLORHIDRATO 10 MG X 56 CAPSULAS,ME44460/3,INHRR,CLORHIDRATO DE DONEPEZILO - CLORHIDRATO DE DONEPEZILO,Donepezilo,4026,5588
37980,DONEPEZILO CLORHIDRATO 10 MG X 10 CAPSULAS,ME44460/2,INHRR,CLORHIDRATO DE DONEPEZILO - CLORHIDRATO DE DONEPEZILO,Donepezilo,4026,5588
37981,DORIXINA FLEX 125 MG - 5 MG X 20 COMPRIMIDOS RECUBIERTOS,ME32119/4,INHRR,CLONIXINATO DE LISINA - CICLOBENZAPRINA CLORHIDRATO,Ciclobenzaprina,726,4790
37981,DORIXINA FLEX 125 MG - 5 MG X 20 COMPRIMIDOS RECUBIERTOS,ME32119/4,INHRR,CLONIXINATO DE LISINA - CICLOBENZAPRINA CLORHIDRATO,Clonixino Lisina,831,1222
37982,DORIXINA FLEX 125 MG - 5 MG X 5 COMPRIMIDOS RECUBIERTOS,ME32119/2,INHRR,CLONIXINATO DE LISINA - CICLOBENZAPRINA CLORHIDRATO,Ciclobenzaprina,726,4790
37982,DORIXINA FLEX 125 MG - 5 MG X 5 COMPRIMIDOS RECUBIERTOS,ME32119/2,INHRR,CLONIXINATO DE LISINA - CICLOBENZAPRINA CLORHIDRATO,Clonixino Lisina,831,1222
37983,DORIXINA FLEX 125 MG - 5 MG X 10 COMPRIMIDOS RECUBIERTOS,ME32119/3,INHRR,CLONIXINATO DE LISINA - CICLOBENZAPRINA CLORHIDRATO,Ciclobenzaprina,726,4790
37983,DORIXINA FLEX 125 MG - 5 MG X 10 COMPRIMIDOS RECUBIERTOS,ME32119/3,INHRR,CLONIXINATO DE LISINA - CICLOBENZAPRINA CLORHIDRATO,Clonixino Lisina,831,1222
37992,TAMSULON DUO 0.5 MG - 0.4 MG X 10 CAPSULAS DE LIBERACION PROLONGADA,ME44389/2,INHRR,DUTASTERIDE - CLORHIDRATO DE TAMSULOSINA,Dutasterida,1177,3018
37992,TAMSULON DUO 0.5 MG - 0.4 MG X 10 CAPSULAS DE LIBERACION PROLONGADA,ME44389/2,INHRR,DUTASTERIDE - CLORHIDRATO DE TAMSULOSINA,Tamsulosina,3293,3009
37993,TAMSULON DUO 0.5 MG - 0.4 MG X 30 CAPSULAS DE LIBERACION PROLONGADA,ME44389/3,INHRR,DUTASTERIDE - CLORHIDRATO DE TAMSULOSINA,Dutasterida,1177,3018
37993,TAMSULON DUO 0.5 MG - 0.4 MG X 30 CAPSULAS DE LIBERACION PROLONGADA,ME44389/3,INHRR,DUTASTERIDE - CLORHIDRATO DE TAMSULOSINA,Tamsulosina,3293,3009
38001,LERCANIDIPINA CLORHIDRATO – ENALAPRIL MALEATO 10 MG – 20 MG X 30 COMPRIMIDOS RECUBIERTOS,ME43620,INHRR,MALEATO DE ENALAPRIL - CLORHIDRATO DE LERCANIDIPINO,Lercanidipino,2044,1891
38001,LERCANIDIPINA CLORHIDRATO – ENALAPRIL MALEATO 10 MG – 20 MG X 30 COMPRIMIDOS RECUBIERTOS,ME43620,INHRR,MALEATO DE ENALAPRIL - CLORHIDRATO DE LERCANIDIPINO,Enalapril,1227,1922
38002,LERCANIDIPINA CLORHIDRATO - ENALAPRIL MALEATO 10 MG - 10 MG X 30 COMPRIMIDOS RECUBIERTOS,ME43619,INHRR,MALEATO DE ENALAPRIL - CLORHIDRATO DE LERCANIDIPINO,Lercanidipino,2044,1891
38002,LERCANIDIPINA CLORHIDRATO - ENALAPRIL MALEATO 10 MG - 10 MG X 30 COMPRIMIDOS RECUBIERTOS,ME43619,INHRR,MALEATO DE ENALAPRIL - CLORHIDRATO DE LERCANIDIPINO,Enalapril,1227,1922
38007,ENALAPRIL MALEATO - HIDROCLOROTIAZIDA 20 MG - 12.5 MG TABLETAS,ME44613,INHRR,HIDROCLOROTIAZIDA - MALEATO DE ENALAPRIL,Enalapril,1227,1922
38029,ESOMEPRAZOL 40 MG X 10 TABLETAS RECUBIERTAS,ME35847/2,INHRR,ESOMEPRAZOL MAGNESICO TRIHIDRATO,Esomeprazol Magnesico,1311,130
38030,ESOMEPRAZOL 40 MG X 20 TABLETAS RECUBIERTAS,ME35847/5,INHRR,ESOMEPRAZOL MAGNESICO TRIHIDRATO,Esomeprazol Magnesico,1311,130
38031,ESOMEPRAZOL 40 MG X 16 TABLETAS RECUBIERTAS,ME35847/4,INHRR,ESOMEPRAZOL MAGNESICO TRIHIDRATO,Esomeprazol Magnesico,1311,130
38032,ESOMEPRAZOL 40 MG X 14 TABLETAS RECUBIERTAS,ME35847/3,INHRR,ESOMEPRAZOL MAGNESICO TRIHIDRATO,Esomeprazol Magnesico,1311,130
38033,ESOMEPRAZOL 20 MG X 16 CAPSULAS CON MICROGRANULOS DE LIBERACION ENTERICA,ME37458/2,INHRR,ESOMEPRAZOL MAGNESICO TRIHIDRATO,Esomeprazol Magnesico,1311,130
38034,ESOMEPRAZOL 20 MG X 28 CAPSULAS CON MICROGRANULOS DE LIBERACION ENTERICA,ME37458/3,INHRR,ESOMEPRAZOL MAGNESICO TRIHIDRATO,Esomeprazol Magnesico,1311,130
38036,ESOMEPRAZOL 20 MG X 20 TABLETAS RECUBIERTAS,ME35130/3,INHRR,ESOMEPRAZOL MAGNESICO TRIHIDRATO,Esomeprazol Magnesico,1311,130
38037,ESOMEPRAZOL 20 MG X 14 TABLETAS RECUBIERTAS,ME35130/2,INHRR,ESOMEPRAZOL MAGNESICO TRIHIDRATO,Esomeprazol Magnesico,1311,130
38038,ESOZ 20 MG X 14 TABLETAS RECUBIERTAS,ME35407/3,INHRR,ESOMEPRAZOL MAGNESICO TRIHIDRATO,Esomeprazol Magnesico,1311,130
38039,ESOZ 20 MG X 28 TABLETAS RECUBIERTAS,ME35407/4,INHRR,ESOMEPRAZOL MAGNESICO TRIHIDRATO,Esomeprazol Magnesico,1311,130
38040,ESOZ 20 MG X 7 TABLETAS RECUBIERTAS,ME35407/2,INHRR,ESOMEPRAZOL MAGNESICO TRIHIDRATO,Esomeprazol Magnesico,1311,130
38041,ESOZ 40 MG X 14 TABLETAS RECUBIERTAS DE LIBERACION RETARDADA,ME34984/3,INHRR,ESOMEPRAZOL MAGNESICO TRIHIDRATO,Esomeprazol Magnesico,1311,130
38042,ESOZ 40 MG X 28 TABLETAS RECUBIERTAS DE LIBERACION RETARDADA,ME34984/4,INHRR,ESOMEPRAZOL MAGNESICO TRIHIDRATO,Esomeprazol Magnesico,1311,130
38043,ESOZ 40 MG X 7 TABLETAS RECUBIERTAS DE LIBERACION RETARDADA,ME34984/2,INHRR,ESOMEPRAZOL MAGNESICO TRIHIDRATO,Esomeprazol Magnesico,1311,130
38061,EXOVIS DUO 875 MG - 125 MG X 14 TABLETAS RECUBIERTAS,ME43210,INHRR,AMOXICILINA TRIHIDRATO - CLAVULANATO DE POTASIO,Amoxicilina,221,3196
38072,FENITOINA SODICA 50 MG / ML SOLUCION INYECTABLE,HO41409,INHRR,FENITOINA SODICA,Fenitoina,1428,5122
38079,FERGANIC FOLIC 40 MG - 360 MCG / 15 ML X 20 JARABE,ME33240/3,INHRR,PROTEINA FERRICA - ACIDO FOLICO,Proteinas,2929,792
38080,FERGANIC FOLIC 40 MG - 360 MCG / 15 ML X 1 JARABE,ME33240/2,INHRR,PROTEINA FERRICA - ACIDO FOLICO,Proteinas,2929,792
38081,FERGANIC FOLIC 40 MG - 360 MCG / 15 ML X 30 JARABE,ME33240/4,INHRR,PROTEINA FERRICA - ACIDO FOLICO,Proteinas,2929,792
38088,FEXOFENADINA CLORHIDRATO 180 MG X 10 TABLETAS RECUBIERTAS,ME36163,INHRR,FEXOFENADINA CLORHIDRATO,Fexofenadina,1448,6268
38090,FEXORAT 30 MG / 5 ML SUSPENSION ORAL,ME41359,INHRR,FEXOFENADINA CLORHIDRATO,Fexofenadina,1448,6268
38101,GENLET 200 MG X 10 COMPRIMIDOS RECUBIERTOS,ME40011/2,INHRR,FLAVOXATO CLORHIDRATO,Flavoxato,1461,2969
38102,FLAVOXATO 200 MG X 20 COMPRIMIDOS RECUBIERTOS,ME40011/3,INHRR,FLAVOXATO CLORHIDRATO,Flavoxato,1461,2969
38103,FLAVOXATO 200 MG X 30 TABLETAS RECUBIERTAS,ME44088,INHRR,FLAVOXATO CLORHIDRATO,Flavoxato,1461,2969
38104,FLAVOXATO CLORHIDRATO 200 MG X 10 TABLETAS RECUBIERTAS,ME41029,INHRR,FLAVOXATO CLORHIDRATO,Flavoxato,1461,2969
38105,FLEMIBAR 20 MG - 2500 MG / 5 ML X 3 AMPOLLAS,HO24421,INHRR,N-BUTILBROMURO DE HIOSCINA,Ambroxol,181,5950
38106,FLEMIBAR 10 MG - 250 MG X 10 COMPRIMIDOS RECUBIERTOS,ME24420,INHRR,METAMIZOL SODICO,Metamizol,2271,5041
38107,FLENOX 15 MG / 5 ML SOLUCION ORAL,ME38680,INHRR,AMBROXOL CLORHIDRATO,Ambroxol,181,5950
38131,TIMOLOL - DORZOLAMIDA 0.5 % - 2 % X 28 SOLUCION OFTALMICA,ME44703,INHRR,DORZOLAMIDA CLORHIDRATO - TIMOLOL MALEATO,Timolol,4196,1797
38131,TIMOLOL - DORZOLAMIDA 0.5 % - 2 % X 28 SOLUCION OFTALMICA,ME44703,INHRR,DORZOLAMIDA CLORHIDRATO - TIMOLOL MALEATO,Dorzolamida,1149,6480
38132,FOSFATO DE POTASIO MONOBASICO 1 MEQ / ML SOLUCION INYECTABLE I.V.,HO21515,INHRR,FOSFATO DE POTASIO MONOBASICO,Potasio Fosfato,2851,
38133,FOSFOLIT 21.6 G - 8.1 G / 45 ML SOLUCION ORAL,ME41993,INHRR,FOSFATO DIBASICO DE SODIO,Fosfato Monosodio Dihidrato,1535,
38133,FOSFOLIT 21.6 G - 8.1 G / 45 ML SOLUCION ORAL,ME41993,INHRR,FOSFATO DIBASICO DE SODIO,Fosfato Disodio,1531,
38170,GLIPTIN 500 MG - 50 MG X 10 COMPRIMIDOS RECUBIERTOS,ME44696/2,INHRR,METFORMINA CLORHIDRATO - SITAGLIPTINA FOSFATO MONOHIDRATADO,Metformina,2280,598
38170,GLIPTIN 500 MG - 50 MG X 10 COMPRIMIDOS RECUBIERTOS,ME44696/2,INHRR,METFORMINA CLORHIDRATO - SITAGLIPTINA FOSFATO MONOHIDRATADO,Sitagliptina,3184,651
38171,GLIPTIN 500 MG - 50 MG X 30 COMPRIMIDOS RECUBIERTOS,ME44696/3,INHRR,METFORMINA CLORHIDRATO - SITAGLIPTINA FOSFATO MONOHIDRATADO,Metformina,2280,598
38171,GLIPTIN 500 MG - 50 MG X 30 COMPRIMIDOS RECUBIERTOS,ME44696/3,INHRR,METFORMINA CLORHIDRATO - SITAGLIPTINA FOSFATO MONOHIDRATADO,Sitagliptina,3184,651
38184,GYNOMET 750 MG - 200 MG X 7 OVULOS,ME43566,INHRR,NITRATO DE MICONAZOL - METRONIDAZOL,Miconazol,2332,456
38187,HEPAFOL B12 X 30 TABLETAS RECUBIERTAS,ME28801,INHRR,ACIDO FOLICO - SULFATO DE COBRE,Cobre,3857,6733
38190,LOSARTAN POTASICO - HIDROCLOROTIAZIDA 100 MG - 25 MG X 30 COMPRIMIDOS RECUBIERTOS,ME35183/3,INHRR,LOSARTAN POTASICO - HIDROCLOROTIAZIDA,Losartan,2131,1968
38191,LOSARTAN POTASICO - HIDROCLOROTIAZIDA 100 MG - 25 MG X 10 COMPRIMIDOS RECUBIERTOS,ME35183/2,INHRR,LOSARTAN POTASICO - HIDROCLOROTIAZIDA,Losartan,2131,1968
38193,LOSARTAN POTASICO - HIDROCLOROTIAZIDA 50 MG -12.5 MG X 30 TABLETAS RECUBIERTAS,ME31250/3,INHRR,LOSARTAN POTASICO - HIDROCLOROTIAZIDA,Losartan,2131,1968
38194,LOSARTAN POTASICO - HIDROCLOROTIAZIDA 50 MG -12.5 MG X 10 TABLETAS RECUBIERTAS,ME31250/2,INHRR,LOSARTAN POTASICO - HIDROCLOROTIAZIDA,Losartan,2131,1968
38202,HISTIVERT 16 MG X 30 COMPRIMIDOS,ME41648,INHRR,BETAHISTINA CLORHIDRATO,Betahistina,453,5638
38203,HISTIVERT 24 MG X 30 COMPRIMIDOS,ME41649,INHRR,BETAHISTINA CLORHIDRATO,Betahistina,453,5638
38204,IBANDROMET 150 MG X 1 TABLETA RECUBIERTA,ME38784,INHRR,ACIDO IBANDRONICO,Acido Ibandronico Sodio Monohidrato,61,4828
38212,IBUN 600 MG X 10 TABLETAS RECUBIERTAS,ME44745,INHRR,IBUPROFENO DC 90,Ibuprofeno,3877,4605
38252,IPROXIN 750 MG X 10 TABLETAS RECUBIERTAS,ME44404,INHRR,CIPROFLOXACINO CLORHIDRATO,Ciprofloxacino,764,6356
38262,ITRASEC 33.33 MG – 166.66 MG X 12 CAPSULAS,ME44504,INHRR,SECNIDAZOL - ITRACONAZOL,Secnidazol Anhidro,3131,5682
38264,IZABAN 10 MG X 30 COMPRIMIDOS RECUBIERTOS,ME43469,INHRR,EMPAGLIFLOZINA - DICLOFENAC DIETILAMONIO - MALEATO DE TRIMEBUTINA,Trimebutina,3514,173
38264,IZABAN 10 MG X 30 COMPRIMIDOS RECUBIERTOS,ME43469,INHRR,EMPAGLIFLOZINA - DICLOFENAC DIETILAMONIO - MALEATO DE TRIMEBUTINA,Diclofenaco Dietilamina,1074,2675
38270,KELAC 30 MG / ML X 1 AMPOLLA,HO30748/2,INHRR,KETOROLAC TROMETAMINA,Ketorolaco Trometamol,1957,1161
38271,KELAC 30 MG / ML X 3 AMPOLLAS,HO30748/3,INHRR,KETOROLAC TROMETAMINA,Ketorolaco Trometamol,1957,1161
38272,KELAC 30 MG / ML X 4 AMPOLLAS,HO30748/4,INHRR,KETOROLAC TROMETAMINA,Ketorolaco Trometamol,1957,1161
38295,KETOREL 30 MG X 4 COMPRIMIDOS ORODISPERSABLE,ME42483,INHRR,KETOROLAC TROMETAMINA,Ketorolaco Trometamol,1957,1161
38299,KETOROLAC TROMETAMINA 20 MG X 10 COMPRIMIDOS,ME36886,INHRR,KETOROLAC TROMETAMINA,Ketorolaco Trometamol,1957,1161
38304,KLAS 100 MG X 20 CAPSULAS,ME25409,INHRR,ACEBROFILINA,Claritromicina,801,3365
38308,LARFACAINA 2 MG - 1.5 MG X 16 PASTILLAS SABOR A TUTTI - FRUTTI,ME16175,INHRR,CLORURO DE CETILPIRIDINIO - CLORHIDRATO DE LIDOCAINA,Lidocaina,2081,1297
38308,LARFACAINA 2 MG - 1.5 MG X 16 PASTILLAS SABOR A TUTTI - FRUTTI,ME16175,INHRR,CLORURO DE CETILPIRIDINIO - CLORHIDRATO DE LIDOCAINA,Cetilpiridinio,3925,2533
38319,LEPTAZINE 10 MG X 24 COMPRIMIDOS,ME17826,INHRR,TRIFLUOPERAZINA CLORHIDRATO,Trifluoperazina,4246,5239
38321,DIHIDROLIP 20 MG X 10 COMPRIMIDOS RECUBIERTOS,ME44041/2,INHRR,CLORHIDRATO DE LERCANIDIPINO,Lercanidipino,2044,1891
38322,LERCANIDIPINO 20 MG X 30 COMPRIMIDOS RECUBIERTOS,ME44041/3,INHRR,CLORHIDRATO DE LERCANIDIPINO,Lercanidipino,2044,1891
38323,LERCANIDIPINO CLOHIDRATO 10 MG X 30 TABLETAS RECUBIERTAS,ME43991,INHRR,CLORHIDRATO DE LERCANIDIPINO,Lercanidipino,2044,1891
38324,LERCANIDIPNO 20 MG X 30 TABLETAS RECUBIERTAS,ME44311,INHRR,CLORHIDRATO DE LERCANIDIPINO,Lercanidipino,2044,1891
38332,LEVOFLOXACINA 500 MG / 100 ML SOLUCION PARA INFUSION INTRAVENOSA,HO37449,INHRR,LEVOFLOXACINA,Levofloxacino,2067,6358
38333,LEVOFLOXACINO 500 MG X 10 TABLETAS RECUBIERTAS,ME43817,INHRR,LEVOFLOXACINA,Levofloxacino,2067,6358
38334,LEVOFLOXACINA 500 MG X 10 COMPRIMIDOS RECUBIERTOS,ME32188,INHRR,LEVOFLOXACINA,Levofloxacino,2067,6358
38335,LEVOFLOXACINA 750 MG X 5 TABLETAS RECUBIERTAS,ME43531/2,INHRR,LEVOFLOXACINA HEMIHIDRATO,Levofloxacino,2067,6358
38336,LEVOFLOXACINA 750 MG X 7 TABLETAS RECUBIERTAS,ME43531/3,INHRR,LEVOFLOXACINA HEMIHIDRATO,Levofloxacino,2067,6358
38337,LEVOFLOXACINA 750 MG X 10 TABLETAS RECUBIERTAS,ME43531/4,INHRR,LEVOFLOXACINA HEMIHIDRATO,Levofloxacino,2067,6358
38338,LEVOFLOXACINA 500 MG X 10 TABLETAS RECUBIERTAS,ME35920/3,INHRR,LEVOFLOXACINA,Levofloxacino,2067,6358
38339,LEVOFLOXACINA 500 MG X 7 TABLETAS RECUBIERTAS,ME35920/2,INHRR,LEVOFLOXACINA,Levofloxacino,2067,6358
38340,LEVOFLOXACINO 500 MG X 7 TABLETAS RECUBIERTAS,ME38925/3,INHRR,LEVOFLOXACINA,Levofloxacino,2067,6358
38341,LEVOFLOXACINO 500 MG X 10 TABLETAS RECUBIERTAS,ME38925/4,INHRR,LEVOFLOXACINA,Levofloxacino,2067,6358
38342,LEVOFLOXACINO 500 MG X 5 TABLETAS RECUBIERTAS,ME38925/2,INHRR,LEVOFLOXACINA,Levofloxacino,2067,6358
38343,LEVOFLOXACINO 750 MG X 5 TABLETAS RECUBIERTAS,ME38926,INHRR,LEVOFLOXACINA,Levofloxacino,2067,6358
38349,LEVOTIROXINA SODICA 100 MCG X 10 TABLETAS,ME42576/2,INHRR,LEVOTIROXINA SODICA,Levotiroxina,2078,3113
38350,LEVOTIROXINA SODICA 100 MCG X 50 TABLETAS,ME42576/3,INHRR,LEVOTIROXINA SODICA,Levotiroxina,2078,3113
38351,LEVOTIROXINA SODICA 50 MCG X 50 TABLETAS,ME43141,INHRR,LEVOTIROXINA SODICA,Levotiroxina,2078,3113
38354,LIDOCAINA 2 % CON ADRENALINA 1: 80.000 SOLUCION INYECTABLE,HO43916,INHRR,ADRENALINA - CLORHIDRATO DE LIDOCAINA,Lidocaina,2081,1297
38359,LIPEND 10 MG X 30 COMPRIMIDOS RECUBIERTOS,ME44241,INHRR,CLORHIDRATO DE LERCANIDIPINO,Lercanidipino,2044,1891
38360,LIPEND 20 MG X 30 COMPRIMIDOS RECUBIERTOS,ME44242,INHRR,CLORHIDRATO DE LERCANIDIPINO,Lercanidipino,2044,1891
38366,LODESTAR 100 MG X 30 TABLETAS RECUBIERTAS,ME43571,INHRR,LOSARTAN POTASICO,Losartan,2131,1968
38367,LODESTAR HCT 50 MG - 12.5 MG X 30 TABLETAS RECUBIERTAS,ME41446,INHRR,LOSARTAN POTASICO - HIDROCLOROTIAZIDA,Losartan,2131,1968
38374,LONGACEF 400 MG X 5 CAPSULAS,ME39217,INHRR,CEFIXIMA TRIHIDRATO,Cefixima,675,3285
38385,LORATADINA - AMBROXOL CLORHIDRATO 5 MG - 30 MG / 5 ML SOLUCION ORAL,ME40440,INHRR,LORATADINA - AMBROXOL CLORHIDRATO,Ambroxol,181,5950
38389,LORATADINA - AMBROXOL CLORHIDRATO 5 MG - 30 MG X 10 TABLETAS,ME43383,INHRR,AMBROXOL CLORHIDRATO - LORATADINA,Ambroxol,181,5950
38395,LOSARTAN POTASICO 50 MG X 30 COMPRIMIDOS RECUBIERTOS,ME29469/4,INHRR,LOSARTAN POTASICO,Losartan,2131,1968
38396,LOSARTAN POTASICO 50 MG X 10 COMPRIMIDOS RECUBIERTOS,ME29469/2,INHRR,LOSARTAN POTASICO,Losartan,2131,1968
38397,LOSARTAN POTASICO 50 MG X 20 COMPRIMIDOS RECUBIERTOS,ME29469/3,INHRR,LOSARTAN POTASICO,Losartan,2131,1968
38399,LOSARTAN POTASICO - HIDROCLOROTIAZIDA 100 MG - 25 MG X 10 TABLETAS RECUBIERTAS,ME37542/2,INHRR,LOSARTAN POTASICO - HIDROCLOROTIAZIDA,Losartan,2131,1968
38400,LOSARTAN POTASICO - HIDROCLOROTIAZIDA 100 MG - 25 MG X 30 TABLETAS RECUBIERTAS,ME37542/3,INHRR,LOSARTAN POTASICO - HIDROCLOROTIAZIDA,Losartan,2131,1968
38401,LOSARTAN POTASICO 50 MG X 30 TABLETAS RECUBIERTAS,ME35008,INHRR,LOSARTAN POTASICO,Losartan,2131,1968
38404,LOSARTAN POTASICO 50 MG X 30 TABLETAS RECUBIERTAS,ME42945,INHRR,LOSARTAN POTASICO,Losartan,2131,1968
38405,LOSARTAN POTASICO - HIDROCLOROTIZADA 100 MG - 25 MG X 10 TABLETAS RECUBIERTAS,ME36110/2,INHRR,LOSARTAN POTASICO - HIDROCLOROTIAZIDA,Losartan,2131,1968
38406,LOSARTAN POTASICO - HIDROCLOROTIZADA 100 MG - 25 MG X 30 TABLETAS RECUBIERTAS,ME36110/3,INHRR,LOSARTAN POTASICO - HIDROCLOROTIAZIDA,Losartan,2131,1968
38407,LOSARTAN POTASICO 50 MG X 10 TABLETAS RECUBIERTAS,ME31205/2,INHRR,LOSARTAN POTASICO,Losartan,2131,1968
38408,LOSARTAN POTASICO 50 MG X 30 TABLETAS RECUBIERTAS,ME31205/4,INHRR,LOSARTAN POTASICO,Losartan,2131,1968
38409,LOSARTAN POTASICO 50 MG X 20 TABLETAS RECUBIERTAS,ME31205/3,INHRR,LOSARTAN POTASICO,Losartan,2131,1968
38410,LOSARTAN POTASICO 50 MG X 30 TABLETAS RECUBIERTAS,ME34265,INHRR,LOSARTAN POTASICO,Losartan,2131,1968
38411,LOSARTAN POTASICO 100 MG X 30 COMPRIMIDOS RECUBIERTOS,ME34979,INHRR,LOSARTAN POTASICO,Losartan,2131,1968
38412,LOTEMICIN 0.5 % - 0.3 % SUSPENSION OFTALMICA,ME38053,INHRR,TOBRAMICINA SULFATO,Tobramicina,3442,3385
38420,MADECASSOL 1 % UNGUENTO,ME14881,productos.molecula,Centella asiatica,Centella Asiatica Exto,703,6619
38431,MATILOL 0.5 % SOLUCION OFTALMICA,ME23582,INHRR,TIMOLOL MALEATO,Timolol,4196,1797
38432,MAXIFUR 50 MG X 30 CAPSULAS,ME44317,INHRR,NITROFURANTOINA MACROCRISTALES,Nitrofurantoina,2518,3455
38434,MEDROXIPROGESTERONA 10 MG X 10 TABLETAS,ME43537/2,INHRR,MEDROXIPROGESTERONA ACETATO,Medroxiprogesterona,2213,2842
38435,MEDROXIPROGESTERONA 10 MG X 28 TABLETAS,ME43537/3,INHRR,MEDROXIPROGESTERONA ACETATO,Medroxiprogesterona,2213,2842
38436,MELIF 50 MG - 500 MG X 30 COMPRIMIDOS RECUBIERTOS,ME44574,INHRR,METFORMINA CLORHIDRATO - SITAGLIPTINA CLORHIDRATO,Sitagliptina,3184,651
38436,MELIF 50 MG - 500 MG X 30 COMPRIMIDOS RECUBIERTOS,ME44574,INHRR,METFORMINA CLORHIDRATO - SITAGLIPTINA CLORHIDRATO,Metformina,2280,598
38452,CLORHIDRATO DE METFORMINA 500 MG X 30 TABLETAS RECUBIERTAS,ME37735,INHRR,METFORMINA CLORHIDRATO,Metformina,2280,598
38453,METFORMINA CLORHIDRATO 850 MG X 30 TABLETAS RECUBIERTAS,ME43925/4,INHRR,CLORHIDRATO DE METFORMINA CD 95% - METFORMINA CLORHIDRATO,Metformina,2280,598
38453,METFORMINA CLORHIDRATO 850 MG X 30 TABLETAS RECUBIERTAS,ME43925/4,INHRR,CLORHIDRATO DE METFORMINA CD 95% - METFORMINA CLORHIDRATO,(+)-tetrabenazina,3360,5286
38454,METFORMINA CLORHIDRATO 850 MG X 14 TABLETAS RECUBIERTAS,ME43925/2,INHRR,CLORHIDRATO DE METFORMINA CD 95% - METFORMINA CLORHIDRATO,Metformina,2280,598
38454,METFORMINA CLORHIDRATO 850 MG X 14 TABLETAS RECUBIERTAS,ME43925/2,INHRR,CLORHIDRATO DE METFORMINA CD 95% - METFORMINA CLORHIDRATO,(+)-tetrabenazina,3360,5286
38455,METFORMINA CLORHIDRATO 850 MG X 28 TABLETAS RECUBIERTAS,ME43925/3,INHRR,CLORHIDRATO DE METFORMINA CD 95% - METFORMINA CLORHIDRATO,Metformina,2280,598
38455,METFORMINA CLORHIDRATO 850 MG X 28 TABLETAS RECUBIERTAS,ME43925/3,INHRR,CLORHIDRATO DE METFORMINA CD 95% - METFORMINA CLORHIDRATO,(+)-tetrabenazina,3360,5286
38459,METFORMINA 500 MG X 30 TABLETAS RECUBIERTAS,ME44619,INHRR,METFORMINA CLORHIDRATO,Metformina,2280,598
38467,METOCLOPRAMIDA 10 MG / 2 ML X 3 AMPOLLAS,HO44684,INHRR,CLORHIDRATO DE METOCLOPRAMIDA ,Metoclopramida,2307,288
38484,METRONIDAZOL - MICONAZOL 750 MG - 200 MG X 6 OVULOS,ME43956,INHRR,METRONIDAZOL - NITRATO DE MICONAZOL,Miconazol,2332,456
38487,MICROSER 16 MG X 20 TABLETAS,ME34758,INHRR,BETAHISTINA DICLORHIDRATO,Betahistina,453,5638
38502,MISULVAN 30 MG / 5 ML JARABE,ME28425,INHRR,AMBROXOL CLORHIDRATO,Ambroxol,181,5950
38503,MISULVAN FORTE 30 MG - 5 MG / 5 ML SOLUCION ORAL,ME42742,INHRR,AMBROXOL CLORHIDRATO - LORATADINA,Ambroxol,181,5950
38516,MOXIFLOXACINA 400 MG X 7 TABLETAS RECUBIERTAS,ME37148,INHRR,MOXIFLOXACINO CLORHIDRATO,Moxifloxacino,2384,6360
38517,MOXIFLOXACINA 400 MG X 10 COMPRIMIDOS RECUBIERTOS,ME36486,INHRR,MOXIFLOXACINO CLORHIDRATO,Moxifloxacino,2384,6360
38518,MOXIFLOXACINA 400 MG X 5 TABLETAS RECUBIERTAS,ME37302,INHRR,MOXIFLOXACINO CLORHIDRATO,Moxifloxacino,2384,6360
38522,MUCOXOL 30 MG / 5 ML JARABE,ME43440,INHRR,AMBROXOL CLORHIDRATO,Ambroxol,181,5950
38532,TRASS (NAPROXENO SODICO 500 MG + SUMATRIPTAN 85 MG) X 10 TABLETAS RECUBIERTAS,ME43615,INHRR,SUCCINATO DE SUMATRIPTAN - NAPROXENO SODICO,Naproxeno,2418,2796
38532,TRASS (NAPROXENO SODICO 500 MG + SUMATRIPTAN 85 MG) X 10 TABLETAS RECUBIERTAS,ME43615,INHRR,SUCCINATO DE SUMATRIPTAN - NAPROXENO SODICO,Sumatriptan,3262,5090
38533,NEFROTAL AMLO 50 MG - 5 MG X 30 COMPRIMIDOS,ME41823,INHRR,LOSARTAN POTASICO,Losartan,2131,1968
38534,NEFROTAL H 50 MG - 12.5 MG X 30 COMPRIMIDOS RECUBIERTOS,ME31384/5,INHRR,LOSARTAN POTASICO - HIDROCLOROTIAZIDA,Losartan,2131,1968
38535,NEFROTAL H 50 MG - 12.5 MG X 15 COMPRIMIDOS RECUBIERTOS,ME31384/4,INHRR,LOSARTAN POTASICO - HIDROCLOROTIAZIDA,Losartan,2131,1968
38536,NEFROTAL H 50 MG - 12.5 MG X 10 COMPRIMIDOS RECUBIERTOS,ME31384/2,INHRR,LOSARTAN POTASICO - HIDROCLOROTIAZIDA,Losartan,2131,1968
38537,NEFROTAL H 50 MG - 12.5 MG X 14 COMPRIMIDOS RECUBIERTOS,ME31384/3,INHRR,LOSARTAN POTASICO - HIDROCLOROTIAZIDA,Losartan,2131,1968
38538,NEFROTAL 100 MG X 30 COMPRIMIDOS RECUBIERTOS,ME35488/4,INHRR,LOSARTAN POTASICO,Losartan,2131,1968
38539,NEFROTAL 100 MG X 10 COMPRIMIDOS RECUBIERTOS,ME35488/2,INHRR,LOSARTAN POTASICO,Losartan,2131,1968
38540,NEFROTAL 100 MG X 14 COMPRIMIDOS RECUBIERTOS,ME35488/3,INHRR,LOSARTAN POTASICO,Losartan,2131,1968
38550,NEUROMIX X 30 SOLUCION ORAL,ME43041,INHRR,RIBOFLAVINA FOSFATO SODICO - TIAMINA - CIANOCOBALAMINA - PIRIDOXINA - NICOTINAMIDA,Riboflavina,3019,731
38552,NIFEDIPINA 10 MG X 14 CAPSULAS,ME28779,INHRR,NIFEDIPINA,Nifedipino,4045,1883
38553,NIFEDIPINA 10 MG X 30 COMPRIMIDOS DISPERSABLES,ME25984/3,INHRR,NIFEDIPINA,Nifedipino,4045,1883
38554,NIFEDIPINA 10 MG X 10 COMPRIMIDOS DISPERSABLES,ME25984/2,INHRR,NIFEDIPINA,Nifedipino,4045,1883
38555,NIFEDIPINO 10 MG X 30 TABLETAS RECUBIERTAS,ME43990,INHRR,NIFEDIPINA,Nifedipino,4045,1883
38564,NITROFURANTOINA 50 MG X 10 TABLETAS RECUBIERTAS,ME44220/2,INHRR,NITROFURANTOINA MACROCRISTALES,Nitrofurantoina,2518,3455
38565,NITROFURANTOINA 50 MG X 30 TABLETAS RECUBIERTAS,ME44220/3,INHRR,NITROFURANTOINA MACROCRISTALES,Nitrofurantoina,2518,3455
38578,NOVARONA 200 MG X 10 COMPRIMIDOS,ME23563,INHRR,AMIODARONA CLORHIDRATO,Amiodarona,206,1308
38582,OFAFLAN 50 MG X 10 COMPRIMIDOS CON CUBIERTA ENTERICA,ME38888,INHRR,DICLOFENACO POTASICO,Diclofenaco,1073,2675
38583,DICLOFENAC POTASICO 15 MG / ML SUSPENSION ORAL,ME38330,INHRR,DICLOFENACO POTASICO,Diclofenaco,1073,2675
38603,OMEPRAZOL 20 MG X 10 CAPSULAS GASTRORRESISTENTES,ME43675/4,INHRR,OMEPRAZOL  - OMEPRAZOL PELLET 7.5%,(+)-tetrabenazina,3360,5286
38604,OMEPRAZOL 20 MG X 20 CAPSULAS GASTRORRESISTENTES,ME43675/5,INHRR,OMEPRAZOL  - OMEPRAZOL PELLET 7.5%,(+)-tetrabenazina,3360,5286
38605,OMEPRAZOL 20 MG X 30 CAPSULAS GASTRORRESISTENTES,ME43675/6,INHRR,OMEPRAZOL  - OMEPRAZOL PELLET 7.5%,(+)-tetrabenazina,3360,5286
38606,OMEPRAZOL 20 MG X 7 CAPSULAS GASTRORRESISTENTES,ME43675/2,INHRR,OMEPRAZOL  - OMEPRAZOL PELLET 7.5%,(+)-tetrabenazina,3360,5286
38607,OMEPRAZOL 20 MG X 8 CAPSULAS GASTRORRESISTENTES,ME43675/3,INHRR,OMEPRAZOL  - OMEPRAZOL PELLET 7.5%,(+)-tetrabenazina,3360,5286
38613,OMEPRAZOL 40 MG X 1 AMPOLLA,HO33836,INHRR,OMEPRAZOL SODICO,Omeprazol,2584,130
38623,SUEROLITO ZINC 75 MEQ / L SOLUCION ELECTROLITICA USO ORAL SABOR A FRUTAS TROPICALES,ME44637,INHRR,CLORURO DE SODIO - CITRATO DE SODIO DIHIDRATO - DEXTROSA ANHIDRA - GLUCONATO DE ZINC - CLORURO DE POTASIO - GLUCONATO DE,Zinc,4009,164
38623,SUEROLITO ZINC 75 MEQ / L SOLUCION ELECTROLITICA USO ORAL SABOR A FRUTAS TROPICALES,ME44637,INHRR,CLORURO DE SODIO - CITRATO DE SODIO DIHIDRATO - DEXTROSA ANHIDRA - GLUCONATO DE ZINC - CLORURO DE POTASIO - GLUCONATO DE,Dextrosa,1055,
38624,ORALZINC SALES DE REHIDRATACION X 1 POLVO PARA SOLUCION ORAL SABOR A COCO,ME41670,INHRR,CITRATO DE SODIO DIHIDRATO - CLORURO DE POTASIO - CLORURO DE SODIO - DEXTROSA ANHIDRA - SULFATO DE ZINC HEPTAHIDRATO,Dextrosa,1055,
38630,OXIDREN 150 MG X 1 COMPRIMIDO RECUBIERTO,ME38580,INHRR,RISEDRONATO SODICO,Risedronato Sodio,3037,
38632,OXOLAMINA CITRATO 50 MG / 5 ML JARABE,ME26219,INHRR,OXOLAMINA CITRATO,Oxolamina,4270,6151
38640,PASIM PLUS 10 MG - 500 MG X 10 COMPRIMIDOS RECUBIERTOS,ME43713,INHRR,ACETAMINOFEN DC 90% - N-BUTILBROMURO DE HIOSCINA - ACETAMINOFEN,(+)-tetrabenazina,3360,5286
38642,PASIM 10 MG / ML SOLUCION ORAL,ME41590,INHRR,N-BUTILBROMURO DE HIOSCINA,Butilescopolamina Bromuro,553,237
38643,PASOLAX POLVO PARA SOLUCION ORAL,ME42399,INHRR,POLIETILENGLICOL 3350,Senosidos A-b,3144,
38658,PERTEN 1 % GEL TOPICO,ME40673,INHRR,TERBINAFINA,Clotrimazol,878,2720
38662,PIMADOL 10 MG X 10 TABLETAS RECUBIERTAS,ME44538,INHRR,N-BUTILBROMURO DE HIOSCINA,Butilescopolamina Bromuro,553,237
38665,PINAVIX 100 MG X 30 COMPRIMIDOS RECUBIERTOS,ME40606/3,INHRR,BROMURO DE PINAVERIO,Pinaverio,2772,218
38666,PINAVIX 100 MG X 20 COMPRIMIDOS RECUBIERTOS,ME40606/2,INHRR,BROMURO DE PINAVERIO,Pinaverio,2772,218
38671,PLIDAN COMPUESTO 10 MG / 125 MG X 10 COMPRIMIDOS RECUBIERTOS,ME31051,INHRR,CLONIXINATO DE LISINA,Clonixino Lisina,831,1222
38672,PLIDAN COMPUESTO 15 MG / 2 ML - 100 MG / 2 ML X 1 AMPOLLA,HO31052/2,INHRR,CLONIXINATO DE LISINA,Clonixino Lisina,831,1222
38673,PLIDAN COMPUESTO 15 MG / 2 ML - 100 MG / 2 ML X 2 AMPOLLAS,HO31052/3,INHRR,CLONIXINATO DE LISINA,Clonixino Lisina,831,1222
38682,PRENIL 3 MG / 1 ML SOLUCION ORAL,ME44096,INHRR,FOSFATO SODICO DE PREDNISOLONA,Prednisolona,2873,3087
38706,PROXIME 750 MG X 5 COMPRIMIDOS RECUBIERTOS,ME35378,INHRR,LEVOFLOXACINA,Levofloxacino,2067,6358
38713,QUETIVAL 200 MG X 30 TABLETAS RECUBIERTAS,ME43563,INHRR,QUETIAPINA FUMARATO,Quetiapina,2948,5281
38715,QUINOMAX 0.5 % SOLUCION OFTALMICA,ME35503,INHRR,MOXIFLOXACINO CLORHIDRATO,Moxifloxacino,2384,6360
38722,REGULIP 20 MG X 30 TABLETAS,ME39265,INHRR,ROSUVASTATINA CALCICA,Rosuvastatina,3060,2020
38724,REUMAQUINE 200 MG X 20 TABLETAS RECUBIERTAS,ME44650,INHRR,SULFATO DE HIDROXICLOROQUINA,Hidroxicloroquina,1758,5711
38741,RISTONEL 100 MG X 30 COMPRIMIDOS RECUBIERTOS,ME44735,INHRR,SACUBITRILO SODICO - VALSARTAN,Sacubitrilo,3096,1998
38742,RISTONEL 50 MG X 30 COMPRIMIDOS RECUBIERTOS,ME44734,INHRR,SACUBITRILO SODICO - VALSARTAN,Sacubitrilo,3096,1998
38747,RONARES 500 MG - 4 MG X 10 COMPRIMIDOS,ME43974,INHRR,ACETAMINOFEN - CLORFENIRAMINA MALEATO,Clorfeniramina,847,2282
38748,ROSUTAN 10 MG X 30 TABLETAS RECUBIERTAS,ME44475,INHRR,ROSUVASTATINA CALCICA,Rosuvastatina,3060,2020
38758,ROWELUK 4 MG X 30 COMPRIMIDOS MASTICABLES,ME37200/3,INHRR,MONTELUKAST SÓDICO,Montelukast,2375,6078
38759,ROWELUK 4 MG X 10 COMPRIMIDOS MASTICABLES,ME37200/2,INHRR,MONTELUKAST SÓDICO,Montelukast,2375,6078
38760,RUBIZON 20 MG X 35 TABLETAS RECUBIERTAS,ME43848,INHRR,ROSUVASTATINA CALCICA,Rosuvastatina,3060,2020
38765,SAVER 200 MG / 5 ML X 37 POLVO PARA SUSPENSION ORAL,ME38854,INHRR,AZITROMICINA DIHIDRATO,Azitromicina,366,3366
38767,SECNIDAZOL 500 MG X 4 TABLETAS RECUBIERTAS,ME30953,INHRR,SECNIDAZOL,Secnidazol Anhidro,3131,5682
38768,SECNIDAZOL 1 G COMPRIMIDOS RECUBIERTOS,ME32717,INHRR,SECNIDAZOL,Secnidazol Anhidro,3131,5682
38769,SECNIDAZOL 1 G X 2 TABLETAS RECUBIERTAS,ME37061,INHRR,SECNIDAZOL,Secnidazol Anhidro,3131,5682
38770,SECNIDAZOL 1 G X 2 TABLETAS RECUBIERTAS,ME31560,INHRR,SECNIDAZOL,Secnidazol Anhidro,3131,5682
38771,SECNIDAZOL 500 MG X 4 COMPRIMIDOS,ME37852,INHRR,SECNIDAZOL,Secnidazol Anhidro,3131,5682
38772,SECNIDAZOL 1 G X 2 TABLETAS RECUBIERTAS,ME37617,INHRR,SECNIDAZOL,Secnidazol Anhidro,3131,5682
38773,SECNIDEX 500 MG X 4 TABLETAS RECUBIERTAS,ME37680,INHRR,SECNIDAZOL,Secnidazol Anhidro,3131,5682
38774,SELENE 400 UI - 70 MCG X 30 CAPSULAS BLANDAS,ME33722,INHRR,VITAMINA E - SELENIO,Vitamina A,3724,6805
38775,SELENE 100 UI - 70 MCG X 60 CAPSULAS BLANDAS,ME37708,INHRR,VITAMINA E - SELENIO,Vitamina A,3724,6805
38790,SIGLUTAN 50 MG-500 MG X 30 TABLETAS RECUBIERTAS,ME44582,INHRR,SITAGLIPTINA FOSFATO MONOHIDRATADO - METFORMINA CLORHIDRATO,Metformina,2280,598
38790,SIGLUTAN 50 MG-500 MG X 30 TABLETAS RECUBIERTAS,ME44582,INHRR,SITAGLIPTINA FOSFATO MONOHIDRATADO - METFORMINA CLORHIDRATO,Sitagliptina,3184,651
38791,SILDENAFILO 50 MG X 1 TABLETA RECUBIERTA,ME43690/2,INHRR,CITRATO DE SILDENAFIL,Sildenafilo,3165,2984
38792,SILDENAFILO 50 MG X 2 TABLETAS RECUBIERTAS,ME43690/3,INHRR,CITRATO DE SILDENAFIL,Sildenafilo,3165,2984
38793,SILDENAFILO 50 MG X 4 TABLETAS RECUBIERTAS,ME43690/4,INHRR,CITRATO DE SILDENAFIL,Sildenafilo,3165,2984
38802,METFORMINA CLORHIDRATO - SITAGLIPTINA 850 MG - 50 MG X 28 TABLETAS RECUBIERTAS,ME44367,INHRR,SITAGLIPTINA FOSFATO MONOHIDRATADO - METFORMINA CLORHIDRATO,Sitagliptina,3184,651
38802,METFORMINA CLORHIDRATO - SITAGLIPTINA 850 MG - 50 MG X 28 TABLETAS RECUBIERTAS,ME44367,INHRR,SITAGLIPTINA FOSFATO MONOHIDRATADO - METFORMINA CLORHIDRATO,Metformina,2280,598
38806,SUCRALFATO 100 MG / ML SUSPENSION ORAL,ME44260,INHRR,SUCRALFATO POLVO,Sucralfato,4236,148
38810,SULFATO DE MAGNESIO 10 % SOLUCION INYECTABLE,HO37696,INHRR,SULFATO DE MAGNESIO,Citrato Magnesio,788,
38817,SUPRAMYCINA FORTE 200 MG X 10 TABLETAS,ME28856,INHRR,DOXICICLINA MONOHIDRATO,Doxiciclina,1156,49
38818,SUPRAMYCINA 100 MG X 10 TABLETAS,ME28673,INHRR,DOXICICLINA MONOHIDRATO,Doxiciclina,1156,49
38823,TACROLIMUS 0.03 % UNGUENTO,ME44534,INHRR,TACROLIMUS MONOHIDRATO,Tacrolimus,3274,2646
38832,TALERC 10 MG X 10 COMPRIMIDOS,ME32057,INHRR,CETIRIZINA DICLORHIDRATO,Cetirizina,710,6544
38836,TALZIC 10 MG / ML SOLUCION ORAL,ME29348,INHRR,CETIRIZINA DICLORHIDRATO,Cetirizina,710,6544
38837,TALZIC 1 MG / ML SOLUCION ORAL,ME32457,INHRR,CETIRIZINA DICLORHIDRATO,Cetirizina,710,6544
38849,TENSOMAX 30 MG X 30 CAPSULAS DE LIBERACION PROLONGADA,ME28561/3,INHRR,NIFEDIPINA,Nifedipino,4045,1883
38850,TENSOMAX 30 MG X 10 CAPSULAS DE LIBERACION PROLONGADA,ME28561/2,INHRR,NIFEDIPINA,Nifedipino,4045,1883
38851,TENSOPIN 20 MG / ML SOLUCION ORAL,ME24973,INHRR,NIFEDIPINA,Nifedipino,4045,1883
38853,TERAGRIPFORTE 650 MG-20 MG-2 MG X 6 GRANULADO PARA SOLUCION ORAL,ME44418/2,INHRR,ACETAMINOFEN - CLORFENIRAMINA MALEATO - CAFEINA,Clorfeniramina,847,2282
38854,TERAGRIPFORTE 650 MG-20 MG-2 MG X 10 GRANULADO PARA SOLUCION ORAL,ME44418/3,INHRR,ACETAMINOFEN - CLORFENIRAMINA MALEATO - CAFEINA,Clorfeniramina,847,2282
38855,TERAGRIPFORTE 650 MG-20 MG-2 MG X 20 GRANULADO PARA SOLUCION ORAL,ME44418/4,INHRR,ACETAMINOFEN - CLORFENIRAMINA MALEATO - CAFEINA,Clorfeniramina,847,2282
38863,TIMOLOL 0.5 % SOLUCION OFTALMICA,ME42959,INHRR,TIMOLOL MALEATO,Timolol,4196,1797
38876,TOBRAMICINA 300 MG / 5 ML SOLUCION PARA INHALACION,ME37412,INHRR,TOBRAMICINA SULFATO,Tobramicina,3442,3385
38877,TOBRASOL 0.3 % SOLUCION OFTALMICA,ME24679,INHRR,TOBRAMICINA SULFATO,Tobramicina,3442,3385
38878,TODENAC 0.3 % - 0.1 % SOLUCION OFTALMICA,ME33963,INHRR,TOBRAMICINA SULFATO - DICLOFENACO,Tobramicina,3442,3385
38883,TORIVAS 50 MG X 30 TABLETAS RECUBIERTAS,ME41710,INHRR,BROMURO DE PINAVERIO,Pinaverio,2772,218
38890,TRAMAL 100 MG / ML SOLUCION ORAL,ME23882,INHRR,TRAMADOL CLORHIDRATO,Tramadol,3473,5004
38892,TRIMBUTOP 200 MG X 10 COMPRIMIDOS,ME43627,INHRR,MALEATO DE TRIMEBUTINA,Trimebutina,3514,173
38904,ULGARIN 20 MG X 16 CAPSULAS,ME36772/2,INHRR,ESOMEPRAZOL MAGNESICO TRIHIDRATO,Esomeprazol Magnesico,1311,130
38905,ULGARIN 20 MG X 28 CAPSULAS,ME36772/3,INHRR,ESOMEPRAZOL MAGNESICO TRIHIDRATO,Esomeprazol Magnesico,1311,130
38906,ULGARIN 40 MG X 16 CAPSULAS,ME36645/2,INHRR,ESOMEPRAZOL MAGNESICO TRIHIDRATO,Esomeprazol Magnesico,1311,130
38907,ULGARIN 40 MG X 32 CAPSULAS,ME36645/3,INHRR,ESOMEPRAZOL MAGNESICO TRIHIDRATO,Esomeprazol Magnesico,1311,130
38909,URODUTAN 200 MG X 10 TABLETAS RECUBIERTAS,ME43520,INHRR,CLORHIDRATO DE FLAVOXATO,Flavoxato,1461,2969
38968,VITAMINA E 400 UI X 30 CAPSULAS BLANDAS,ME32842/2,INHRR,VITAMINA E,Vitamina A,3724,6805
38969,VITAMINA E 400 UI X 50 CAPSULAS BLANDAS,ME32842/3,INHRR,VITAMINA E,Vitamina A,3724,6805
38974,HISTAGRIP FORTE X 10 TABLETAS RECUBIERTAS,ME36327,INHRR,ACETAMINOFEN - CLORHIDRATO DE PSEUDOEFEDRINA,Pseudoefedrina,2938,5911
38980,VONAU FLASH 4 MG TABLETAS DE DESINTEGRACION ORAL X 10 TABLETAS,ME44590,INHRR,CLORHIDRATO DE ONDANSETRON DIHIDRATADO,Ondansetron,2587,301
38988,PRAMIPEXOL 1 MG X 28 TABLETAS,ME44211,INHRR,ESTEARATO DE MAGNESIO - POVIDONA - MANITOL - AEROSIL - AGUA PURIFICADA - ALMIDON DE MAIZ - DICLORHIDRATO DE PRAMIPEXOL,Pramipexol,2861,5212
38988,PRAMIPEXOL 1 MG X 28 TABLETAS,ME44211,INHRR,ESTEARATO DE MAGNESIO - POVIDONA - MANITOL - AEROSIL - AGUA PURIFICADA - ALMIDON DE MAIZ - DICLORHIDRATO DE PRAMIPEXOL,Citrato Magnesio,788,
38989,YONALIN 4 MG / ML SOLUCION ORAL GOTAS,ME43770,INHRR,DEXTROMETORFANO BROMHIDRATO MONOHIDRATO,Dextrometorfano,1053,6140
38998,ZONIUM 20 MG X 14 CAPSULAS CON MICROGRANULOS ENTERICOS,ME39051,INHRR,ESOMEPRAZOL MAGNESICO TRIHIDRATO,Esomeprazol Magnesico,1311,130
38999,ZONIUM 40 MG X 14 CAPSULAS CON MICROGRANULOS ENTERICOS,ME39050,INHRR,ESOMEPRAZOL MAGNESICO TRIHIDRATO,Esomeprazol Magnesico,1311,130
39006,ZYRTEC 10 MG X 20 COMPRIMIDOS RECUBIERTOS,ME25566,INHRR,CETIRIZINA DICLORHIDRATO,Cetirizina,710,6544
39025,AIREX 0.05 % SOLUCION NASAL,ME43679,INHRR,CLORHIDRATO DE OXIMETAZOLINA,Oximetazolina,2622,5850
39026,OLOCOF 0.02 % SOLUCION OFTALMICA,ME44293,INHRR,CLORHIDRATO DE OLOPATADINA,Olopatadina,2579,6542
39031,SECNIDAZOL - ITRACONAZOL 166.66 MG - 33.33 MG X 12 CAPSULAS,ME37677,INHRR,ITRACONAZOL - SECNIDAZOL,Secnidazol Anhidro,3131,5682
39035,AMLODIPINA 10 MG X 20 TABLETAS,ME30270/2,INHRR,AMLODIPINA,Amlodipino,212,1879
39036,AMLODIPINA 10 MG X 30 TABLETAS,ME30270/3,INHRR,AMLODIPINA,Amlodipino,212,1879
39038,AMLODIPINA - VALSARTAN 10 MG - 160 MG COMPRIMIDOS RECUBIERTOS,ME40042,INHRR,AMLODIPINA - VALSARTAN,Amlodipino,212,1879
39039,BISOPROLOL FUMARATO - AMLODIPINA 5 MG - 10 MG COMPRIMIDOS,ME44262,INHRR,AMLODIPINA - FUMARATO DE BISOPROLOL,Bisoprolol,3830,1815
39039,BISOPROLOL FUMARATO - AMLODIPINA 5 MG - 10 MG COMPRIMIDOS,ME44262,INHRR,AMLODIPINA - FUMARATO DE BISOPROLOL,Amlodipino,212,1879
39041,AMLODIPINA 5 MG X 30 TABLETAS,ME30269,INHRR,AMLODIPINA,Amlodipino,212,1879
39047,AMOXICILINA - ACIDO CLAVULANICO 400 MG - 57 MG / 5 ML POLVO PARA SUSPENSION ORAL,ME34160,INHRR,AMOXICILINA TRIHIDRATO - CLAVULANATO DE POTASIO,Amoxicilina,221,3196
39048,AMOXIVALAC 250 MG - 62.5 MG / 5 ML POLVO PARA SUSPENSION ORAL,ME43043,INHRR,AMOXICILINA TRIHIDRATO - CLAVULANATO DE POTASIO,Amoxicilina,221,3196
39049,AMOXIVALAC 600 MG – 42.9 MG / 5 ML POLVO PARA SUSPENSION ORAL,ME43949,INHRR,AMOXICILINA TRIHIDRATO - AMOXICILINA TRIHIDRATO- CLAVULANATO DE POTASIO 7:1,Amoxicilina,221,3196
39050,AMPROVIL 0.5 MG X 30 CAPSULAS.,ME42339,INHRR,DUTASTERIDE,Dutasterida,1177,3018
39054,ANTAAR 2.5 MG X 30 TABLETAS RECUBIERTAS,ME40060/3,INHRR,FUMARATO DE BISOPROLOL,Bisoprolol,3830,1815
39055,ANTAAR 2.5 MG X 10 TABLETAS RECUBIERTAS,ME40060/2,INHRR,FUMARATO DE BISOPROLOL,Bisoprolol,3830,1815
39056,ANTAAR 5 MG X 30 TABLETAS RECUBIERTAS,ME40058,INHRR,FUMARATO DE BISOPROLOL,Bisoprolol,3830,1815
39070,ARANDA 5 MG - 50 MG X 10 CAPSULAS,ME38655/2,INHRR,LOSARTAN POTASICO,Losartan,2131,1968
39071,ARANDA 5 MG - 50 MG X 30 CAPSULAS,ME38655/3,INHRR,LOSARTAN POTASICO,Losartan,2131,1968
39072,ARBIXIL 15 MG - 10 MCG / 5 ML JARABE,ME28426,INHRR,AMBROXOL CLORHIDRATO,Ambroxol,181,5950
39073,ARBIXIL 7.5 MG - 5 MCG / 5 ML JARABE,ME28401,INHRR,AMBROXOL CLORHIDRATO,Ambroxol,181,5950
39074,ARBIXIL 7.5 MG - 5 MCG / ML SOLUCION ORAL,ME31091,INHRR,AMBROXOL CLORHIDRATO,Ambroxol,181,5950
39079,ASTRIMOL 5 MG X 30 TABLETAS RECUBIERTAS,ME43853,INHRR,FUMARATO DE BISOPROLOL,Bisoprolol,3830,1815
39085,ATORVASTATINA 20 MG COMPRIMIDOS RECUBIERTOS,ME39008,INHRR,ATORVASTATINA CALCICA,Atorvastatina,329,2018
39088,ATROVERAN 10 MG X 10 TABLETAS RECUBIERTAS,ME36258,INHRR,N-BUTILBROMURO DE HIOSCINA,Butilescopolamina Bromuro,553,237
39089,ATROVERAN FORTE 20 MG TABLETAS RECUBIERTAS,ME44273,INHRR,N-BUTILBROMURO DE HIOSCINA,Butilescopolamina Bromuro,553,237
39091,AZUTAN 0.15 % COLUTORIO,MI19054,INHRR,BENCIDAMINA CLORHIDRATO,Bencidamina,416,62
39098,BIOCOR 20 MG X 30 TABLETAS RECUBIERTAS,ME41690,INHRR,OLMESARTAN MEDOXOMILO,Bisoprolol,3830,1815
39100,CARIBAN FORTE 20 MG - 20 MG X 20 COMPRIMIDOS RECUBIERTOS DE LIBERACION CONTROLADA,ME44036,INHRR,CLORHIDRATO DE PIRIDOXINA - SUCCINATO DE DOXILAMINA - CLORHIDRATO DE PIRIDOXINA - SUCCINATO DE DOXILAMINA,Piridoxina,2789,729
39100,CARIBAN FORTE 20 MG - 20 MG X 20 COMPRIMIDOS RECUBIERTOS DE LIBERACION CONTROLADA,ME44036,INHRR,CLORHIDRATO DE PIRIDOXINA - SUCCINATO DE DOXILAMINA - CLORHIDRATO DE PIRIDOXINA - SUCCINATO DE DOXILAMINA,Doxilamina,1159,6189
39101,BIOTALOL PE 10 MG - 5 MG COMPRIMIDOS RECUBIERTOS,ME44721,INHRR,BISOPROLOL FUMARATO - PERINDOPRIL,Bisoprolol,3830,1815
39102,BIOTALOL HCT 2.5 MG - 6.25 MG COMPRIMIDOS RECUBIERTOS,ME43579,INHRR,HIDROCLOROTIAZIDA - FUMARATO DE BISOPROLOL,Bisoprolol,3830,1815
39103,BIOTALOL PE 5 MG - 10 MG COMPRIMIDOS RECUBIERTOS,ME44717,INHRR,PERINDOPRIL - BISOPROLOL FUMARATO,Bisoprolol,3830,1815
39105,BISOPROLOL FUMARATO 1.25 MG COMPRIMIDOS RECUBIERTOS,ME42418,INHRR,BISOPROLOL FUMARATO,Bisoprolol,3830,1815
39106,BISOPROLOL FUMARATO 2.5 MG X 30 TABLETAS RECUBIERTAS,ME39139,INHRR,BISOPROLOL FUMARATO,Bisoprolol,3830,1815
39107,BISOPROLOL FUMARATO 5 MG COMPRIMIDOS RECUBIERTOS,ME42420,INHRR,BISOPROLOL FUMARATO,Bisoprolol,3830,1815
39110,BISOPROLOL FUMARATO 2.5 MG COMPRIMIDOS RECUBIERTOS,ME42419,INHRR,BISOPROLOL FUMARATO,Bisoprolol,3830,1815
39112,BONAMES 150 MG X 1 TABLETA RECUBIERTA,ME37009,INHRR,ACIDO IBANDRONICO,Acido Ibandronico Sodio Monohidrato,61,4828
39120,CAMPAL P 15 MG / ML SUSPENSION ORAL,ME44634,INHRR,DICLOFENACO POTASICO,Diclofenaco,1073,2675
39133,CETERIX 10 MG COMPRIMIDOS,ME43851,INHRR,CETIRIZINA CLORHIDRATO,Cetirizina,710,6544
39137,CETRAL 5 MG / 5 ML SOLUCION ORAL,ME32977,INHRR,CETIRIZINA DICLORHIDRATO,Cetirizina,710,6544
39148,CLORACE 500 MG – 4 MG X 10 GRANULOS PARA SOLUCION ORAL SABOR A LIMON,ME44238/2,INHRR,ACETAMINOFEN - CLORFENAMINA MALEATO,Clorfenamina,845,6202
39149,CLORACE 500 MG – 4 MG X 20 GRANULOS PARA SOLUCION ORAL SABOR A LIMON,ME44238/3,INHRR,ACETAMINOFEN - CLORFENAMINA MALEATO,Clorfenamina,845,6202
39159,TERAGRIPFORTE DIA 650 MG - 30 MG X 20 TABLETAS RECUBIERTAS,ME34030,INHRR,ACETAMINOFEN - CLORHIDRATO DE PSEUDOEFEDRINA - PARACETAMOL,Pseudoefedrina,2938,5911
39160,CORENTEL H 10 MG - 6.25 MG COMPRIMIDOS RECUBIERTOS,ME35719,INHRR,BISOPROLOL FUMARATO - HIDROCLOROTIAZIDA,Bisoprolol,3830,1815
39161,CORENTEL H 5 MG - 6.25 MG COMPRIMIDOS RECUBIERTOS,ME35718,INHRR,BISOPROLOL FUMARATO - HIDROCLOROTIAZIDA,Bisoprolol,3830,1815
39182,DICLOFENAC DIETILAMINO 1.16 % GEL,ME31107,INHRR,DICLOFENAC DIETILAMONIO,Diclofenaco Dietilamina,1074,2675
39183,DICLOFENAC POTASICO 50 MG X 10 TABLETAS RECUBIERTAS,ME36983/2,INHRR,DICLOFENACO POTASICO,Diclofenaco,1073,2675
39184,DICLOFENAC POTASICO 50 MG X 30 TABLETAS RECUBIERTAS,ME36983/3,INHRR,DICLOFENACO POTASICO,Diclofenaco,1073,2675
39185,DICLOFENACO POTASICO 50 MG X 20 TABLETAS RECUBIERTAS,ME30174,INHRR,DICLOFENACO POTASICO,Diclofenaco,1073,2675
39186,DICLOFENAC POTASICO 50 MG COMPRIMIDOS RECUBIERTOS,ME28153,INHRR,DICLOFENACO POTASICO,Diclofenaco,1073,2675
39187,DICLOFENAC POTASICO 50 MG X 20 COMPRIMIDOS RECUBIERTOS,ME35439,INHRR,DICLOFENACO POTASICO,Diclofenaco,1073,2675
39188,DICLOFENACO SODICO 50 MG SUPOSITORIOS,ME44052,INHRR,DICLOFENAC SODICO,Diclofenaco,1073,2675
39190,LERCANIDIPINO 10 MG X 10 COMPRIMIDOS RECUBIERTOS,ME43966,INHRR,ACETAMINOFEN - CLORHIDRATO DE LERCANIDIPINO,Lercanidipino,2044,1891
39191,DIKLASON 50 MG COMPRIMIDOS RECUBIERTOS,ME27471,INHRR,DICLOFENACO POTASICO,Diclofenaco,1073,2675
39192,DIKLASON 75 MG / 3 ML X 1 AMPOLLA,HO36449,INHRR,DICLOFENACO POTASICO,Diclofenaco,1073,2675
39193,DIKLASON 1.16 % GEL,ME38499,INHRR,DICLOFENAC DIETILAMONIO,Diclofenaco Dietilamina,1074,2675
39194,MATIGEL 0.5 % SOLUCION OFTALMICA,ME30297,INHRR,TIMOLOL MALEATO,Timolol,4196,1797
39197,DUOVENT 0.4 MG - 1 MG AEROSOL,ME28504,INHRR,BROMURO DE IPRATROPIO - FENOTEROL BROMHIDRATO,Bromuro De Ipratropio Monohidratado,537,4951
39197,DUOVENT 0.4 MG - 1 MG AEROSOL,ME28504,INHRR,BROMURO DE IPRATROPIO - FENOTEROL BROMHIDRATO,Fenoterol,4239,2787
39202,ESOMEPRAZOL 40 MG X 16 CAPSULAS CON MICROGRANULOS DE LIBERACION ENTERICA.,ME36883,INHRR,ESOMEPRAZOL MAGNESICO TRIHIDRATO,Esomeprazol Magnesico,1311,130
39209,HEXANT 15 MG / 5 ML SOLUCION ORAL SABOR A FRESA,ME44361,INHRR,AMBROXOL CLORHIDRATO,Ambroxol,181,5950
39213,FEBRATIC 10 MG / 5 ML SUSPENSION ORAL,ME38628,INHRR,DICLOFENACO POTASICO,Diclofenaco,1073,2675
39216,FERGANIC FOLIC 40 MG - 350 MCG X 24 TABLETAS MASTICABLES,ME33238/4,INHRR,PROTEINA FERRICA - ACIDO FOLICO,Proteinas,2929,792
39217,FERGANIC FOLIC 40 MG - 350 MCG X 14 TABLETAS MASTICABLES,ME33238/2,INHRR,PROTEINA FERRICA - ACIDO FOLICO,Proteinas,2929,792
39218,FERGANIC FOLIC 40 MG - 350 MCG X 30 TABLETAS MASTICABLES,ME33238/5,INHRR,PROTEINA FERRICA - ACIDO FOLICO,Proteinas,2929,792
39219,FERGANIC FOLIC 40 MG - 350 MCG X 20 TABLETAS MASTICABLES,ME33238/3,INHRR,PROTEINA FERRICA - ACIDO FOLICO,Proteinas,2929,792
39220,FLENOX 30 MG / 5 ML SOLUCION ORAL,ME38610,INHRR,CLORHIDRATO DE AMBROXOL,Ambroxol,181,5950
39221,FLODONT EN FILMORASE UNGUENTO BUCAL,ME21233,INHRR,BENCIDAMINA CLORHIDRATO,Bencidamina,416,62
39222,FLOMED 0.15 % - 0.25 % SOLUCION TOPICA BUCAL,ME41147,INHRR,BENCIDAMINA CLORHIDRATO,Bencidamina,416,62
39222,FLOMED 0.15 % - 0.25 % SOLUCION TOPICA BUCAL,ME41147,INHRR,BENCIDAMINA CLORHIDRATO,Cetilpiridinio,3925,2533
39228,GEMKAST 10 MG X 30 TABLETAS RECUBIERTAS,ME43741,INHRR,MONTELUKAST SÓDICO ,Montelukast,2375,6078
39229,GEMKAST 4 MG X 10 TABLETAS MASTICABLES,ME43742/2,INHRR,MONTELUKAST SODICO,Montelukast,2375,6078
39230,GEMKAST 4 MG X 30 TABLETAS MASTICABLES,ME43742/3,INHRR,MONTELUKAST SODICO,Montelukast,2375,6078
39231,GEMKAST 5 MG X 30 TABLETAS MASTICABLES,ME43743/3,INHRR,MONTELUKAST SÓDICO,Montelukast,2375,6078
39232,GEMKAST 5 MG X 10 TABLETAS MASTICABLES,ME43743/2,INHRR,MONTELUKAST SÓDICO,Montelukast,2375,6078
39233,GENCICOF 0.15 % - 0.15 % SOLUCION TOPICA BUCAL,ME44127,INHRR,LIDOCAINA - BENCIDAMINA CLORHIDRATO,Bencidamina,416,62
39264,ISOSPRAY PLUS 0.15 % - 0.25 % SOLUCION,ME39925,INHRR,CLORURO DE CETILPIRIDINIO,Cetilpiridinio,3925,2533
39265,IVAGAN FORTE X 100 TABLETAS RECUBIERTAS,ME33620,INHRR,ACETAMINOFEN - MESILATO DE DIHIDROERGOTAMINA - CAFEINA,Dihidroergotamina,4241,5079
39273,KLINCOSAL 262 MG - 100 MG X 30 TABLETAS MASTICABLES SABOR A UVA,ME40973,INHRR,SUBCARBONATO DE BISMUTO - CARBONATO DE CALCIO,Metronidazol,2320,2719
39274,KLINCOSAL 262 MG - 500 MG / 15 ML SUSPENSION ORAL SABOR A FRESA,ME42263,INHRR,SUBCARBONATO DE BISMUTO - CARBONATO DE CALCIO,Metronidazol,2320,2719
39275,KLINCOSAL 262 MG - 500 MG / 15 ML SUSPENSION ORAL SABOR A UVA,ME42264,INHRR,SUBCARBONATO DE BISMUTO - CARBONATO DE CALCIO,Metronidazol,2320,2719
39285,LEVOTEC 500 MG SOLUCION INYECTABLE PARA INFUSION INTRAVENOSA,HO36034,INHRR,LEVOFLOXACINA,Levofloxacino,2067,6358
39289,LOSARTAN POTASICO 50 MG X 14 TABLETAS RECUBIERTAS,ME36662,INHRR,LOSARTAN POTASICO,Losartan,2131,1968
39290,LOSARTAN POTASICO 100 MG X 10 TABLETAS RECUBIERTAS,ME36589,INHRR,LOSARTAN POTASICO,Losartan,2131,1968
39291,LOSARTAN POTASICO 100 MG COMPRIMIDOS RECUBIERTOS,ME42439,INHRR,LOSARTAN POTASICO,Losartan,2131,1968
39302,SECNIDAZOL 500 MG X 10 TABLETAS,ME32763,INHRR,SECNIDAZOL,Secnidazol Anhidro,3131,5682
39305,MIGRADORIXINA 125 MG - 1 MG COMPRIMIDOS RECUBIERTOS,ME33482,INHRR,CLONIXINATO DE LISINA - TARTRATO DE ERGOTAMINA,Clonixino Lisina,831,1222
39305,MIGRADORIXINA 125 MG - 1 MG COMPRIMIDOS RECUBIERTOS,ME33482,INHRR,CLONIXINATO DE LISINA - TARTRATO DE ERGOTAMINA,Ergotamina,1267,5080
39311,OTOCORT 1 MG - 5 MG - 5000 UI / ML SUSPENSION OTICA,ME43662,INHRR,DEXAMETASONA FOSFATO SÓDICO - SULFATO DE NEOMICINA - SULFATO DE POLIMIXINA B,Neomicina,2433,1177
39311,OTOCORT 1 MG - 5 MG - 5000 UI / ML SUSPENSION OTICA,ME43662,INHRR,DEXAMETASONA FOSFATO SÓDICO - SULFATO DE NEOMICINA - SULFATO DE POLIMIXINA B,Polimixina B,2832,6638
39311,OTOCORT 1 MG - 5 MG - 5000 UI / ML SUSPENSION OTICA,ME43662,INHRR,DEXAMETASONA FOSFATO SÓDICO - SULFATO DE NEOMICINA - SULFATO DE POLIMIXINA B,Dexametasona,1034,6447
39316,NEFROTAL H 100 MG - 12.5 MG COMPRIMIDOS RECUBIERTOS,ME38329,INHRR,LOSARTAN POTASICO - HIDROCLOROTIAZIDA,Losartan,2131,1968
39317,NEULEVAL 500 MG / 100 ML X 10 AMPOLLAS,HO44715,INHRR,LEVOFLOXACINA HEMIHIDRATO,Levofloxacino,2067,6358
39336,OXOLAMINA CITRATO 50 MG / 5 ML JARABE,ME35922,INHRR,OXOLAMINA CITRATO,Oxolamina,4270,6151
39337,MAXICORT SUSPENSION OFTALMICA,ME23662,INHRR,DEXAMETASONA FOSFATO SÓDICO - POLIMIXINA B,Dexametasona,1034,6447
39340,PERTEN 1 % CREMA,ME37330,INHRR,TERBINAFINA,Clotrimazol,878,2720
39351,REGULIP 10 MG X 30 TABLETAS,ME39374,INHRR,ROSUVASTATINA CALCICA,Rosuvastatina,3060,2020
39352,REHIDROSOL 45 MEQ / L SOLUCION ELECTROLITICA USO ORAL SABOR A FRAMBUESA,ME42185,INHRR,CITRATO DE POTASIO MONOHIDRATO - CITRATO DE SODIO DIHIDRATO - CLORURO DE SODIO,Sales de Rehidratación Oral,4293,476
39353,REHIDROSOL 45 MEQ / L SOLUCION ELECTROLITICA USO ORAL SABOR A UVA,ME42037,INHRR,CITRATO DE SODIO DIHIDRATO - CLORURO DE SODIO - DEXTROSA ANHIDRA,Dextrosa,1055,
39354,REHIDROSOL 60 MEQ / L SOLUCION ELECTROLITICA USO ORAL SABOR A MANZANA,ME42186,INHRR,CLORURO DE POTASIO - CITRATO DE SODIO DIHIDRATO - CLORURO DE SODIO,Sales de Rehidratación Oral,4293,476
39365,SITALUX 100 MG X 30 TABLETAS RECUBIERTAS,ME43701,INHRR,SITAGLIPTINA FOSFATO MONOHIDRATADO,Sitagliptina,3184,651
39366,SITAGLIS MET 50 MG - 850 MG COMPRIMIDOS RECUBIERTOS,ME40535,INHRR,SITAGLIPTINA FOSFATO MONOHIDRATADO - METFORMINA CLORHIDRATO,Sitagliptina,3184,651
39366,SITAGLIS MET 50 MG - 850 MG COMPRIMIDOS RECUBIERTOS,ME40535,INHRR,SITAGLIPTINA FOSFATO MONOHIDRATADO - METFORMINA CLORHIDRATO,Metformina,2280,598
39369,SUEROLITO ZINC 75 MEQ / L SOLUCION ELECTROLITICA USO ORAL SABOR A CHICLE,ME44642,INHRR,CITRATO DE SODIO DIHIDRATO - CLORURO DE POTASIO - CLORURO DE SODIO - DEXTROSA ANHIDRA - GLUCONATO DE ZINC - CLORURO DE P,Zinc,4009,164
39369,SUEROLITO ZINC 75 MEQ / L SOLUCION ELECTROLITICA USO ORAL SABOR A CHICLE,ME44642,INHRR,CITRATO DE SODIO DIHIDRATO - CLORURO DE POTASIO - CLORURO DE SODIO - DEXTROSA ANHIDRA - GLUCONATO DE ZINC - CLORURO DE P,Dextrosa,1055,
39370,SUEROLITO ZINC 75 MEQL / L SOLUCION ELECTROLITICA USO ORAL SABOR A COCO,ME44638,INHRR,DEXTROSA ANHIDRA - CITRATO DE SODIO DIHIDRATO - CLORURO DE POTASIO - CLORURO DE SODIO - GLUCONATO DE ZINC,Dextrosa,1055,
39370,SUEROLITO ZINC 75 MEQL / L SOLUCION ELECTROLITICA USO ORAL SABOR A COCO,ME44638,INHRR,DEXTROSA ANHIDRA - CITRATO DE SODIO DIHIDRATO - CLORURO DE POTASIO - CLORURO DE SODIO - GLUCONATO DE ZINC,Zinc,4009,164
39371,SUEROLITO ZINC 75 MEQ / L SOLUCION ELECTROLITICA USO ORAL SABOR A FRESA,ME44639,INHRR,CLORURO DE POTASIO - CITRATO DE SODIO DIHIDRATO - CLORURO DE SODIO - DEXTROSA ANHIDRA - GLUCONATO DE ZINC,Zinc,4009,164
39371,SUEROLITO ZINC 75 MEQ / L SOLUCION ELECTROLITICA USO ORAL SABOR A FRESA,ME44639,INHRR,CLORURO DE POTASIO - CITRATO DE SODIO DIHIDRATO - CLORURO DE SODIO - DEXTROSA ANHIDRA - GLUCONATO DE ZINC,Dextrosa,1055,
39372,SUEROLITO ZINC 75 MEQ / L SOLUCION ELECTROLITICA USO ORAL SABOR A MANDARINA,ME44641,INHRR,GLUCONATO DE ZINC - CLORURO DE POTASIO - DEXTROSA ANHIDRA - CLORURO DE SODIO,Zinc,4009,164
39372,SUEROLITO ZINC 75 MEQ / L SOLUCION ELECTROLITICA USO ORAL SABOR A MANDARINA,ME44641,INHRR,GLUCONATO DE ZINC - CLORURO DE POTASIO - DEXTROSA ANHIDRA - CLORURO DE SODIO,Dextrosa,1055,
39373,SUEROLITO ZINC 75 MEQ / L SOLUCION ELECTROLITICA USO ORAL SABOR A UVA,ME44640,INHRR,CLORURO DE POTASIO - CLORURO DE SODIO - CITRATO DE SODIO DIHIDRATO - DEXTROSA ANHIDRA - GLUCONATO DE ZINC,Dextrosa,1055,
39373,SUEROLITO ZINC 75 MEQ / L SOLUCION ELECTROLITICA USO ORAL SABOR A UVA,ME44640,INHRR,CLORURO DE POTASIO - CLORURO DE SODIO - CITRATO DE SODIO DIHIDRATO - DEXTROSA ANHIDRA - GLUCONATO DE ZINC,Zinc,4009,164
39374,SUEROLITO ZINC 75 MEQ / L SOLUCION ELECTROLITICA USO ORAL SABOR A MANZANA,ME44643,INHRR,GLUCONATO DE ZINC - CLORURO DE SODIO - GLUCONATO DE ZINC - CITRATO DE SODIO DIHIDRATO - CLORURO DE SODIO - DEXTROSA ANHI,Dextrosa,1055,
39374,SUEROLITO ZINC 75 MEQ / L SOLUCION ELECTROLITICA USO ORAL SABOR A MANZANA,ME44643,INHRR,GLUCONATO DE ZINC - CLORURO DE SODIO - GLUCONATO DE ZINC - CITRATO DE SODIO DIHIDRATO - CLORURO DE SODIO - DEXTROSA ANHI,Zinc,4009,164
39383,TAMOA 250 MG COMPRIMIDOS MASTICABLES,ME39471,INHRR,PAMOATO DE PIRANTEL ,Pirantel,2783,5786
39384,TARVINA 20 MG X 10 TABLETAS RECUBIERTAS,ME44195/2,INHRR,ATORVASTATINA CALCICA - ATORVASTATINA CALCICA TRIHIDRATADA,Atorvastatina,329,2018
39385,TARVINA 20 MG X 30 TABLETAS RECUBIERTAS,ME44195/3,INHRR,ATORVASTATINA CALCICA - ATORVASTATINA CALCICA TRIHIDRATADA,Atorvastatina,329,2018
39386,TARVINA 40 MG X 10 TABLETAS RECUBIERTAS,ME44196,INHRR,ATORVASTATINA CALCICA TRIHIDRATADA - ATORVASTATINA CALCICA,Atorvastatina,329,2018
39387,TENSOMAX 60 MG X 10 CAPSULAS DE LIBERACION PROLONGADA,ME28562,INHRR,NIFEDIPINA,Nifedipino,4045,1883
39388,TERAGRIPFORTE NOCHE 650 MG-4 MG X 6 GRANULADO PARA SOLUCION ORAL,ME44419/3,INHRR,ACETAMINOFEN - CLORFENIRAMINA MALEATO,Clorfeniramina,847,2282
39389,TERAGRIPFORTE NOCHE 650 MG - 4 MG X 4 TABLETAS RECUBIERTAS,ME44419/2,INHRR,ACETAMINOFEN - CLORFENIRAMINA MALEATO,Clorfeniramina,847,2282
39390,TERAGRIPFORTE NOCHE 650 MG-4 MG X 10 GRANULADO PARA SOLUCION ORAL,ME44419/4,INHRR,ACETAMINOFEN - CLORFENIRAMINA MALEATO,Clorfeniramina,847,2282
39395,TOBRAMICINA 0.3 % SOLUCION OFTALMICA,ME36574,INHRR,TOBRAMICINA SULFATO,Tobramicina,3442,3385
39396,TOBRASOL 3 MG / G UNGUENTO OFTALMICO,ME28025,INHRR,TOBRAMICINA SULFATO,Tobramicina,3442,3385
39407,VERALEN P 75 MG / 3 ML X 1 AMPOLLA,HO43946,INHRR,DICLOFENACO POTASICO,Diclofenaco,1073,2675
39414,YONAL 15 MG / 5 ML SOLUCION ORAL,ME28666,INHRR,DEXTROMETORFANO BROMHIDRATO MONOHIDRATO,Dextrometorfano,1053,6140
39418,ACRYLARM 0.2 % GEL OFTALMICO,ME32679,INHRR,ACIDO POLIACRILICO,Hialuronico Acido,1733,
39422,ALERVAX 120 MG X 10 TABLETAS RECUBIERTAS,ME34071,INHRR,FEXOFENADINA CLORHIDRATO,Fexofenadina,1448,6268
39428,APIRETFLU 24 HORAS X 6 GRANULADO,ME43632,INHRR,ACETAMINOFEN - CLORFENIRAMINA MALEATO - ACETAMINOFEN - CLORFENAMINA MALEATO - CAFEINA,Clorfenamina,845,6202
39428,APIRETFLU 24 HORAS X 6 GRANULADO,ME43632,INHRR,ACETAMINOFEN - CLORFENIRAMINA MALEATO - ACETAMINOFEN - CLORFENAMINA MALEATO - CAFEINA,Clorfeniramina,847,2282
39438,BEDEX 0.15 % SOLUCION TOPICA BUCAL,ME42975,INHRR,BENCIDAMINA CLORHIDRATO,Bencidamina,416,62
39442,BIRGIT PLUS 50 MG - 850 MG X 30 COMPRIMIDOS RECUBIERTOS,ME43492,INHRR,SITAGLIPTINA - METFORMINA CLORHIDRATO,Metformina,2280,598
39443,BIOTALOL HCT 10 MG - 6.25 MG COMPRIMIDOS RECUBIERTOS,ME43578,INHRR,HIDROCLOROTIAZIDA - FUMARATO DE BISOPROLOL,Bisoprolol,3830,1815
39446,BRIMOPRESS 0.2 % SOLUCION OFTALMICA,ME40814,INHRR,BRIMONIDINA TARTRATO,Brimonidina,517,2677
39447,BRIXIA 0.0 5 % SOLUCION OFTALMICA,ME32168,INHRR,AZELASTINA CLORHIDRATO,Azelastina,362,6541
39449,HIOSCINA N-BUTILBROMURO 10 MG X 10 TABLETAS RECUBIERTAS,ME43037,INHRR,N-BUTILBROMURO DE HIOSCINA,Butilescopolamina Bromuro,553,237
39450,NAFAZOLINA CLORHIDRATO 0.012 % SOLUCION OFTALMICA,ME44027,INHRR,CLORHIDRATO DE NAFAZOLIN,Nafazolina,2399,5853
39451,GYNOTRAN 15 %-4 % CREMA VAGINAL,ME36249,INHRR,METRONIDAZOL - NITRATO DE MICONAZOL,Miconazol,2332,456
39452,CEFOTAS 250 MG / 5 ML POLVO PARA SUSPENSION ORAL,ME44040,INHRR,CEFADROXILO MONOHIDRATO ,Cefadroxilo,666,3258
39456,NASIN 0.05 % SOLUCION NASAL,ME18142,INHRR,CLORHIDRATO DE OXIMETAZOLINA,Oximetazolina,2622,5850
39457,DOLMOBROX 15 MG / 5 ML SOLUCION ORAL,ME44393,INHRR,DEXTROMETORFANO BROMHIDRATO MONOHIDRATO,Dextrometorfano,1053,6140
39461,SOLUCION PARA DIALISIS PERITONEAL CON DEXTROSA AL 1.5 % BAJA EN MAGNESIO,ME34036,INHRR,CLORURO DE SODIO - CLORURO DE MAGNESIO,Citrato Magnesio,788,
39469,DUNIXI 10 MG X 30 COMPRIMIDOS RECUBIERTOS,ME44385,INHRR,DAPAGLIFOZINA,Dapagliflozina,964,665
39472,DICLOFENAC SODICO 1 % GEL,ME37301,INHRR,DICLOFENAC SODICO,Diclofenaco,1073,2675
39475,DEXAMETASONA 21-FOLATO 4 MG / ML X 10 AMPOLLAS,HO26290,INHRR,DEXAMETASONA FOSFATO SÓDICO,Dexametasona,1034,6447
39479,SITAGLIPTINA - METFORMINA CLORHIDRATO 50 MG - 500 MG TABLETAS RECUBIERTAS,ME42667,INHRR,METFORMINA CLORHIDRATO - SITAGLIPTINA CLORHIDRATO MONOHIDRATO,Metformina,2280,598
39479,SITAGLIPTINA - METFORMINA CLORHIDRATO 50 MG - 500 MG TABLETAS RECUBIERTAS,ME42667,INHRR,METFORMINA CLORHIDRATO - SITAGLIPTINA CLORHIDRATO MONOHIDRATO,Sitagliptina,3184,651
39480,DEXABIOL 4 MG / ML X 1 AMPOLLA,HO44743,INHRR,DEXAMETASONA FOSFATO SODICO,Dexametasona,1034,6447
39482,DICLOFENAC DIETILAMINA 1.16 % EMULGEL,MI37540,INHRR,DICLOFENAC SODICO,Diclofenaco,1073,2675
39483,DIFENAC 100 MG X 10 COMPRIMIDOS RECUBIERTOS,ME24522,INHRR,DICLOFENAC SODICO,Diclofenaco,1073,2675
39485,CLOTRIMAZOL - NEOMICINA - DEXAMETASONA 1 % - 0.5 % - 0.04 % X 1 CREMA,ME36125,INHRR,CLOTRIMAZOL - DEXAMETASONA FOSFATO SÓDICO,Dexametasona,1034,6447
39488,ALIVETOS 3 MG - 15 MG / 5 ML SOLUCION ORAL,ME44089,INHRR,CLORFENAMINA MALEATO - DEXTROMETORFANO BROMHIDRATO MONOHIDRATO,Dextrometorfano,1053,6140
39488,ALIVETOS 3 MG - 15 MG / 5 ML SOLUCION ORAL,ME44089,INHRR,CLORFENAMINA MALEATO - DEXTROMETORFANO BROMHIDRATO MONOHIDRATO,Clorfenamina,845,6202
39489,DOLAK 30 MG X 4 COMPRIMIDOS SUBLINGUALES,ME38932/4,INHRR,KETOROLAC TROMETAMINA,Ketorolaco Trometamol,1957,1161
39489,DOLAK 30 MG X 4 COMPRIMIDOS SUBLINGUALES,ME38932/4,INHRR,KETOROLAC TROMETAMINA,Ketorolaco,1956,4590
39490,DOLAK 30 MG X 1 COMPRIMIDO SUBLINGUAL,ME38932/2,INHRR,KETOROLAC TROMETAMINA,Ketorolaco Trometamol,1957,1161
39490,DOLAK 30 MG X 1 COMPRIMIDO SUBLINGUAL,ME38932/2,INHRR,KETOROLAC TROMETAMINA,Ketorolaco,1956,4590
39491,DOLAK 30 MG X 2 COMPRIMIDOS SUBLINGUALES,ME38932/3,INHRR,KETOROLAC TROMETAMINA,Ketorolaco Trometamol,1957,1161
39491,DOLAK 30 MG X 2 COMPRIMIDOS SUBLINGUALES,ME38932/3,INHRR,KETOROLAC TROMETAMINA,Ketorolaco,1956,4590
39493,DOPRIL 3 MG / ML SOLUCION ORAL,ME43652,INHRR,FOSFATO SODICO DE PREDNISOLONA,Prednisolona,2873,3087
39501,ESOFLUX 20 MG X 30 TABLETAS CON RECUBRIMIENTO ENTERICO,ME42489,INHRR,ESOMEPRAZOL MAGNESICO TRIHIDRATO,Esomeprazol Magnesico,1311,130
39507,DOLOGINEX 125 MG - 10 MG X 10 COMPRIMIDOS RECUBIERTOS,ME31488,INHRR,CLONIXINATO DE LISINA - PROPINOX,Clonixino Lisina,831,1222
39516,GLAUCOTENSIL T 2 % - 0.5 % SOLUCION OFTALMICA,ME31955,INHRR,DORZOLAMIDA CLORHIDRATO - TIMOLOL MALEATO,Timolol,4196,1797
39516,GLAUCOTENSIL T 2 % - 0.5 % SOLUCION OFTALMICA,ME31955,INHRR,DORZOLAMIDA CLORHIDRATO - TIMOLOL MALEATO,Dorzolamida,1149,6480
39518,GLIDEX 500 MG X 30 TABLETAS RECUBIERTAS,ME43923,INHRR,CLORHIDRATO DE METFORMINA CD 95% - METFORMINA CLORHIDRATO,Metformina,2280,598
39518,GLIDEX 500 MG X 30 TABLETAS RECUBIERTAS,ME43923,INHRR,CLORHIDRATO DE METFORMINA CD 95% - METFORMINA CLORHIDRATO,(+)-tetrabenazina,3360,5286
39519,GLIDEX 850 MG X 30 TABLETAS RECUBIERTAS,ME43924,INHRR,CLORHIDRATO DE METFORMINA CD 95% - METFORMINA CLORHIDRATO,(+)-tetrabenazina,3360,5286
39519,GLIDEX 850 MG X 30 TABLETAS RECUBIERTAS,ME43924,INHRR,CLORHIDRATO DE METFORMINA CD 95% - METFORMINA CLORHIDRATO,Metformina,2280,598
39520,PEDIALYTE ZINC 60 MEQ SOLUCION ELECTROLITICA DE USO ORAL SABOR A UVA X 60 SOLUCION ORAL,ME42581,INHRR,GLUCOSA MONOHIDRATO - CITRATO DE SODIO DIHIDRATO - CLORURO DE SODIO - CLORURO DE POTASIO - GLUCONATO DE ZINC,Glucosa,1661,1185
39520,PEDIALYTE ZINC 60 MEQ SOLUCION ELECTROLITICA DE USO ORAL SABOR A UVA X 60 SOLUCION ORAL,ME42581,INHRR,GLUCOSA MONOHIDRATO - CITRATO DE SODIO DIHIDRATO - CLORURO DE SODIO - CLORURO DE POTASIO - GLUCONATO DE ZINC,Zinc,4009,164
39524,BIOCORTIN 500 MG X 1 AMPOLLA,HO44584,INHRR,SUCCINATO SODICO DE HIDROCORTISONA,Bisoprolol,3830,1815
39524,BIOCORTIN 500 MG X 1 AMPOLLA,HO44584,INHRR,SUCCINATO SODICO DE HIDROCORTISONA,Hidrocortisona,1740,3090
39528,IVABRADINA 5 MG X 30 TABLETAS RECUBIERTAS,ME44524,INHRR,CLORHIDRATO DE IVABRADINA,Ivabradina,1939,1423
39540,MAXIFURFORTE 100 MG X 30 CAPSULAS,ME44316,INHRR,NITROFURANTOINA MACROCRISTALES,Nitrofurantoina,2518,3455
39547,ACECOL 600 MG X 100 POLVO PARA SOLUCION ORAL,ME44057/3,INHRR,N-ACETILCISTEINA,Acetilcisteina,42,6736
39548,ACECOL 600 MG X 10 POLVO PARA SOLUCION ORAL,ME44057/2,INHRR,N-ACETILCISTEINA,Acetilcisteina,42,6736
39549,FANASAL 0.05 % SOLUCION NASAL,ME13354,INHRR,NAFAZOLINA NITRATO,Nafazolina,2399,5853
39550,NEMAX 16 % - 6 % SOLUCION RECTAL,ME43190,INHRR,FOSFATO DE SODIO DIBASICO,Fosfato Monosodio Dihidrato,1535,
39551,FOSFATO DE SODIO MONOBASICO 16 % - FOSFATO DE SODIO DIBASICO 6 %,MI44357,INHRR,FOSFATO DE SODIO DIBASICO ANHIDRO - FOSFATO DE SODIO MONOBASICO ANHIDRO,Fosfato Monosodio Dihidrato,1535,
39554,NIFEDIPINA 30 MG X 30 CAPSULAS DE LIBERACION PROLONGADA,ME34528,INHRR,NIFEDIPINA,Nifedipino,4045,1883
39555,OMEPRAZOL 40 MG X 10 AMPOLLAS,HO44444,INHRR,OMEPRAZOL SODICO,Omeprazol,2584,130
39557,OLXAC 40 MG X 1 AMPOLLA,HO44280,INHRR,OMEPRAZOL SÓDICO ,Omeprazol,2584,130
39559,BIOTADIN 0.2 % SOLUCION OFTALMICA,ME44305,INHRR,CLORHIDRATO DE OLOPATADINA,Olopatadina,2579,6542
39564,DUSTALOX 0.5 % SOLUCION OFTALMICA,ME41980,INHRR,KETOROLAC TROMETAMINA,Ketorolaco Trometamol,1957,1161
39565,POENTOBRAL PLUS 0.3 %- 0.1 % SUSPENSION OFTALMICA,ME31563,INHRR,DEXAMETASONA FOSFATO SÓDICO - TOBRAMICINA SULFATO,Dexametasona,1034,6447
39565,POENTOBRAL PLUS 0.3 %- 0.1 % SUSPENSION OFTALMICA,ME31563,INHRR,DEXAMETASONA FOSFATO SÓDICO - TOBRAMICINA SULFATO,Tobramicina,3442,3385
39573,ESOZ 10 MG X 10 MICROGRANULOS ENTERICOS PARA SUSPENSION ORAL,ME38530,INHRR,ESOMEPRAZOL MAGNESICO TRIHIDRATO,Esomeprazol Magnesico,1311,130
39578,SIMULTAN DUO 50 MG - 850 MG X 30 COMPRIMIDOS RECUBIERTOS,ME43590,INHRR,METFORMINA CLORHIDRATO - SITAGLIPTINA FOSFATO MONOHIDRATADO,Sitagliptina,3184,651
39578,SIMULTAN DUO 50 MG - 850 MG X 30 COMPRIMIDOS RECUBIERTOS,ME43590,INHRR,METFORMINA CLORHIDRATO - SITAGLIPTINA FOSFATO MONOHIDRATADO,Metformina,2280,598
39581,ESLIPEL MET 50 MG - 1000 MG X 10 COMPRIMIDOS RECUBIERTOS,ME44749,INHRR,METFORMINA CLORHIDRATO - SITAGLIPTINA CLORHIDRATO,Metformina,2280,598
39581,ESLIPEL MET 50 MG - 1000 MG X 10 COMPRIMIDOS RECUBIERTOS,ME44749,INHRR,METFORMINA CLORHIDRATO - SITAGLIPTINA CLORHIDRATO,Sitagliptina,3184,651
39587,TALERC 10 MG / ML SOLUCION ORAL,ME33286,INHRR,CETIRIZINA DICLORHIDRATO,Cetirizina,710,6544
39590,BUCOXOLGAR 0.15 % - 0.25 % SOLUCION TOPICA BUCAL ATOMIZADORA SABOR A MENTA FRESCA,ME41676,INHRR,BENCIDAMINA CLORHIDRATO,Bencidamina,416,62
39593,TOMYCIN DEX 0.3 % - 0.1 % SUSPENSION OFTALMICA,ME43940,INHRR,DEXAMETASONA FOSFATO SÓDICO - TOBRAMICINA SULFATO,Dexametasona,1034,6447
39593,TOMYCIN DEX 0.3 % - 0.1 % SUSPENSION OFTALMICA,ME43940,INHRR,DEXAMETASONA FOSFATO SÓDICO - TOBRAMICINA SULFATO,Tobramicina,3442,3385
39594,TOMYCIN 0.3 % SOLUCION OFTALMICA,ME43863,INHRR,TOBRAMICINA SULFATO,Tobramicina,3442,3385
39595,TOPISEPT 2 % CREMA TOPICA,ME44362,INHRR,ACIDO FUSIDICO,Acido Fusidico Hemihidrato,60,2335
39596,TRUSOMIDA 2 % SOLUCION OFTALMICA,ME44676,INHRR,DORZOLAMIDA CLORHIDRATO,Dorzolamida,1149,6480
39597,UDOX 75 MG X 10 CAPSULAS,ME39978,INHRR,DICLOFENAC COLESTIRAMINA,Venlafaxina,3626,5512
39599,VAXIDUO 100 MG - 400 MG X 7 OVULOS VAGINALES,ME42255,INHRR,FOSFATO DE CLINDAMICINA - KETOCONAZOL,Clindamicina,812,2609
39600,FLOGAREN 1.16 % GEL,ME43973,INHRR,DICLOFENAC DIETILAMONIO,Diclofenaco Dietilamina,1074,2675
39603,REHIDROSOL ZINC 60 MEQ / L SOLUCION ELECTROLITICA USO ORAL SABOR A MANZANA X 30 SOLUCION ORAL,ME42702,INHRR,CLORURO DE SODIO - GLUCONATO DE ZINC - CLORURO DE POTASIO - CITRATO DE SODIO DIHIDRATO,Zinc,4009,164
39618,ACIDO IBANDRONICO 150 MG X 1 TABLETA RECUBIERTA,,productos.molecula,Acido Ibandronico Sodio Monohidrato,Ibandronico Acido,1807,4828
39633,ADAPALENO - CLINDAMICINA 0.1 % - 1 % GEL,,productos.molecula,Adapaleno,Clindamicina,812,2609
39635,AGUA OXIG ALVA INYECTABLE,,productos.molecula,Agua Oxig Alva,Peroxido De Hidrogeno,4053,30
39638,ALENDRONATO SODICO 70 MG X 4 COMPRIMIDOS,,productos.molecula,Alendronico Acido,Alendronato Sodio,123,
39643,AMLODIPINA 5 MG X 30 TABLETAS,,productos.molecula,Amlodipina,Amlodipino,212,1879
39649,ATAPEC 100 MG X 30 TABLETAS RECUBIERTAS,,productos.molecula,Atapec,Quetiapina,2948,5281
39660,BISOPROLOL FUMARATO 10 MG X 30 COMPRIMIDOS RECUBIERTOS,,productos.molecula,Bisoprolol,Bisoprolol Fumarato,494,1815
39661,BISOPROLOL FUMARATO 5 MG X 30 TABLETAS RECUBIERTAS,,productos.molecula,Bisoprolol,Bisoprolol Fumarato,494,1815
39665,BROMHEXINA PED4MG 5 ML / 120 ML JARABE,,productos.molecula,Bromhexina Ped4mg,Bromhexina,530,6110
39670,CEFAZOLINA SODICO 1 G X 10 INYECTABLE,,productos.molecula,Cefazolina Sodico,Cefazolina Sodica,671,3257
39678,CIPROFLOXACINA INF INY200MG CRDIST 100 ML INYECTABLE,,productos.molecula,Ciprofloxacina Inf Iny200mg Crdist,Ciprofloxacino,764,6356
39684,CITRATO CA VIT D3 TABLETAS,,productos.molecula,Citrato Ca Vit D3,Vitamina D3,3735,
39689,CLORHID MEBEVERINA 200 MG X 30 CAPSULAS,,productos.molecula,Clorhid Mebeverina,Mebeverina,2204,172
39691,CLORURO MAGNES 25 G LOCION,,productos.molecula,Cloruro Magnes,Magnesio Cloruro,2161,
39697,PORTU 4 MG X 100 COMPRIMIDOS,,productos.molecula,Portu,Clemastina,4296,6185
39698,SODICO 4 MG / 1 ML X 10 INYECTABLE,,productos.molecula,Sodico,Dexametasona,1034,6447
39699,DEXAMETASONA FOSFATO SODICO 8 MG / 2 ML SOLUCION INYECTABLE,,productos.molecula,Sodico,Dexametasona Fosfato Sodio,1037,6447
39700,SODICO 8 MG / 2 ML X 10 INYECTABLE,,productos.molecula,Sodico,Dexametasona,1034,6447
39703,DICLOFENACO SODICO 75 MG / 3 ML X 10 AMPOLLAS,,productos.molecula,Diclofenaco,Diclofenaco Sodico,1076,2675
39708,DIOSMINA-HESPERIDINA 450 MG-50 MG COMPRIMIDOS RECUBIERTOS,,productos.molecula,Diosmina Hesper,Diosmina,1120,1765
39708,DIOSMINA-HESPERIDINA 450 MG-50 MG COMPRIMIDOS RECUBIERTOS,,productos.molecula,Diosmina Hesper,Hesperidina,1729,1778
39713,DOXICICLINA 100 MG X 10 CAPSULAS,,productos.molecula,Doxiciclina Hiclato,Doxiciclina,1156,49
39715,ENALAPRIL MALEATO - HIDROCLOROTIAZIDA 20 MG - 12.5 MG TABLETAS,,productos.molecula,Enalapril - Hidroclorotiazida,Enalapril Maleato,1228,1922
39724,FLAVOXUNI FLAVOXATO 200 MG X 20 COMPRIMIDOS,,productos.molecula,Flavoxuni Flavoxato,Flavoxato,1461,2969
39744,KETOROLACO TROMETAMOL 30 MG / ML X 10 AMPOLLAS,,productos.molecula,Ketorolaco,Ketorolaco Trometamol,1957,1161
39746,KETOROLACO TROMETAMINA 20 MG X 10 COMPRIMIDOS,,productos.molecula,Ketorolaco Trometamina,Ketorolaco,1956,4590
39752,LEVOFLOXACINA INF CRDIST 500 MG / 100 ML INYECTABLE,,productos.molecula,Levofloxacina Inf Crdist,Levofloxacino,2067,6358
39761,LEVOTIROXINA SODICO 100 MCG X 10 TABLETAS,,productos.molecula,Levotiroxina Sodico,Levotiroxina Sodica,2079,3113
39762,LEVOTIROXINA SODICO 100 MCG X 50 TABLETAS,,productos.molecula,Levotiroxina Sodico,Levotiroxina Sodica,2079,3113
39763,LEVOTIROXINA SODICO 50 MCG X 50 TABLETAS,,productos.molecula,Levotiroxina Sodico,Levotiroxina Sodica,2079,3113
39765,LOPERAMIDA PORTU 2 MG X 100 COMPRIMIDOS,,productos.molecula,Loperamida Portu,Loperamida,2121,482
39768,LOSARTAN HCT 50 MG X 30 COMPRIMIDOS,,productos.molecula,Losartan Hct,Losartan,2131,1968
39768,LOSARTAN HCT 50 MG X 30 COMPRIMIDOS,,productos.molecula,Losartan Hct,Hidroclorotiazida,1739,1555
39769,LOSARTAN HCT 50 MG X 15 COMPRIMIDOS,,productos.molecula,Losartan Hct,Losartan,2131,1968
39769,LOSARTAN HCT 50 MG X 15 COMPRIMIDOS,,productos.molecula,Losartan Hct,Hidroclorotiazida,1739,1555
39780,METFORMINA LP 1000 MG X 30 TABLETAS,,productos.molecula,Metformina Lp,Metformina,2280,598
39796,LOSARTAN HCT TABR 50 MG X 30 COMPRIMIDOS,,productos.molecula,Losartan Hct Tabr,Losartan,2131,1968
39796,LOSARTAN HCT TABR 50 MG X 30 COMPRIMIDOS,,productos.molecula,Losartan Hct Tabr,Hidroclorotiazida,1739,1555
39798,NITROFURANTOINA LAPROFF 100 MG X 300 TABLETAS,,productos.molecula,Nitrofurantoina Laproff,Nitrofurantoina,2518,3455
39804,OLMESARTAN MEDOXOMIL 40 MG - HIDROLOCOTIAZIDA 12.5 MG X 30 TABLETAS RECUBIERTAS,,productos.molecula,Olmesartan Medoxomil,Olmesartan Medoxomilo,2576,1975
39804,OLMESARTAN MEDOXOMIL 40 MG - HIDROLOCOTIAZIDA 12.5 MG X 30 TABLETAS RECUBIERTAS,,productos.molecula,Olmesartan Medoxomil,Hidroclorotiazida,1739,1555
39814,CRISPLUS ORLISTAT ELEA ZUOZ 120 MG X 30 CAPSULAS,,productos.molecula,Crisplus Orlistat Elea Zuoz,Orlistat,2598,536
39818,PARACETAMOL PORTU 100 MG / 10 ML SOLUCION ORAL,,productos.molecula,Paracetamol Portu,Paracetamol,1,18
39830,PREVERAL DEXTRO REFORM 120 ML JARABE,,productos.molecula,Preveral Dextro Reform,Dextrometorfano,1053,6140
39830,PREVERAL DEXTRO REFORM 120 ML JARABE,,productos.molecula,Preveral Dextro Reform,Guaifenesina,1694,6096
39831,PROPRANOLOL CLORH 40 MG X 20 TABLETAS,,productos.molecula,Propranolol Clorh,Propranolol,2912,1796
39832,QUETIAPINA FARMAMED 100 MG X 10 TABLETAS,,productos.molecula,Quetiapina Farmamed,Quetiapina,2948,5281
39855,TAMSULOSINA TAMSUHEM 0.4 MG X 10 CAPSULAS,,productos.molecula,Tamsulosina Tamsuhem,Tamsulosina,3293,3009
39861,TIOCOLCHICOSIDO IMP 4 MG / 2 ML X 2 INYECTABLE,,productos.molecula,Tiocolchicosido Imp,Tiocolchicosido,4000,7246
39866,VALSARTAN HCT TABREC 80 MG X 30 TABLETAS,,productos.molecula,Valsartan Hct Tabrec,Valsartan,3596,1970
39866,VALSARTAN HCT TABREC 80 MG X 30 TABLETAS,,productos.molecula,Valsartan Hct Tabrec,Hidroclorotiazida,1739,1555
39869,BITEX COMPLEJO VITAMINA B1 B2 B6 B12 NATURALIFES X 30 TABLETAS,,productos.molecula,Bitex Complejo Vitamina B1 B2 B6 B12 Naturalifes,Tiamina,3384,710
39869,BITEX COMPLEJO VITAMINA B1 B2 B6 B12 NATURALIFES X 30 TABLETAS,,productos.molecula,Bitex Complejo Vitamina B1 B2 B6 B12 Naturalifes,Piridoxina,2789,729
39869,BITEX COMPLEJO VITAMINA B1 B2 B6 B12 NATURALIFES X 30 TABLETAS,,productos.molecula,Bitex Complejo Vitamina B1 B2 B6 B12 Naturalifes,Cianocobalamina,724,1115
39870,VITAMINA MANDARINA TIRA TABLETA MASTICABLE UNIDADES 500 MG X 10 TABLETAS,,productos.molecula,Vitamina Mandarina Tira Tableta Masticable Unidades,Vitamina C,3732,
39876,BISOPROLOL HCT 2.5 MG X 15 COMPRIMIDOS,,productos.molecula,Bisoprolol Hct,Bisoprolol,3830,1815
39876,BISOPROLOL HCT 2.5 MG X 15 COMPRIMIDOS,,productos.molecula,Bisoprolol Hct,Hidroclorotiazida,1739,1555
39877,ZYRTEC DICLORHIDRATO CETIRIZINA GSK FARMA 1 MG / 1 ML SOLUCION ORAL,,productos.molecula,Zyrtec Diclorhidrato Cetirizina Gsk Farma,Cetirizina,710,6544
39879,CLORURO MAGNES 25 G INYECTABLE,,productos.molecula,Cloruro Magnes,Magnesio Cloruro,2161,
39880,DICLOFENAC DIETILAMINO 1.16 % GEL,,productos.molecula,Diclofenac Dietilam,Diclofenaco Dietilamina,1074,2675
39892,CYNT SIMVASTATINA 20 MG X 20 COMPRIMIDOS,,productos.molecula,Cynt Simvastatina,Simvastatina,3181,2014
39893,SALBUTAMOL INH 100 MCG INHALACION,,productos.molecula,Salbutamol Inh,Salbutamol,3105,5962
39894,SALBUTAMOL INH 100 MCG LOCION,,productos.molecula,Salbutamol Inh,Salbutamol,3105,5962
39898,ANGIOFLUX 250LSU X 25 CAPSULAS,,productos.molecula,Angioflux 250lsu,Diosmina,1120,1765
39898,ANGIOFLUX 250LSU X 25 CAPSULAS,,productos.molecula,Angioflux 250lsu,Hesperidina,1729,1778
39904,CLOTRIMAZOL VAG 20 G CREMA,,productos.molecula,Clotrimazol Vag,Clotrimazol,878,2720
39906,DICLOFENAC SODICO 50 G GEL,,productos.molecula,Diclofenac Sodico,Diclofenaco Sodico,1076,2675
39907,DYMAZOL CLOTRIMAZOL OVULOS VAGINAL 200 MG X 3 OVULOS,,productos.molecula,Dymazol Clotrimazol Ovulos Vaginal,Clotrimazol,878,2720
39910,GLUTAMINA VIT B12 X 60 INYECTABLE,,productos.molecula,Glutamina Vit B12,Glutamina,1671,1221
39910,GLUTAMINA VIT B12 X 60 INYECTABLE,,productos.molecula,Glutamina Vit B12,Vitamina B12,3726,714
39911,HIDROCORTISONA SODICO 500 MG INYECTABLE,,productos.molecula,Hidrocortisona Sodico,Hidrocortisona,1740,3090
39913,DALCITRIN MUPIROCINA UNGUENTO,,productos.molecula,Dalcitrin Mupirocina,Mupirocina,2388,5901
39917,DIOSMINA HESPER 450 MG X 30 TABLETAS,,productos.molecula,Diosmina Hesper,Diosmina,1120,1765
39917,DIOSMINA HESPER 450 MG X 30 TABLETAS,,productos.molecula,Diosmina Hesper,Hesperidina,1729,1778
