producto_id,sku,nombre_comercial,nucleo,molecula,forma,laboratorio
37303,ME43992,ACIDO TRANEXAMICO 500 MG X 10 TABLETAS RECUBIERTAS,ACIDO TRANEXAMICO,Tranexamico Acido,TABLETAS,SHILPA PHARMA LIFESCIENCES LIMITED
37322,ME37101/3,ACETAMINOFEN - HIOSCINA N BUTIL BROMURO 500 MG-10 MG X 20 TABLETAS RE,ACETAMINOFEN - HIOSCINA N BUTIL BROMURO,,TABLETAS,"LABORATORIO LA SANTE, C.A."
37323,ME37101/2,ACETAMINOFEN - HIOSCINA N BUTIL BROMURO 500 MG-10 MG X 10 TABLETAS RE,ACETAMINOFEN - HIOSCINA N BUTIL BROMURO,,TABLETAS,"LABORATORIO LA SANTE, C.A."
37325,ME40713,ACETAMINOFEN - CLORFENIRAMINA 125 MG - 1 MG / 5 ML JARABE,ACETAMINOFEN - CLORFENIRAMINA,,JARABE,"SM PHARMA, C.A."
37326,ME39115,ACETAMINOFEN - TRAMADOL 325 MG - 37.5 MG X 10 COMPRIMIDOS,ACETAMINOFEN - TRAMADOL,,COMPRIMIDOS,"LABORATORIOS SPEFAR VENEZOLANOS, S.A."
37338,ME28634,ACICLOR 200 MG / 5 ML POLVO PARA SUSPENSION,ACICLOR,Aciclovir,POLVO PARA RECONSTITUCION,"LABORATORIOS LETI, S.A.V."
37335,ME43512,ACICLOVIR CREMA 5 %,ACICLOVIR CREMA,Aciclovir - Parafina Blanda - Sodio Hidrogeno Carbonato,CREMA,"JIANGXI SYNERGY PHARMACEUTICAL CO., LTD"
37337,HO1046,MONARC- M 250 U. 1 X 1 AMPOLLA,MONARC- M,,INYECTABLE,CORPORACION COLIMODIO C.A.
37345,ME34553/2,ACIDO ACETILSALICILICO 81 MG X 24 TABLETAS CON CUBIERTA ENTERICA,ACIDO ACETILSALICILICO,,TABLETAS,"LABORATORIOS L.O. OFTALMI, C.A."
37346,ME34553/3,ACIDO ACETILSALICILICO 81 MG X 30 TABLETAS CON CUBIERTA ENTERICA,ACIDO ACETILSALICILICO,,TABLETAS,"LABORATORIOS L.O. OFTALMI, C.A."
37349,ME1457,RESTYLANE PERLANE LIDOCAINA (ACIDO HIALURONICO - LIDOCAINA CLORHIDRATO) 20 MG / ML - 3 MG / ML GEL INYECTABLE,RESTYLANE PERLANE LIDOCAINA (ACIDO HIALURONICO - LIDOCAINA CLORHIDRATO),Hialuronico Acido,INYECTABLE,Q-MED AB.
37361,ME37466,FUCIDIN H 20 MG - 10 MG / G CREMA.,FUCIDIN H,Acido Fusidico Hemihidrato,CREMA,"LEO LABORATORIES LTD, IRLANDA"
37363,ME23174/2,VALPRON 500 MG X 10 TABLETAS,VALPRON,Valproico Acido,TABLETAS,LABORATORIOS FARMA S.A.
38912,ME23835,VALPRON 250 MG / 5 ML JARABE,VALPRON,,JARABE,LABORATORIOS FARMA S.A.
37367,ME44457,ACTUMIR DUO 12.5 MG-850 MG X 30 TABLETAS RECUBIERTAS,ACTUMIR DUO,Empagliflozina - Metformina,TABLETAS,LABORATORIOS FARMA S.A.
37368,ME43334,ADAPALENO - CLINDAMICINA 0.1 % - 1 % GEL,ADAPALENO - CLINDAMICINA,Adapaleno,GEL,"LABORATORIOS SPEFAR VENEZOLANOS, S.A."
37374,HO32804,AGUA BIDESTILADA INYECTABLE,AGUA BIDESTILADA INYECTABLE,,INYECTABLE,"LABORATORIO COFASA, S.A."
37375,HO1694,AGUA DESTILADA ESTERIL SOLUCION INYECTABLE,AGUA DESTILADA ESTERIL SOLUCION INYECTABLE,,INYECTABLE,"LABORATORIOS VALMOR, C.A."
39027,ME33777/2,AIRON 5 MG X 10 TABLETAS MASTICABLES,AIRON,Montelukast,TABLETAS,"LABORATORIOS L.O. OFTALMI, C.A."
37391,ME32131,ALENDRONATO SODICO 70 MG X 4 COMPRIMIDOS,ALENDRONATO SODICO,Alendronico Acido,COMPRIMIDOS,"LABORATORIOS LETI, S.A.V."
37397,ME34716,ALIPAL FORTE DIA 650 MG - 32 MG - 4 MG X 12 CAPSULAS,ALIPAL FORTE DIA,Cafeina,CAPSULAS,"BIOTECH LABORATORIOS, C.A."
37398,ME34933,AMITAFEN FORTE 650 MG X 10 TABLETAS,AMITAFEN FORTE,Acetaminofen,TABLETAS,"CALOX INTERNATIONAL, C.A."
37399,ME43815,ALIVET 100 MG - 0.42 MG / ML X 10 SOLUCION ORAL,ALIVET,Acetaminofen - Clorfenamina,SOLUCION ORAL,"LABORATORIOS LETI, S.A.V."
37414,ME28493,AMBROXOL CLORHIDRATO 30 MG / 5 ML JARABE,AMBROXOL CLORHIDRATO,Ambroxol,JARABE,"LABORATORIO LA SANTE, C.A."
37434,ME40038,AMLODIPINA - VALSARTAN 5 MG - 160 MG X 30 COMPRIMIDOS RECUBIERTOS,AMLODIPINA - VALSARTAN,Amlodipino - Valsartan,COMPRIMIDOS,"LABORATORIOS LETI, S.A.V."
37436,ME44341,SINOT CLAV 875 MG – 125 MG X 14 COMPRIMIDOS,SINOT CLAV,Amoxicilina,COMPRIMIDOS,MOMENTA FARMACEUTICA LTDA.
37437,ME43309,CLAVULAM 875 MG - 125 MG TABLETAS RECUBIERTAS,CLAVULAM,Amoxicilina - Clavulanico Acido,TABLETAS,LABORATE PHARMACEUTICALS INDIA LTD
39423,ME31275,AMOXIDUO 750 MG / 5 ML POLVO PARA SUSPENSION ORAL,AMOXIDUO,Amoxicilina,POLVO PARA RECONSTITUCION,ROEMMERS S.A.I.C.F
37451,ME37262,AMOXIVAL 750 ML / 5 ML POLVO PARA SUSPENSION ORAL,AMOXIVAL,Amoxicilina,POLVO PARA RECONSTITUCION,"LABORATORIOS VALMOR, C.A."
37452,ME22089,AMOXIVAL 250 MG / 5 ML POLVO PARA SUSPENSION ORAL,AMOXIVAL,Amoxicilina,POLVO PARA RECONSTITUCION,"LABORATORIOS VALMOR, C.A."
37464,ME31329/3,ANGRIP X 8 COMPRIMIDOS,ANGRIP X,,COMPRIMIDOS,MEGALABS S.A.
37465,ME31329/2,ANGRIP X 4 COMPRIMIDOS,ANGRIP X,,COMPRIMIDOS,MEGALABS S.A.
37466,ME31329/4,ANGRIP X 15 COMPRIMIDOS,ANGRIP X,,COMPRIMIDOS,MEGALABS S.A.
37471,ME43410/2,ANTAAR 1.25 MG X 10 TABLETAS RECUBIERTAS,ANTAAR,,TABLETAS,"CALOX INTERNATIONAL, C.A."
37474,ME40266,ANTILAX PLUS 2 MG - 125 MG X 10 CAPSULAS,ANTILAX PLUS,,CAPSULAS,LABORATORIOS FARMA S.A.
37476,ME42864,APIRET 120 MG / 5 ML SOLUCION ORAL,APIRET,,SOLUCION ORAL,"LABORATORIOS L.O. OFTALMI, C.A."
37477,ME42860,APIRET 160 MG / 5 ML SOLUCION ORAL,APIRET,,SOLUCION ORAL,"LABORATORIOS L.O. OFTALMI, C.A."
37479,ME42943,APIRETFLU DIA X 6 GRANULADO,APIRETFLU DIA X,Acetaminofen - Cafeina,GRANULADOS,"LABORATORIOS L.O. OFTALMI, C.A."
37480,ME44489,APITENA 2.5 MG X 30 COMPRIMIDOS RECUBIERTOS,APITENA,Apixaban,COMPRIMIDOS,FARMACEUTICA PARAGUAYA S.A.
37481,ME43847,APIBLOTAN 5 MG X 60 TABLETAS RECUBIERTAS,APIBLOTAN,Apixaban,TABLETAS,SYNOKEM PHARMACEUTICALS LIMITED
37502,ME31150,ASCAFYL PLUS X 10 TABLETAS RECUBIERTAS,ASCAFYL PLUS X,Acetaminofen - Cafeina,TABLETAS,LABORATORIOS SIEGFRIED S.A.
37503,ME17492,ASCAFYL X 10 TABLETAS RECUBIERTAS,ASCAFYL X,Acetaminofen - Cafeina,TABLETAS,LABORATORIOS SIEGFRIED S.A.
37508,ME19621/2,ATAMEL 500 MG X 10 TABLETAS,ATAMEL,Acetaminofen,TABLETAS,"CALOX INTERNATIONAL, C.A."
39080,ME19620,ATAMEL 100 MG / ML SOLUCION ORAL,ATAMEL,Acetaminofen,SOLUCION ORAL,"CALOX INTERNATIONAL, C.A."
37516,ME39468/3,ATORVACOF 20 MG X 30 TABLETAS RECUBIERTAS,ATORVACOF,Atorvastatina,TABLETAS,"LABORATORIO COFASA, S.A."
37532,ME29902,AUGMENTIN BID 875 MG - 125 MG TABLETAS RECUBIERTAS,AUGMENTIN BID,Amoxicilina - Clavulanico Acido,TABLETAS,SMITHKLINE BEECHAM LIMITED
37557,ME29570,BENCIDAMINA CLORHIDRATO 0.15 % SOLUCION TOPICA BUCAL,BENCIDAMINA CLORHIDRATO,,SOLUCION TOPICA,"LABORATORIO COFASA, S.A."
37563,ME33045/2,BENZODIAZOL 0.25 MG - 5 MG X 4 PASTILLAS SABOR A TUTTI FRUTTI,BENZODIAZOL,,PASTILLA,LABORATORIOS SIEGFRIED S.A.
37566,ME26475,BETADINE 8 % SOLUCION TOPICO BUCAL,BETADINE,,SOLUCION TOPICA,LABORATORIOS FARMA S.A.
37567,ME37878,BETADUO 6.430 MG - 2.631 MG / ML X 1 AMPOLLA,BETADUO,,INYECTABLE,"PHARMAYECT, S.A."
37570,ME16115,BETAGEN SOLSPEN X 1 AMPOLLA,BETAGEN SOLSPEN X,,INYECTABLE,"BIOTECH LABORATORIOS, C.A."
37575,ME22866,BEXILON 4 MG / 5 ML JARABE,BEXILON,,JARABE,"LABORATORIO PLUSANDEX DE FARMACEUTICOS UNIDOS, PLUSANDEX, C.A."
37576,ME42551,BILOL 2.5 MG X 10 TABLETAS RECUBIERTAS,BILOL,,TABLETAS,SWISS PARENTERALS LTD
37586,ME44259/2,BIPROLIL HCT 5 MG - 6.25 MG X 15 COMPRIMIDOS RECUBIERTOS,BIPROLIL HCT,Bisoprolol - Hidroclorotiazida,COMPRIMIDOS,"LABORATORIOS VARGAS, S.A."
37588,ME40280,BISOBLOC H 5 MG - 6.25 MG TABLETAS RECUBIERTAS,BISOBLOC H,Bisoprolol - Hidroclorotiazida,TABLETAS,"GLOBAL FARMA, S.A."
37604,ME35864,BRASARTAN 160 MG X 30 TABLETAS RECUBIERTAS,BRASARTAN,Valsartan,TABLETAS,LABORATORIOS FARMA S.A.
38668,ME34513,BREINOX 400 MG X 30 TABLETAS,BREINOX,Piracetam,TABLETAS,LABORATORIOS FARMA S.A.
37609,ME39097,BROFLEMA 8 MG / 5 ML SOLUCION ORAL,BROFLEMA,,SOLUCION ORAL,"BIOTECH LABORATORIOS, C.A."
37614,ME26069,CLORHIDRATO DE BROMEXINA 8 MG / 5 ML JARABE.,CLORHIDRATO DE BROMEXINA,Bromhexina,JARABE,"LABORATORIOS SPEFAR VENEZOLANOS, S.A."
37615,ME40260,BROMEXINA CLORHIDRATO 4 MG / 5 ML JARABE,BROMEXINA CLORHIDRATO,,JARABE,"SM PHARMA, C.A."
37624,ME29895,BRUGESIC PLUS 600 MG X 10 POLVO PARA SOLUCION ORAL,BRUGESIC PLUS,Ibuprofeno,POLVO PARA RECONSTITUCION,"LABORATORIOS ELMOR, S.A."
37634,ME43035/2,BUTAL 8 MG X 10 TABLETAS RECUBIERTAS,BUTAL,Betahistina,TABLETAS,LABORATORIOS SIEGFRIED S.A.
37637,ME30197,CALCIBON 200 MG X 30 TABLETAS RECUBIERTOS,CALCIBON,,TABLETAS,LABORATORIOS FARMA S.A.
37638,ME42932/4,VITAMINA C - ZINC 500 MG - 15 MG X 60 TABLETAS MASTICABLES SABOR A MANDARINA,VITAMINA C - ZINC,Ascorbico Acido - Zinc,TABLETAS,BIONUTREC S.A.S.
37639,ME42932/3,VITAMINA C - ZINC 500 MG - 15 MG X 30 TABLETAS MASTICABLES SABOR A MANDARINA,VITAMINA C - ZINC,Ascorbico Acido - Zinc,TABLETAS,BIONUTREC S.A.S.
37640,ME42932/2,VITAMINA C - ZINC 500 MG - 15 MG X 10 TABLETAS MASTICABLES SABOR A MANDARINA,VITAMINA C - ZINC,Ascorbico Acido - Zinc,TABLETAS,BIONUTREC S.A.S.
37768,ME33790,CALCITREX D3 1500 MG - 200 UI X 30 TABLETAS,CALCITREX,,TABLETAS,"LABORATORIOS L.O. OFTALMI, C.A."
37648,ME25320,CAMPAL 50 MG X 20 TABLETAS ENTERICAS,CAMPAL,,TABLETAS,LABORATORIOS SIEGFRIED S.A.
37650,ME40363/2,CANDER HCT 16 MG - 12.5 MG X 10 TABLETAS,CANDER HCT,,TABLETAS,"LABORATORIOS VALMOR, C.A."
37655,ME43341,CANDESARTAN CILETEXILO – HIDROCLOROTIAZIDA 8 MG – 12.5 MG TABLETAS RECUBIERTAS,CANDESARTAN CILETEXILO – HIDROCLOROTIAZIDA,,TABLETAS,MASCOT HEALTH SERIES PVT. LTD.
37665,ME40335,CANFIR 500 MG X 30 COMPRIMIDOS RECUBIERTOS DE LIBERACION PROLONGADA,CANFIR,,COMPRIMIDOS,"LABORATORIOS LETI, S.A.V."
37668,MI1290,OXIGENO MEDICINAL,OXIGENO MEDICINAL,,,"AGA GAS, C.A."
37682,ME33422/2,CARBATIL 12.5 MG X 10 TABLETAS,CARBATIL,Carvedilol,TABLETAS,"BIOTECH LABORATORIOS, C.A."
37717,HO43171,CEFOPERAZONA - SULBACTAM 1 G - 0.5 G X 1 AMPOLLA,CEFOPERAZONA - SULBACTAM,Sulbactam,INYECTABLE,"REYOUNG PHARMACEUTICAL CO., LTD"
37718,ME43917,CEFOTAS 500 MG X 20 CAPSULAS,CEFOTAS,Cefadroxilo,CAPSULAS,SYNTOFARMA S.A.
39452,ME44040,CEFOTAS 250 MG / 5 ML POLVO PARA SUSPENSION ORAL,CEFOTAS,Cefadroxilo,POLVO PARA RECONSTITUCION,SYNTOFARMA S.A.
39133,ME43851,CETERIX 10 MG COMPRIMIDOS,CETERIX,Cetirizina,COMPRIMIDOS,MEGALABS S.A.
37726,ME31148,CETIRIZINA DICLORHIDRATO 10 MG X 10 TABLETAS RECUBIERTAS,CETIRIZINA DICLORHIDRATO,Cetirizina,TABLETAS,"CALOX INTERNATIONAL, C.A."
37742,HO9190,CIFARCAINA AL 2 % X 2 AMPOLLAS,CIFARCAINA AL,,INYECTABLE,"LABORATORIO BEHRENS, C.A."
37743,HO9189,CIFARCAINA AL 1 % SOLUCION INYECTABLE,CIFARCAINA AL,,INYECTABLE,"LABORATORIO BEHRENS, C.A."
37749,ME39629,PROFITIP 100 MG X 30 TABLETAS,PROFITIP,,TABLETAS,MACLEODS PHARMACEUTICALS LTD
37754,HO44679,CIPROFLOXACINA INFUSION 0.2 G / 100 ML SOLUCION PARA INFUSION INTRAVENOSA,CIPROFLOXACINA INFUSION,Ciprofloxacino,INYECTABLE,U SQUARE LIFESCIENCE PVT. LTD.
37766,ME36822/3,CITRATO DE CALCIO 1190 MG X 60 TABLETAS MASTICABLES SABOR A MANDARINA,CITRATO DE CALCIO,,TABLETAS,"CALOX INTERNATIONAL, C.A."
37767,ME36822/2,CITRATO DE CALCIO 1190 MG X 30 TABLETAS MASTICABLES SABOR A MANDARINA,CITRATO DE CALCIO,,TABLETAS,"CALOX INTERNATIONAL, C.A."
37769,ME42521,CITRAPOL SOLUCION,CITRAPOL SOLUCION,Citrico Acido,LOCION,"SM PHARMA, C.A."
37771,ME25929,CLARIX 0.25 MG / ML SOLUCION NASAL,CLARIX,,SOLUCION NASAL,"LABORATORIOS L.O. OFTALMI, C.A."
37774,ME23979,CLENBUNAL 0.005 MG / 5 ML SOLUCION ORAL,CLENBUNAL,,SOLUCION ORAL,MEGALABS S.A.
37775,ME29289,CLENBUNAL 0.014 MG / ML SOLUCION ORAL,CLENBUNAL,,SOLUCION ORAL,MEGALABS S.A.
37776,ME28118,CLENBUTEROL CLORHIDRATO 10 MCG / 5 ML JARABE,CLENBUTEROL CLORHIDRATO,,JARABE,"LABORATORIO PLUSANDEX DE FARMACEUTICOS UNIDOS, PLUSANDEX, C.A."
37777,ME31537,AMBROXOL-CLENBUTEROL 7.5 MG-0.005 MG / 5 ML SOLUCION ORAL,AMBROXOL-CLENBUTEROL,Ambroxol,SOLUCION ORAL,"LABORATORIOS KIMICEG, C.A."
37778,ME31538,AMBROXOL-CLENBUTEROL 15 MG - 0.01 MG / 5 ML SOLUION ORAL,AMBROXOL-CLENBUTEROL,Ambroxol,SOLUCION ORAL,"LABORATORIOS KIMICEG, C.A."
37787,ME33581,CLOFEN 1.8 MG / ML SUSPENSION ORAL,CLOFEN,,SUSPENSION ORAL,"ESPECIALIDADES DOLLDER, C.A."
37788,ME42956,CLOMIFENO CITRATO 50 MG X 30 TABLETAS,CLOMIFENO CITRATO,Clomifeno,TABLETAS,WEST-COAST PHARMACEUTICAL WORKS LTD
37794,HO31483/2,CLONIDINA CLORHIDRATO 0.150 MG / ML X 2 AMPOLLAS,CLONIDINA CLORHIDRATO,,INYECTABLE,"LABORATORIOS VALMOR, C.A."
37795,HO31483/3,CLONIDINA CLORHIDRATO 0.150 MG / ML X 30 AMPOLLAS,CLONIDINA CLORHIDRATO,,INYECTABLE,"LABORATORIOS VALMOR, C.A."
37810,ME29314,CLORACE 125 - 0.5 MG / 5 ML SOLUCION ORAL,CLORACE,,SOLUCION ORAL,"LABORATORIO COFASA, S.A."
39148,ME44238/2,CLORACE 500 MG – 4 MG X 10 GRANULOS PARA SOLUCION ORAL SABOR A LIMON,CLORACE,Acetaminofen - Clorfenamina,SOLUCION ORAL,"LABORATORIO COFASA, S.A."
39149,ME44238/3,CLORACE 500 MG – 4 MG X 20 GRANULOS PARA SOLUCION ORAL SABOR A LIMON,CLORACE,Acetaminofen - Clorfenamina,SOLUCION ORAL,"LABORATORIO COFASA, S.A."
37814,ME43585/4,DOPALEN 200 MG X 30 CAPSULAS DE LIBERACION PROLONGADA,DOPALEN,Mebeverina,CAPSULAS,"BIOTECH LABORATORIOS, C.A."
37816,ME43585/3,DOPALEN 200 MG X 20 CAPSULAS DE LIBERACION PROLONGADA,DOPALEN,Mebeverina,CAPSULAS,"BIOTECH LABORATORIOS, C.A."
37819,HO1672,SOLUCION ISOTONICA DE CLORURO DE SODIO(SOL.FISIOLOGICA)PARENTERAL,SOLUCION ISOTONICA DE CLORURO DE SODIO(SOL.FISIOLOGICA)PARENTERAL,,INYECTABLE,"LABORATORIOS FLUPAL, C.A."
37825,ME25498,CO-SULTRIN 40 MG - 200 MG / 5 ML X 20 SUSPENSION,CO-SULTRIN,,SUSPENSION ORAL,"LABORATORIOS VALMOR, C.A."
37827,ME44294,COZOMINA T 2 % - 0.5 % SOLUCION OFTALMICA,COZOMINA T,Dorzolamida - Timolol,SOLUCION OFTALMICA,"LABORATORIO COFASA, S.A."
37830,ME38685,COLGESIC 400 MG - 40 MG X 15 COMPRIMIDOS RECUBIERTOS,COLGESIC,Ibuprofeno - Tiocolchicosido,COMPRIMIDOS,"BIOTECH LABORATORIOS, C.A."
37831,ME34845,COLLOVAR SOLUCION,COLLOVAR SOLUCION,Lactico Acido - Salicilico Acido,LOCION,"LABORATORIOS VARGAS, S.A."
37832,ME1491,COLOZIN® (LACTOBACILLUS PLANTARUM - PEDIOCOCCUS ACIDILACTICI) 150 MG (3.0 X 10⁹ UFC) X 30 CAPSULAS,COLOZIN® (LACTOBACILLUS PLANTARUM - PEDIOCOCCUS ACIDILACTICI),,CAPSULAS,"AB-BIOTICS, S.A."
37841,ME35619/2,CORENTEL 10 MG X 10 COMPRIMIDOS RECUBIERTOS,CORENTEL,,COMPRIMIDOS,MEGALABS S.A.
37842,ME35619/3,CORENTEL 10 MG X 30 COMPRIMIDOS RECUBIERTOS,CORENTEL,,COMPRIMIDOS,MEGALABS S.A.
37844,ME39494/3,CORENTEL 1.25 MG X 30 COMPRIMIDOS RECUBIERTOS,CORENTEL,,COMPRIMIDOS,MEGALABS S.A.
37847,ME38312/2,COROPRES HCT 16 MG - 12.5 MG X 10 COMPRIMIDOS,COROPRES HCT,Candesartan Cilexetilo - Hidroclorotiazida,COMPRIMIDOS,MEGALABS S.A.
37848,ME38312/3,COROPRES HCT 16 MG - 12.5 MG X 30 COMPRIMIDOS,COROPRES HCT,Candesartan Cilexetilo - Hidroclorotiazida,COMPRIMIDOS,MEGALABS S.A.
37850,ME44702,CORTYNASE PLUS 50 MCG - 140 MCG / DOSIS SUSPENSION NASAL,CORTYNASE PLUS,Azelastina - Mometasona Furoato,SOLUCION NASAL,"LABORATORIOS L.O. OFTALMI, C.A."
37864,ME30715/4,DALTAZEN 60 MG X 30 COMPRIMIDOS,DALTAZEN,Diltiazem,COMPRIMIDOS,MEGALABS S.A.
37865,HO33373,DECA LENTERMINA COMPLEX SOLUCION INYECTABLE,DECA LENTERMINA COMPLEX SOLUCION INYECTABLE,,INYECTABLE,"BIOTECH LABORATORIOS, C.A."
37866,HO13931,DECALONA 4 MG / ML X 1 AMPOLLA,DECALONA,,INYECTABLE,"BIOTECH LABORATORIOS, C.A."
37877,ME4931,DENCORUB CREMA,DENCORUB CREMA,Alcanfor - Mentol - Salicilato Metilo,CREMA,"LABORATORIOS PONCE, C.A."
37882,MI37676,DERMACORTINE 0.1 % EMULSION,DERMACORTINE,Mometasona,INYECTABLE,MEGALABS S.A.
38961,ME44594/2,DEROVIT 5000 UI X 60 CAPSULAS BLANDAS,DEROVIT,Vitamina D3,CAPSULAS,"INDUSTRIAS INTERCAPS DE VENEZUELA, C.A."
38962,ME44594/3,DEROVIT 5000 UI X 100 CAPSULAS BLANDAS,DEROVIT,Vitamina D3,CAPSULAS,"INDUSTRIAS INTERCAPS DE VENEZUELA, C.A."
37903,HO43012,DEXAMETASONA FOSFATO 8 MG / 2 ML X 1 AMPOLLA,DEXAMETASONA FOSFATO,Dexametasona,INYECTABLE,"LABORATORIOS VALMOR, C.A."
37906,ME44066,DEXKETOPROFENO 25 MG / 10 ML X 20 SOLUCION ORAL,DEXKETOPROFENO,Dexketoprofeno Trometamol,SOLUCION ORAL,"CALOX INTERNATIONAL, C.A."
37907,ME42573,DEXTAMIN 0.5 MG / ML X 10 SOLUCION ORAL,DEXTAMIN,Desloratadina,SOLUCION ORAL,"LABORATORIO PLUSANDEX DE FARMACEUTICOS UNIDOS, PLUSANDEX, C.A."
37912,ME10432,DI-EUDRIN 50 MG X 30 TABLETAS,DI-EUDRIN,Hidroclorotiazida,TABLETAS,"BIOTECH LABORATORIOS, C.A."
37918,ME35040,DIAGESIC 1.8 MG / ML SUSPENSION ORAL,DIAGESIC,,SUSPENSION ORAL,"BIOTECH LABORATORIOS, C.A."
37919,ME24715,DIANE 35 MCG - 2 MG X 21 GRAGEAS,DIANE,Etinilestradiol,GRAGEAS,UNIAO QUIMICA INTERNACIONAL LTDA.
37921,ME44533,DICARVEX 25 MG X 30 TABLETAS,DICARVEX,Carvedilol,TABLETAS,"LABORATORIO PLUSANDEX DE FARMACEUTICOS UNIDOS, PLUSANDEX, C.A."
37922,ME43814,DICLODEX 1.8 MG / ML SUSPENSION ORAL,DICLODEX,Diclofenaco,SOLUCION ORAL,"LABORATORIO PLUSANDEX DE FARMACEUTICOS UNIDOS, PLUSANDEX, C.A."
37924,MI35435/2,DICLOFENAC POT X 6 UNIDADES,DICLOFENAC POT X,Diclofenaco,,LABORATORIO CHILE S.A.
37925,MI35435/3,DICLOFENAC POT X 10 UNIDADES,DICLOFENAC POT X,Diclofenaco,,LABORATORIO CHILE S.A.
37926,MI35435/4,DICLOFENAC POT X 30 UNIDADES,DICLOFENAC POT X,Diclofenaco,,LABORATORIO CHILE S.A.
37935,ME43220,DICLOXACILINA 250 MG / 5 ML POLVO PARA SUSPENSION ORAL,DICLOXACILINA,,POLVO PARA RECONSTITUCION,MANUFACTURERA MUNDIAL FARMACEUTICA S.A.
39193,ME38499,DIKLASON 1.16 % GEL,DIKLASON,,GEL,"LABORATORIOS LETI, S.A.V."
37945,ME43230,DIKLASON BI 150 MG X 10 COMPRIMIDOS DE LIBERACION CONTROLADA,DIKLASON BI,,COMPRIMIDOS,"LABORATORIOS LETI, S.A.V."
38945,ME43348/3,DIOSMINA - HESPERIDINA 450 MG - 50 MG X 30 CAPSULAS BLANDAS,DIOSMINA - HESPERIDINA,Hesperidina,CAPSULAS,"CALOX INTERNATIONAL, C.A."
37957,ME40371,DIOSMINA-HESPERIDINA 450 MG-50 MG COMPRIMIDOS RECUBIERTOS,DIOSMINA-HESPERIDINA,,COMPRIMIDOS,LABORATORIO ELEA PHOENIX S.A.
37960,ME37926,PENTASA 500 MG X 30 COMPRIMIDOS DE LIBERACION PROLONGADA,PENTASA,Mesalazina,COMPRIMIDOS,"FERRING INTERNATIONAL CENTER, S.A."
37967,ME26655/2,DOL X 4 TABLETAS RECUBIERTAS,DOL X,Acetaminofen - Cafeina,TABLETAS,"CALOX INTERNATIONAL, C.A."
39490,ME38932/2,DOLAK 30 MG X 1 COMPRIMIDO SUBLINGUAL,DOLAK,,COMPRIMIDOS,"ESPECIALIDADES DOLLDER, C.A."
39491,ME38932/3,DOLAK 30 MG X 2 COMPRIMIDOS SUBLINGUALES,DOLAK,,COMPRIMIDOS,"ESPECIALIDADES DOLLDER, C.A."
37971,ME43320,DOLCAN 9 MG / 5 ML SUSPENSION ORAL,DOLCAN,,SOLUCION ORAL,MEGALABS S.A.
37979,ME44460/3,DONEPEZILO CLORHIDRATO 10 MG X 56 CAPSULAS,DONEPEZILO CLORHIDRATO,Donepezilo,CAPSULAS,"LABORATORIOS LETI, S.A.V."
37980,ME44460/2,DONEPEZILO CLORHIDRATO 10 MG X 10 CAPSULAS,DONEPEZILO CLORHIDRATO,Donepezilo,CAPSULAS,"LABORATORIOS LETI, S.A.V."
37991,ME32615/5,DUROVAL 50 MG X 10 TABLETAS RECUBIERTAS,DUROVAL,,TABLETAS,"LABORATORIOS VALMOR, C.A."
37992,ME44389/2,TAMSULON DUO 0.5 MG - 0.4 MG X 10 CAPSULAS DE LIBERACION PROLONGADA,TAMSULON DUO,Dutasterida - Tamsulosina,CAPSULAS,ASOFARMA S.A.I. Y C
37993,ME44389/3,TAMSULON DUO 0.5 MG - 0.4 MG X 30 CAPSULAS DE LIBERACION PROLONGADA,TAMSULON DUO,Dutasterida - Tamsulosina,CAPSULAS,ASOFARMA S.A.I. Y C
38001,ME43620,LERCANIDIPINA CLORHIDRATO – ENALAPRIL MALEATO 10 MG – 20 MG X 30 COMPRIMIDOS RECUBIERTOS,LERCANIDIPINA CLORHIDRATO – ENALAPRIL MALEATO,Enalapril - Lercanidipino,COMPRIMIDOS,"LABORATORIOS LETI, S.A.V."
38002,ME43619,LERCANIDIPINA CLORHIDRATO - ENALAPRIL MALEATO 10 MG - 10 MG X 30 COMPRIMIDOS RECUBIERTOS,LERCANIDIPINA CLORHIDRATO - ENALAPRIL MALEATO,Enalapril - Lercanidipino,COMPRIMIDOS,"LABORATORIOS LETI, S.A.V."
38007,ME44613,ENALAPRIL MALEATO - HIDROCLOROTIAZIDA 20 MG - 12.5 MG TABLETAS,ENALAPRIL MALEATO - HIDROCLOROTIAZIDA,Enalapril - Hidroclorotiazida,TABLETAS,"LABORATORIOS KIMICEG, C.A."
38008,ME1103,ENTEROGERMINA (ESPORAS DE BACILLUS CLAUSII) 2 MILLARDOS / 5 ML X 10 SUSPENSION ORAL,ENTEROGERMINA (ESPORAS DE BACILLUS CLAUSII),,SOLUCION ORAL,"CALOX INTERNATIONAL, C.A."
38012,ME19381,ERILON 1 MG / ML LOCION,ERILON,,LOCION,"BIOTECH LABORATORIOS, C.A."
39573,ME38530,ESOZ 10 MG X 10 MICROGRANULOS ENTERICOS PARA SUSPENSION ORAL,ESOZ,Esomeprazol Magnesico,SOLUCION ORAL,"LABORATORIO LA SANTE, C.A."
38044,ME35208,ESPARFLIN 0.5 MG / ML X 10 JARABE,ESPARFLIN,Desloratadina,JARABE,MEGALABS S.A.
38048,ME43795,ESQUIDONE 1 MG / ML X 30 SOLUCION ORAL,ESQUIDONE,Risperidona,SOLUCION ORAL,"LABORATORIOS VALMOR, C.A."
39207,ME44071,EVABOLIN 10 MG X 30 TABLETAS RECUBIERTAS,EVABOLIN,Empagliflozina,TABLETAS,"LABORATORIO COFASA, S.A."
38066,ME42311,FEBRATIC 15 MG / ML SUSPENSION ORAL,FEBRATIC,,SUSPENSION ORAL,MEGALABS S.A.
39213,ME38628,FEBRATIC 10 MG / 5 ML SUSPENSION ORAL,FEBRATIC,Diclofenaco,SOLUCION ORAL,MEGALABS S.A.
38075,ME27405/2,FERGANIC 40 MG X 14 CAPSULAS,FERGANIC,,CAPSULAS,MEGALABS S.A.
38078,ME27552,FERGANIC 20 MG / ML SOLUCION ORAL,FERGANIC,,SOLUCION ORAL,MEGALABS S.A.
39216,ME33238/4,FERGANIC FOLIC 40 MG - 350 MCG X 24 TABLETAS MASTICABLES,FERGANIC FOLIC,Folico Acido,TABLETAS,MEGALABS S.A.
39217,ME33238/2,FERGANIC FOLIC 40 MG - 350 MCG X 14 TABLETAS MASTICABLES,FERGANIC FOLIC,Folico Acido,TABLETAS,MEGALABS S.A.
38086,ME1319/2,FESTAL (PANCREATINA DE ORIGEN PORCINO) X 10 GRAGEAS,FESTAL (PANCREATINA DE ORIGEN PORCINO) X,,GRAGEAS,"CALOX INTERNATIONAL, C.A."
38087,ME1319/3,FESTAL (PANCREATINA DE ORIGEN PORCINO) X 20 GRAGEAS,FESTAL (PANCREATINA DE ORIGEN PORCINO) X,,GRAGEAS,"CALOX INTERNATIONAL, C.A."
38088,ME36163,FEXOFENADINA CLORHIDRATO 180 MG X 10 TABLETAS RECUBIERTAS,FEXOFENADINA CLORHIDRATO,Fexofenadina,TABLETAS,"CALOX INTERNATIONAL, C.A."
38092,ME784,NIAZOL 1 MG / ML X 10 SOLUCION NASAL,NIAZOL,,SOLUCION NASAL,"BIOTECH LABORATORIOS, C.A."
38093,ME13715,MONOSULPA X 260 SOLUCION NASAL,MONOSULPA X,,SOLUCION NASAL,"LABORATORIOS LETI, S.A.V."
38099,ME35935,FLATORIL 80 MG / ML SUSPENSION GOTAS,FLATORIL,Simeticona,SUSPENSION ORAL,"LABORATORIOS ELMOR, S.A."
38104,ME41029,FLAVOXATO CLORHIDRATO 200 MG X 10 TABLETAS RECUBIERTAS,FLAVOXATO CLORHIDRATO,Flavoxato,TABLETAS,"LABORATORIO LA SANTE, C.A."
39220,ME38610,FLENOX 30 MG / 5 ML SOLUCION ORAL,FLENOX,Ambroxol,SOLUCION ORAL,"BIOTECH LABORATORIOS, C.A."
38112,ME41686,FLUCON 200 MG X 4 CAPSULAS,FLUCON,Fluconazol,CAPSULAS,MEGALABS S.A.
38113,HO36216,EXOMAX 200 MG / 100 ML X 1 AMPOLLA,EXOMAX,Fluconazol,INYECTABLE,BAXTER PHARMACEUTICALS INDIA PRIVATE LIMITED
38132,HO21515,FOSFATO DE POTASIO MONOBASICO 1 MEQ / ML SOLUCION INYECTABLE I.V.,FOSFATO DE POTASIO MONOBASICO,,INYECTABLE,"LABORATORIO BEHRENS, C.A."
38134,ME31562,FOTORRETIN 0.5 % - 5 % SOLUCION OFTALMICA,FOTORRETIN,Tropicamida,SOLUCION OFTALMICA,LABORATORIOS POEN S.A.U.
38137,ME35373,FULGRAM 600 MG - 42.9 MG / 5 ML POLVO PARA SUSPENSION,FULGRAM,Amoxicilina - Clavulanico Acido,POLVO PARA RECONSTITUCION,"LABORATORIOS LETI, S.A.V."
38146,ME37992,GABAPANTINA 300 MG X 20 CAPSULAS,GABAPANTINA,Gabapentina,CAPSULAS,"CALOX INTERNATIONAL, C.A."
38153,ME39975/2,GENESA 3 MG-20 MCG X 21 COMPRIMIDOS RECUBIERTOS,GENESA,,COMPRIMIDOS,"LABORATORIOS LEON FARMA, S.A."
38157,ME24164,GENURIN 200 MG X 10 COMPRIMIDOS RECUBIERTOS,GENURIN,,COMPRIMIDOS,"LABORATORIOS ELMOR, S.A."
38160,ME39843,METFORMINA CLORHIDRATO - GLIBENCLAMIDA 500 MG - 5 MG TABLETAS RECUBIERTAS,METFORMINA CLORHIDRATO - GLIBENCLAMIDA,Glibenclamida,TABLETAS,LEK PHARMACEUTICALS D.D
38169,ME32727,GLIMERID 2 MG X 30 TABLETAS,GLIMERID,Glimepirida,TABLETAS,"LABORATORIO LA SANTE, C.A."
38172,ME35866,GLUCOFAGE 500 MG XR X 30 TABLETAS DE LIBERACION RETARDADA,GLUCOFAGE,,TABLETAS,MERCK SANTE S.A.S.
38173,ME37958,GLUCONATO FERROSO (50 MG / 15 ML DE HIERRO ELEMENTAL) SOLUCION ORAL,GLUCONATO FERROSO,,SOLUCION ORAL,"BIOQUIMICA INTERNACIONAL, C.A."
38182,ME22169,GULAPER 100 MG / 5 ML ORAL,GULAPER,,SOLUCION ORAL,MEGALABS S.A.
39241,ME44628,GULAPER 100 MG / 5 ML SOLUCION ORAL SABOR CHICLE,GULAPER,S-carboximetilcisteina,SOLUCION ORAL,MEGALABS S.A.
38192,ME36876,VALSARTAN -HIDROCLOROTIAZIDA 160 MG-25 MG X 20 TABLETAS RECUBIERTAS,VALSARTAN -HIDROCLOROTIAZIDA,,TABLETAS,"CALOX INTERNATIONAL, C.A."
38198,HO35867,BUTILBROMURO DE HIOSCINA 20 MG / ML SOLUCION INYECTABLE,BUTILBROMURO DE HIOSCINA,,INYECTABLE,GLAND PHARMA LIMITED
38200,ME1384,HIRUDOID (POLISULFATO DE MUCOPOLISACARIDO) 25.000 UI / 100 G GEL,HIRUDOID (POLISULFATO DE MUCOPOLISACARIDO),,GEL,CIFARMA S.A.C
38202,ME41648,HISTIVERT 16 MG X 30 COMPRIMIDOS,HISTIVERT,Betahistina,COMPRIMIDOS,"EUROFARMA LABORATORIOS, S.A."
38240,ME37122,ILANA 600 MG X 1 CAPSULA BLANDA VAGINAL,ILANA,,CAPSULAS,"PROCAPS, S.A."
39255,ME42947,IMAZOL DUAL 100 MG CAPSULAS BLANDAS VAGINALES - 1 % X 6 CREMA VAGINAL,IMAZOL DUAL,Clotrimazol,CAPSULAS,LABORATORIOS SIEGFRIED S.A.
38249,ME40027,FLUTIXAIR 125 MG - 25 MCG / DOSIS X 200 SUSPENSION INHALACION ORAL,FLUTIXAIR,,SOLUCION ORAL,LABORATORIOS HAYMANN S.A.
38896,ME40028,FLUTIXAIR 250 MCG -25 MCG / DOSIS X 120 SUSPENSION PARA INHALACION ORAL,FLUTIXAIR,,SOLUCION ORAL,LABORATORIOS HAYMANN S.A.
38250,ME36328,IPORET 40 MG / ML SUSPENSION ORAL GOTAS,IPORET,Ibuprofeno,SOLUCION ORAL,"LABORATORIOS L.O. OFTALMI, C.A."
38258,ME36807,IRBESARTAN -HIDROCLOROTIAZIDA 150 MG -12.5 MG X 28 TABLETAS,IRBESARTAN -HIDROCLOROTIAZIDA,,TABLETAS,"CALOX INTERNATIONAL, C.A."
38259,ME43716,IRBETIAZID 150 MG - 12.5 MG X 28 TABLETAS,IRBETIAZID,Hidroclorotiazida - Irbesartan,TABLETAS,LABORATORIOS SIEGFRIED S.A.
38262,ME44504,ITRASEC 33.33 MG – 166.66 MG X 12 CAPSULAS,ITRASEC,Itraconazol - Secnidazol Anhidro,CAPSULAS,"JIANGXI SYNERGY PHARMACEUTICAL CO., LTD"
39266,ME44048,IZABAN DPP 10 MG - 5 MG COMPRIMIDOS RECUBIERTOS,IZABAN DPP,Empagliflozina - Linagliptina,COMPRIMIDOS,"LABORATORIOS LETI, S.A.V."
38272,HO30748/4,KELAC 30 MG / ML X 4 AMPOLLAS,KELAC,,INYECTABLE,MEGALABS S.A.
38278,ME41404,KEPRORET 1 MG / ML SOLUCION ORAL,KEPRORET,Ketoprofeno,SOLUCION ORAL,"LABORATORIOS L.O. OFTALMI, C.A."
38296,HO42668/3,KETOROLACO TROMETAMOL 30 MG / ML X 10 AMPOLLAS,KETOROLACO TROMETAMOL,Ketorolaco,INYECTABLE,"LABORATORIO BIOSANO, S.A."
38297,HO42668/2,KETOROLACO TROMETAMOL 30 MG / ML X 8 AMPOLLAS,KETOROLACO TROMETAMOL,Ketorolaco,INYECTABLE,"LABORATORIO BIOSANO, S.A."
38298,HO42686,KETOROLACO TROMETAMINA 30 MG / ML X 3 AMPOLLAS,KETOROLACO TROMETAMINA,,INYECTABLE,CADILA PHARMACEUTICALS LIMITED
38299,ME36886,KETOROLAC TROMETAMINA 20 MG X 10 COMPRIMIDOS,KETOROLAC TROMETAMINA,,COMPRIMIDOS,"LABORATORIOS SPEFAR VENEZOLANOS, S.A."
38307,ME36925/3,LACTBET 3000 U X 20 CAPSULAS,LACTBET,,CAPSULAS,"BIOTECH LABORATORIOS, C.A."
38308,ME16175,LARFACAINA 2 MG - 1.5 MG X 16 PASTILLAS SABOR A TUTTI - FRUTTI,LARFACAINA,Cetilpiridinio - Lidocaina,PASTILLA,"LABORATORIOS ELMOR, S.A."
39190,ME43966,LERCANIDIPINO 10 MG X 10 COMPRIMIDOS RECUBIERTOS,LERCANIDIPINO,Acetaminofen - Lercanidipino,COMPRIMIDOS,"LABORATORIOS VARGAS, S.A."
38323,ME43991,LERCANIDIPINO CLOHIDRATO 10 MG X 30 TABLETAS RECUBIERTAS,LERCANIDIPINO CLOHIDRATO,Lercanidipino,TABLETAS,ANG LIFESCIENCES INDIA LTD
38324,ME44311,LERCANIDIPNO 20 MG X 30 TABLETAS RECUBIERTAS,LERCANIDIPNO,Lercanidipino,TABLETAS,AXA PARENTERALS LTD
38327,ME33641/3,LETISAN 500 MG X 30 COMPRIMIDOS RECUBIERTOS DE ACCION PROLONGADA,LETISAN,,COMPRIMIDOS,"LABORATORIOS LETI, S.A.V."
38353,HO32824,LIDOCAINA - EPINEFRINA 2 % - 1:50.000 SOLUCION INYECTABLE,LIDOCAINA - EPINEFRINA,,INYECTABLE,EMPRESA LABORATORIOS AICA
38355,HO40559,LINEZID 2 MG / ML SOLUCION INYECTABLE PARA INFUSION IV,LINEZID,,INYECTABLE,"LABORATORIO BEHRENS, C.A."
38356,MI318,LIOLACTIL X 20 SOBRES,LIOLACTIL X,,,"LABORATORIOS ELMOR, S.A."
38357,ME1264,LIOLACTIL (LACTOBACILOS RHAMNOSUS) 1.5 G X 6 POLVO PARA SUSPENSION ORAL SOBRES,LIOLACTIL (LACTOBACILOS RHAMNOSUS),,POLVO PARA RECONSTITUCION,"LABORATORIOS ELMOR, S.A."
38358,ME39972,LIPACOMB 40 MG - 10 MG X 30 TABLETAS,LIPACOMB,,TABLETAS,LABORATORIOS FARMA S.A.
38365,ME22407,LISOMUCIN 8 MG / 5 ML JARABE,LISOMUCIN,,JARABE,"LABORATORIOS SPEFAR VENEZOLANOS, S.A."
38369,ME39867,LODIPIN VL 10 MG - 160 MG X 30 CAPSULAS,LODIPIN VL,,CAPSULAS,MEGALABS S.A.
38370,ME28967,LOFLOX 400 MG X 10 TABLETAS RECUBIERTAS,LOFLOX,,TABLETAS,LABORATORIOS SIEGFRIED S.A.
38371,ME22858,LOGANIL 250 MG / 5 ML JARABE,LOGANIL,,JARABE,"BIOTECH LABORATORIOS, C.A."
38375,ME27475,LONGACEF 100 MG / 5 ML POLVO PARA SUSPENSION,LONGACEF,Cefixima,POLVO PARA RECONSTITUCION,"LABORATORIOS LETI, S.A.V."
38385,ME40440,LORATADINA - AMBROXOL CLORHIDRATO 5 MG - 30 MG / 5 ML SOLUCION ORAL,LORATADINA - AMBROXOL CLORHIDRATO,Ambroxol - Loratadina,SOLUCION ORAL,"LABORATORIOS KIMICEG, C.A."
38390,ME42490,LORATADINA - BETAMETASONA 5 MG - 0.25 MG COMPRIMIDOS,LORATADINA - BETAMETASONA,Betametasona - Loratadina,COMPRIMIDOS,"LABORATORIOS SPEFAR VENEZOLANOS, S.A."
38393,ME37256,LORECORT 1 MG - 0.05 MG / 5 ML SOLUCION ORAL,LORECORT,,SOLUCION ORAL,"LABORATORIOS L.O. OFTALMI, C.A."
38405,ME36110/2,LOSARTAN POTASICO - HIDROCLOROTIZADA 100 MG - 25 MG X 10 TABLETAS RECUBIERTAS,LOSARTAN POTASICO - HIDROCLOROTIZADA,Hidroclorotiazida - Losartan,TABLETAS,"CALOX INTERNATIONAL, C.A."
38406,ME36110/3,LOSARTAN POTASICO - HIDROCLOROTIZADA 100 MG - 25 MG X 30 TABLETAS RECUBIERTAS,LOSARTAN POTASICO - HIDROCLOROTIZADA,Hidroclorotiazida - Losartan,TABLETAS,"CALOX INTERNATIONAL, C.A."
39292,ME16064,MACRODANTINA 100 MG X 30 CAPSULAS,MACRODANTINA,Nitrofurantoina,CAPSULAS,LABORATORIOS FARMA S.A.
38421,ME37893,MAALOX 460 MG - 400 MG / 4.3 ML X 30 SUSPENSION,MAALOX,Aluminio Hidroxido - Magnesio Hidroxido,SUSPENSION ORAL,SANOFI AVENTIS S.P.A ITALIA
38422,ME38235,GLETOP 20 MG X 60 TABLETAS CON CUBIERTA ENTERICA,GLETOP,Esomeprazol Magnesio Trihidrato,TABLETAS,GLENMARK PHARMACEUTICALS LIMITED
38426,HO15879,MANITOL AL 18 % SOLUCION INYECTABLE INTRAVENOSA,MANITOL AL,Manitol,INYECTABLE,"LABORATORIO BEHRENS, C.A."
38430,ME41135,MATERNAVIT X 30 CAPSULAS BLANDAS,MATERNAVIT X,,CAPSULAS,LAMBO LABORATORIA N.V
38433,ME42290,MAXOTEN 25 MG X 30 COMPRIMIDOS RECUBIERTOS,MAXOTEN,Eplerenona,COMPRIMIDOS,"LABORATORIOS LETI, S.A.V."
38442,ME43017/2,MEMANTINA CLORHIDRATO 10 MG X 10 TABLETAS RECUBIERTAS,MEMANTINA CLORHIDRATO,Memantina,TABLETAS,MACLEODS PHARMACEUTICALS LTD
38443,ME43017/4,MEMANTINA CLORHIDRATO 10 MG X 28 TABLETAS RECUBIERTAS,MEMANTINA CLORHIDRATO,Memantina,TABLETAS,MACLEODS PHARMACEUTICALS LTD
38444,ME43017/3,MEMANTINA CLORHIDRATO 10 MG X 14 TABLETAS RECUBIERTAS,MEMANTINA CLORHIDRATO,Memantina,TABLETAS,MACLEODS PHARMACEUTICALS LTD
38446,MI4470,FRICSOL 10 % - 10 % LINIMENTO,FRICSOL,Mentol - Salicilato Metilo,UNGUENTO,LABORATORIOS FARMA S.A.
38451,HO21983/3,DIPIRONA 1 G / 2 ML X 5 AMPOLLAS,DIPIRONA,,INYECTABLE,"LABORATORIOS VALMOR, C.A."
38452,ME37735,CLORHIDRATO DE METFORMINA 500 MG X 30 TABLETAS RECUBIERTAS,CLORHIDRATO DE METFORMINA,Metformina,TABLETAS,EMPRESA LABORATORIOS MEDSOL
38463,MI41036,SITAGLIPTINA-METFORMINA CLORHIDRATO 50 MG-1000 MG X 30 COMP RECUBIERTOS,SITAGLIPTINA-METFORMINA CLORHIDRATO,,,"LABORATORIOS LETI, S.A.V."
38465,ME40568,SITAGLIPTINA -METFORMINA CLORHIDRATO 50 MG-500 MG X 30 COMPRIMIDOS,SITAGLIPTINA -METFORMINA CLORHIDRATO,,COMPRIMIDOS,"LABORATORIOS LETI, S.A.V."
38470,ME37626,BETALOCZOK 47.5 MG X 30 COMPRIMIDOS DE LIBERACION CONTROLADA,BETALOCZOK,Metoprolol,COMPRIMIDOS,ASTRAZENECA AB.
38472,ME29532/3,METREN 500 MG X 15 CAPSULAS BLANDAS VAGINALES,METREN,Metronidazol,CAPSULAS,LABORATORIOS SIEGFRIED S.A.
38479,ME31064,METRONIDAZOL BENZOIL 125 MG / 5 ML SUSPENSION ORAL,METRONIDAZOL BENZOIL,,SUSPENSION ORAL,"LABORATORIOS KIMICEG, C.A."
38480,ME31012,METRONIDAZOL BENZOIL 250 MG / 5 ML SUSPENSION ORAL,METRONIDAZOL BENZOIL,Metronidazol,SUSPENSION ORAL,"LABORATORIOS KIMICEG, C.A."
38487,ME34758,MICROSER 16 MG X 20 TABLETAS,MICROSER,Betahistina,TABLETAS,TECNANDINA S.A.
38492,HO23464/3,MIOVIT COMPOSITUM CON LIDOCAINA X 3 AMPOLLAS,MIOVIT COMPOSITUM CON LIDOCAINA X,,INYECTABLE,"LABORATORIO COFASA, S.A."
38493,HO23464/2,MIOVIT COMPOSITUM CON LIDOCAINA X 1 AMPOLLA,MIOVIT COMPOSITUM CON LIDOCAINA X,,INYECTABLE,"LABORATORIO COFASA, S.A."
38494,HO23464/4,MIOVIT COMPOSITUM CON LIDOCAINA X 6 AMPOLLAS,MIOVIT COMPOSITUM CON LIDOCAINA X,,INYECTABLE,"LABORATORIO COFASA, S.A."
38495,ME22476/2,MIOVIT X 10 COMPRIMIDOS RECUBIERTOS,MIOVIT X,,COMPRIMIDOS,"LABORATORIO COFASA, S.A."
38496,ME22476/3,MIOVIT X 30 COMPRIMIDOS RECUBIERTOS,MIOVIT X,,COMPRIMIDOS,"LABORATORIO COFASA, S.A."
38497,ME43809,VERNATE 0.05 % CREMA,VERNATE,Clobetasol Propionato,CREMA,"BIOTECH LABORATORIOS, C.A."
38501,ME43794/2,MIRTAZAVAL 15 MG X 10 TABLETAS RECUBIERTAS,MIRTAZAVAL,Mirtazapina,TABLETAS,"LABORATORIOS VALMOR, C.A."
38503,ME42742,MISULVAN FORTE 30 MG - 5 MG / 5 ML SOLUCION ORAL,MISULVAN FORTE,Ambroxol - Loratadina,SOLUCION ORAL,"LABORATORIO PLUSANDEX DE FARMACEUTICOS UNIDOS, PLUSANDEX, C.A."
38509,ME39173,MONTRAX 4 MG X 10 TABLETAS MASTICABLES,MONTRAX,,TABLETAS,"BIOTECH LABORATORIOS, C.A."
38520,ME20385,MUCOBROL 4 MG / 5 ML JARABE,MUCOBROL,,JARABE,"LABORATORIO COFASA, S.A."
38521,ME40502,MUCOMAX 15 MG / 5 ML SOLUCION ORAL USO PEDIATRICO,MUCOMAX,Ambroxol,SOLUCION ORAL,"LABORATORIOS KIMICEG, C.A."
38524,ME11776,MULTIVIRAL X 30 CAPSULAS,MULTIVIRAL X,,CAPSULAS,LABORATORIOS SIEGFRIED S.A.
38528,HO36014,N-BUTIL BROMURO DE HIOSCINA 20 MG / ML X 5 AMPOLLAS,N-BUTIL BROMURO DE HIOSCINA,,INYECTABLE,VITALIS S.A.C.I.
38532,ME43615,TRASS (NAPROXENO SODICO 500 MG + SUMATRIPTAN 85 MG) X 10 TABLETAS RECUBIERTAS,TRASS (NAPROXENO SODICO,Naproxeno - Sumatriptan,TABLETAS,"PROCAPS, S.A."
38534,ME31384/5,NEFROTAL H 50 MG - 12.5 MG X 30 COMPRIMIDOS RECUBIERTOS,NEFROTAL H,Hidroclorotiazida - Losartan,COMPRIMIDOS,MEGALABS S.A.
38535,ME31384/4,NEFROTAL H 50 MG - 12.5 MG X 15 COMPRIMIDOS RECUBIERTOS,NEFROTAL H,Hidroclorotiazida - Losartan,COMPRIMIDOS,MEGALABS S.A.
38536,ME31384/2,NEFROTAL H 50 MG - 12.5 MG X 10 COMPRIMIDOS RECUBIERTOS,NEFROTAL H,Hidroclorotiazida - Losartan,COMPRIMIDOS,MEGALABS S.A.
38542,ME43802,CORIOSYL 500 U.I. - 3.5 MG - 10.000 U.I. / G UNGUENTO,CORIOSYL,Bacitracina - Neomicina - Polimixina B,UNGUENTO,"LABORATORIOS LETI, S.A.V."
38543,HO7099/2,NEOSTIGMINA 0.5 MG / ML X 3 AMPOLLAS,NEOSTIGMINA,,INYECTABLE,MEGALABS S.A.
38544,HO7099/3,NEOSTIGMINA 0.5 MG / ML X 6 AMPOLLAS,NEOSTIGMINA,,INYECTABLE,MEGALABS S.A.
39317,HO44715,NEULEVAL 500 MG / 100 ML X 10 AMPOLLAS,NEULEVAL,Levofloxacino,INYECTABLE,"LABORATORIOS VALMOR, C.A."
38549,ME38421/3,NEURIXA 75 MG X 21 CAPSULAS,NEURIXA,Pregabalina,CAPSULAS,LABORATORIOS FARMA S.A.
38550,ME43041,NEUROMIX X 30 SOLUCION ORAL,NEUROMIX X,Cianocobalamina - Nicotinamida - Piridoxina - Riboflavina - Tiamina,SOLUCION ORAL,"LABORATORIOS LETI, S.A.V."
38551,ME42077,NEVAC 0.1 % SUSPENSION OFTALMICA,NEVAC,Nepafenaco,SUSPENSION ORAL,"LABORATORIOS L.O. OFTALMI, C.A."
38557,ME35202,NIPE PLUS GRANULADO PARA SUSPENSION SABOR A FRUTAS TROPICALES,NIPE PLUS GRANULADO PARA SUSPENSION SABOR A FRUTAS TROPICALES,,GRANULADOS,"LABORATORIOS VARGAS, S.A."
38558,ME39909,NIPE 100 MG - 0.25 MG / ML X 6 SOLUCION ORAL EN GOTAS,NIPE,Acetaminofen,SOLUCION ORAL,"LABORATORIOS VARGAS, S.A."
38561,ME37921,NITAZOXANIDA 500 MG X 6 TABLETAS RECUBIERTAS,NITAZOXANIDA,,TABLETAS,"LABORATORIO LA SANTE, C.A."
38577,ME27271/2,NOTOLAC 20 MG X 4 TABLETAS,NOTOLAC,,TABLETAS,LABORATORIOS FARMA S.A.
38579,ME42194,NOXPIRIN GRIP X 12 TABLETAS,NOXPIRIN GRIP X,Acetaminofen,TABLETAS,LABORATORIOS SIEGFRIED S.A.
38580,ME37707,NYTAXIN 500 MG X 6 CAPSULAS BLANDAS,NYTAXIN,,CAPSULAS,"PROCAPS, S.A."
38585,ME26287,OFTERRA UNGUENTO OFTALMICO,OFTERRA UNGUENTO OFTALMICO,,UNGUENTO,"LABORATORIOS L.O. OFTALMI, C.A."
38614,ME1221,OMMUNAL (LISADO BACTERIANO) 7 MG X 10 CAPSULAS,OMMUNAL (LISADO BACTERIANO),,CAPSULAS,OM PHARMA SA
38622,HO35150/3,ONDATRIN 2 MG / ML X 5 AMPOLLAS,ONDATRIN,Ondansetron,INYECTABLE,"LABORATORIO BEHRENS, C.A."
38623,ME44637,SUEROLITO ZINC 75 MEQ / L SOLUCION ELECTROLITICA USO ORAL SABOR A FRUTAS TROPICALES,SUEROLITO ZINC,Dextrosa - Zinc,SOLUCION ORAL,LABORATORIOS BALKER C.A.
39369,ME44642,SUEROLITO ZINC 75 MEQ / L SOLUCION ELECTROLITICA USO ORAL SABOR A CHICLE,SUEROLITO ZINC,Dextrosa - Zinc,SOLUCION ORAL,LABORATORIOS BALKER C.A.
39370,ME44638,SUEROLITO ZINC 75 MEQL / L SOLUCION ELECTROLITICA USO ORAL SABOR A COCO,SUEROLITO ZINC,Dextrosa - Zinc,SOLUCION ORAL,LABORATORIOS BALKER C.A.
39371,ME44639,SUEROLITO ZINC 75 MEQ / L SOLUCION ELECTROLITICA USO ORAL SABOR A FRESA,SUEROLITO ZINC,Dextrosa - Zinc,SOLUCION ORAL,LABORATORIOS BALKER C.A.
39372,ME44641,SUEROLITO ZINC 75 MEQ / L SOLUCION ELECTROLITICA USO ORAL SABOR A MANDARINA,SUEROLITO ZINC,Dextrosa - Zinc,SOLUCION ORAL,LABORATORIOS BALKER C.A.
39373,ME44640,SUEROLITO ZINC 75 MEQ / L SOLUCION ELECTROLITICA USO ORAL SABOR A UVA,SUEROLITO ZINC,Dextrosa - Zinc,SOLUCION ORAL,LABORATORIOS BALKER C.A.
39374,ME44643,SUEROLITO ZINC 75 MEQ / L SOLUCION ELECTROLITICA USO ORAL SABOR A MANZANA,SUEROLITO ZINC,Dextrosa - Zinc,SOLUCION ORAL,LABORATORIOS BALKER C.A.
38624,ME41670,ORALZINC SALES DE REHIDRATACION X 1 POLVO PARA SOLUCION ORAL SABOR A COCO,ORALZINC SALES DE REHIDRATACION X,Dextrosa - Zinc Sulfato Heptahidrato,POLVO PARA RECONSTITUCION,"LABORATORIOS VARGAS, S.A."
38628,ME8463,OTANOL 50 MG / ML SOLUCION OTICA,OTANOL,,SOLUCION OTICA,"LABORATORIO ETICOS ETIFAR, C.A."
38631,ME25936,OXOLAMINA JARABE,OXOLAMINA JARABE,,JARABE,"LABORATORIOS ELMOR, S.A."
38637,ME44653,ATAREM 100 MG / 5 ML SOLUCION ORAL,ATAREM,Paracetamol,SOLUCION ORAL,LABORATORIOS SIEGFRIED S.A.
38643,ME42399,PASOLAX POLVO PARA SOLUCION ORAL,PASOLAX POLVO PARA SOLUCION ORAL,,POLVO PARA RECONSTITUCION,LABORATORIOS SIEGFRIED S.A.
38644,ME34116,PAXIL CR 25 MG X 30 TABLETAS DE LIBERACION CONTROLADA,PAXIL CR,Paroxetina,TABLETAS,GLAXOSMITHKLINE INC
38647,ME39670/3,PEGYT 150 MG X 30 CAPSULAS,PEGYT,Pregabalina,CAPSULAS,"LABORATORIOS LETI, S.A.V."
38652,ME44126,PEPTO-BISMOL 525 MG / 30 ML SUSPENSION ORAL,PEPTO-BISMOL,,SOLUCION ORAL,LABORATORIOS FARMA S.A.
38653,ME12460,PEREBRON 28 MG / 5 ML JARABE SABOR A FRAMBUESA,PEREBRON,,JARABE,"LABORATORIOS ELMOR, S.A."
38654,ME41148,PEREBRON 28 MG / 5 ML JARABE SABOR MIEL - LIMON,PEREBRON,,JARABE,"LABORATORIOS ELMOR, S.A."
38656,ME42593,PEROXIDO DE BENZOILO 2.5 % GEL,PEROXIDO DE BENZOILO,Benzoilo Peroxido,GEL,AUROCHEM LABORATORIES (INDIA) PVT. LTD.
38663,ME37698/2,PINAVERIUM BROMURO 100 MG X 20 TABLETAS RECUBIERTAS,PINAVERIUM BROMURO,,TABLETAS,"CALOX INTERNATIONAL, C.A."
38664,ME37698/3,PINAVERIUM BROMURO 100 MG X 30 TABLETAS RECUBIERTAS,PINAVERIUM BROMURO,,TABLETAS,"CALOX INTERNATIONAL, C.A."
38674,ME8400,OTODON 2 % - 5 % SOLUCION GOTAS USO OTICO.,OTODON,,GOTAS,ORGANIFAR S.A.
38682,ME44096,PRENIL 3 MG / 1 ML SOLUCION ORAL,PRENIL,Prednisolona,SOLUCION ORAL,LABORATORIOS LEGRAND S.A.
38696,ME44579/3,PREGALIS 75 MG X 30 CAPSULAS,PREGALIS,Pregabalina,CAPSULAS,PINNACLE LIFE SCIENCE PVT. LTD.
38697,ME44579/2,PREGALIS 75 MG X 14 CAPSULAS,PREGALIS,Pregabalina,CAPSULAS,PINNACLE LIFE SCIENCE PVT. LTD.
38701,ME14671,PREVERAL CON CODEINA JARABE,PREVERAL CON CODEINA JARABE,,JARABE,"LABORATORIOS WYETH, S.A."
39343,MI25491,PROTOSULFIL 1 % POLVO,PROTOSULFIL,,POLVO PARA RECONSTITUCION,MEGALABS S.A.
38705,ME40343,PROVICAR 2 G / 10 ML SOLUCION ORAL,PROVICAR,,SOLUCION ORAL,"LABORATORIOS ELMOR, S.A."
38711,ME39822,QUETIAZIC 300 MG X 30 COMPRIMIDOS RECUBIERTOS,QUETIAZIC,Quetiapina,COMPRIMIDOS,"MONTE VERDE, S.A."
38716,ME29673,OTIRILIN 4 % - 1 % SOLUCION OTICA,OTIRILIN,,SOLUCION OTICA,BIOCODEX
38723,ME43467,RESEQUIL 0.1 % LOCION TOPICA,RESEQUIL,Mometasona Furoato,SOLUCION TOPICA,"LABORATORIOS L.O. OFTALMI, C.A."
38724,ME44650,REUMAQUINE 200 MG X 20 TABLETAS RECUBIERTAS,REUMAQUINE,Hidroxicloroquina,TABLETAS,NEEL NAYAN PHARMA PVT. LTD.
38730,ME39775/2,RIFAMIX 200 MG X 10 COMPRIMIDOS RECUBIERTOS,RIFAMIX,Rifaximina,COMPRIMIDOS,"LABORATORIOS LETI, S.A.V."
38731,ME40087,RINARIS 2.5 MG - 30 MG / 5 ML X 10 SOLUCION ORAL,RINARIS,,SOLUCION ORAL,LABORATORIOS FARMA S.A.
38732,HO1370B,SOLUCION DE RINGER LACTATO (SOLUCION DE HARTMANN) INYECTABLE,SOLUCION DE RINGER LACTATO (SOLUCION DE HARTMANN) INYECTABLE,,INYECTABLE,"LABORATORIO BEHRENS, C.A."
38733,ME43791,RINIFLU 2.5 MG / 5 ML JARABE,RINIFLU,Desloratadina,JARABE,"BIOTECH LABORATORIOS, C.A."
38739,ME36375,RISPERID 1 MG X 20 COMPRIMIDOS RECUBIERTOS,RISPERID,Risperidona,COMPRIMIDOS,MEGALABS S.A.
38748,ME44475,ROSUTAN 10 MG X 30 TABLETAS RECUBIERTAS,ROSUTAN,Rosuvastatina,TABLETAS,MACLEODS PHARMACEUTICALS LTD
38763,ME16041,SALBUTAN 100 MCG / DOSIS X 200 SUSPENSION PARA INHALACION ORAL,SALBUTAN,,SUSPENSION ORAL,GLAXO WELLCOME S.A.
38764,ME20265,SARIFAN COMPOSITUM 0.01 G - 0.25 G X 20 TABLETAS RECUBIERTAS,SARIFAN COMPOSITUM,,TABLETAS,C.A. PRODUCTOS RONAVA
38765,ME38854,SAVER 200 MG / 5 ML X 37 POLVO PARA SUSPENSION ORAL,SAVER,Azitromicina,POLVO PARA RECONSTITUCION,"LABORATORIOS ELMOR, S.A."
38775,ME37708,SELENE 100 UI - 70 MCG X 60 CAPSULAS BLANDAS,SELENE,Selenio - Vitamina A,CAPSULAS,"INDUSTRIAS INTERCAPS DE VENEZUELA, C.A."
38779,ME30171/3,SERLINE 50 MG X 30 COMPRIMIDOS,SERLINE,Sertralina,COMPRIMIDOS,MEGALABS S.A.
38799,ME32020,SINUTIL JARABE,SINUTIL JARABE,Acetaminofen - Cafeina,JARABE,"LABORATORIOS VINCENTI, C.A."
38802,ME44367,METFORMINA CLORHIDRATO - SITAGLIPTINA 850 MG - 50 MG X 28 TABLETAS RECUBIERTAS,METFORMINA CLORHIDRATO - SITAGLIPTINA,Metformina - Sitagliptina,TABLETAS,"JIANGXI SYNERGY PHARMACEUTICAL CO., LTD"
39366,ME40535,SITAGLIS MET 50 MG - 850 MG COMPRIMIDOS RECUBIERTOS,SITAGLIS MET,Metformina - Sitagliptina,COMPRIMIDOS,"LABORATORIOS LETI, S.A.V."
38809,ME28901,SULFADIAZINA DE PLATA 1 % CREMA,SULFADIAZINA DE PLATA,,CREMA,"LABORATORIOS KIMICEG, C.A."
38810,HO37696,SULFATO DE MAGNESIO 10 % SOLUCION INYECTABLE,SULFATO DE MAGNESIO,Citrato Magnesio,INYECTABLE,EMPRESA LABORATORIOS AICA
38833,ME41156/2,TALYSTO 5 MG X 10 TABLETAS MASTICABLES,TALYSTO,Tadalafilo,TABLETAS,"MANUFACTURERA MUNDIAL FARMACEUTICA M.M.F., C.A."
38834,ME41156/3,TALYSTO 5 MG X 30 TABLETAS MASTICABLES,TALYSTO,Tadalafilo,TABLETAS,"MANUFACTURERA MUNDIAL FARMACEUTICA M.M.F., C.A."
38838,ME18855,TAMOA 250 MG / 5 ML X 6 SUSPENSION,TAMOA,,SUSPENSION ORAL,"BIOTECH LABORATORIOS, C.A."
38841,ME30979,TAMSULON 0.4 MG X 30 CAPSULAS DE LIBERACION CONTROLADA,TAMSULON,,CAPSULAS,"NOVOCAP, S.A."
38842,ME36676/3,TAMSULOSINA HCL 0.4 MG CAPSULAS DE LIBERACION PROGRAMADA X 30 CAPSULAS,TAMSULOSINA HCL,Tamsulosina,CAPSULAS,"ESPECIALIDADES DOLLDER, C.A."
38843,ME36676/2,TAMSULOSINA HCL 0.4 MG CAPSULAS DE LIBERACION PROGRAMADA X 10 CAPSULAS,TAMSULOSINA HCL,Tamsulosina,CAPSULAS,"ESPECIALIDADES DOLLDER, C.A."
38844,ME42589,TAMSULOSINA CLORHIDRATO 0.4 MG X 30 CAPSULAS DE LIBERACION PROLONGADA,TAMSULOSINA CLORHIDRATO,Tamsulosina,CAPSULAS,"LABORATORIOS SPEFAR VENEZOLANOS, S.A."
38845,ME24206,TANTUN 0.1 % SOLUCION DUCHA VAGINAL,TANTUN,,LOCION,"LABORATORIOS ELMOR, S.A."
38852,ME22980,NUELIN 80 MG / 15 ML JARABE,NUELIN,Teofilina,JARABE,"LABORATORIOS VARGAS, S.A."
38853,ME44418/2,TERAGRIPFORTE 650 MG-20 MG-2 MG X 6 GRANULADO PARA SOLUCION ORAL,TERAGRIPFORTE,Acetaminofen - Cafeina - Clorfeniramina,SOLUCION ORAL,LABORATORIOS FARMA S.A.
38854,ME44418/3,TERAGRIPFORTE 650 MG-20 MG-2 MG X 10 GRANULADO PARA SOLUCION ORAL,TERAGRIPFORTE,Acetaminofen - Cafeina - Clorfeniramina,SOLUCION ORAL,LABORATORIOS FARMA S.A.
38855,ME44418/4,TERAGRIPFORTE 650 MG-20 MG-2 MG X 20 GRANULADO PARA SOLUCION ORAL,TERAGRIPFORTE,Acetaminofen - Cafeina - Clorfeniramina,SOLUCION ORAL,LABORATORIOS FARMA S.A.
38861,ME12998,TILODRIN 4 MG / ML SOLUCION ORAL,TILODRIN,,SOLUCION ORAL,LABORATORIOS SIEGFRIED S.A.
38862,ME17508,TILODRIN 30 MG / 15 ML JARABE,TILODRIN,,JARABE,LABORATORIOS SIEGFRIED S.A.
39396,ME28025,TOBRASOL 3 MG / G UNGUENTO OFTALMICO,TOBRASOL,Tobramicina,UNGUENTO,"LABORATORIOS L.O. OFTALMI, C.A."
38880,ME42035,TONERVOL 5 MG X 30 TABLETAS,TONERVOL,,TABLETAS,LABORATORIOS FARMA S.A.
38884,ME40295,TRACEVAL 500 MG - 50 MG X 20 TABLETAS,TRACEVAL,,TABLETAS,"LABORATORIOS VALMOR, C.A."
38889,ME30065,TRAMAL LONG 150 MG X 20 TABLETAS RECUBIERTAS DE LIBERACION PROLONGADA,TRAMAL LONG,,TABLETAS,TECNANDINA S.A.
38893,ME28553/2,TRIMEBUTINA MALEATO 200 MG X 10 TABLETAS,TRIMEBUTINA MALEATO,,TABLETAS,"LABORATORIO LA SANTE, C.A."
38894,ME28553/3,TRIMEBUTINA MALEATO 200 MG X 30 TABLETAS,TRIMEBUTINA MALEATO,,TABLETAS,"LABORATORIO LA SANTE, C.A."
38910,ME43451,UROSINA 0.4 MG X 30 TABLETAS RECUBIERTAS DE LIBERACION PROLONGADA,UROSINA,,TABLETAS,RONALD PHARMACEUTICALS PVT. LTD.
38927,ME33646/2,VASATEN HCT 80 MG - 12.5 MG X 10 COMPRIMIDOS RECUBIERTOS,VASATEN HCT,Hidroclorotiazida - Valsartan,COMPRIMIDOS,"LABORATORIOS LETI, S.A.V."
38928,ME33646/3,VASATEN HCT 80 MG - 12.5 MG X 14 COMPRIMIDOS RECUBIERTOS,VASATEN HCT,Hidroclorotiazida - Valsartan,COMPRIMIDOS,"LABORATORIOS LETI, S.A.V."
38938,ME40793,VASSLUTEN HCT 300 MG - 12.5 MG TABLETAS,VASSLUTEN HCT,,TABLETAS,"GLOBAL FARMA, S.A."
38954,ME41583,DARLIDE 1.000 UI X 100 CAPSULAS BLANDAS,DARLIDE,Vitamina D3,CAPSULAS,"INDUSTRIAS INTERCAPS DE VENEZUELA, C.A."
38955,ME39856/3,FARMAD 1000 UI X 60 TABLETAS RECUBIERTAS,FARMAD,Vitamina D3,TABLETAS,LABORATORIOS FARMA S.A.
38956,ME39856/4,FARMAD 1000 UI X 100 TABLETAS RECUBIERTAS,FARMAD,Vitamina D3,TABLETAS,LABORATORIOS FARMA S.A.
38957,ME39856/2,FARMAD 1000 UI X 30 TABLETAS RECUBIERTAS,FARMAD,Vitamina D3,TABLETAS,LABORATORIOS FARMA S.A.
39210,ME44388/3,FARMAD 200 UI / GOTA X 30 SOLUCION ORAL,FARMAD,Vitamina D3,GOTAS,LABORATORIOS FARMA S.A.
39211,ME44388/2,FARMAD 200 UI / GOTA X 10 SOLUCION ORAL,FARMAD,Vitamina D3,GOTAS,LABORATORIOS FARMA S.A.
38966,ME23088,CALCIO OSTELIN 175 MG - 60 UI / 5 ML SUSPENSION,CALCIO OSTELIN,Vitamina D3,SUSPENSION ORAL,LABORATORIOS FARMA S.A.
38973,ME27330,VITAMINA E 100 MG X 60 CAPSULAS BLANDAS,VITAMINA E,,CAPSULAS,"INDUSTRIAS INTERCAPS DE VENEZUELA, C.A."
38974,ME36327,HISTAGRIP FORTE X 10 TABLETAS RECUBIERTAS,HISTAGRIP FORTE X,Acetaminofen - Pseudoefedrina,TABLETAS,"CALOX INTERNATIONAL, C.A."
38975,ME9592,VITENOL CREMA,VITENOL CREMA,,CREMA,"LABORATORIOS PONCE, C.A."
38978,ME38380,VIZERUL 150 MG / 10 ML X 10 SOLUCION ORAL,VIZERUL,,SOLUCION ORAL,"ESPECIALIDADES DOLLDER, C.A."
38981,HO33694,VORCUM 200 MG POLVO LIOFILIZADO PARA SOLUCION PARA INFUSION,VORCUM,Voriconazol,INYECTABLE,PHARMACIA & UPJOHN COMPANY LLC.
38983,HO41121/3,XANEXTRA 500 MG / 5 ML X 21 AMPOLLAS,XANEXTRA,Tranexamico Acido,INYECTABLE,SWISS PARENTERALS LTD
38988,ME44211,PRAMIPEXOL 1 MG X 28 TABLETAS,PRAMIPEXOL,Citrato Magnesio - Manitol - Povidona - Pramipexol,TABLETAS,"JIANGXI SYNERGY PHARMACEUTICAL CO., LTD"
38992,ME32695,REDOXON ZINC X 100 COMPRIMIDOS EFERVESCENTES,REDOXON ZINC X,Vitamina C - Zinc,COMPRIMIDOS,"BAYER, S.A."
38993,ME43669/2,VITADYN C ZINC 500 MG - 7.5 MG X 30 CAPSULAS,VITADYN C ZINC,Ascorbico Acido - Zinc Sulfato Heptahidrato,CAPSULAS,"LABORATORIOS L.O. OFTALMI, C.A."
38994,ME43669/3,VITADYN C ZINC 500 MG - 7.5 MG X 60 CAPSULAS,VITADYN C ZINC,Ascorbico Acido - Zinc Sulfato Heptahidrato,CAPSULAS,"LABORATORIOS L.O. OFTALMI, C.A."
38995,ME24576,ZITOXIL 3 % SOLUCION,ZITOXIL,Minoxidil,LOCION,"LABORATORIOS ELMOR, S.A."
39000,ME36302,ZONTRICON 100 MG / 5 ML POLVO PARA SUSPENSION,ZONTRICON,,POLVO PARA RECONSTITUCION,"LABORATORIOS LETI, S.A.V."
39016,ME42715,ACICLOR NANOPHARM 5 % CREMA,ACICLOR NANOPHARM,Aciclovir,CREMA,"LABORATORIOS LETI, S.A.V."
39017,ME37056,ACIDO ACETIL SALICILICO 81 MG X 30 COMPRIMIDOS ENTERICOS,ACIDO ACETIL SALICILICO,Acetilsalicilico Acido,COMPRIMIDOS,"LABORATORIOS SPEFAR VENEZOLANOS, S.A."
39024,HO32565,DEXTROSA AL 5 % EN AGUA DESTILADA SOLUCION INYECTABLE,DEXTROSA AL,,INYECTABLE,"LABORATORIO BEHRENS, C.A."
39367,ME1368,DEXTROSA AL 5 % EN SOLUCION FISIOLOGICA ISOTONICA DE CLORURO DE SODIO I,DEXTROSA AL,,LOCION,"LABORATORIO BEHRENS, C.A."
39026,ME44293,OLOCOF 0.02 % SOLUCION OFTALMICA,OLOCOF,Olopatadina,SOLUCION OFTALMICA,"LABORATORIO COFASA, S.A."
39032,ME34717,ALIPAL FORTE NOCHE 650 MG - 4 MG X 12 CAPSULAS,ALIPAL FORTE NOCHE,Acetaminofen - Clorfeniramina,CAPSULAS,"BIOTECH LABORATORIOS, C.A."
39034,ME41701,ALIVET PLUS COMPRIMIDOS RECUBIERTOS,ALIVET PLUS COMPRIMIDOS RECUBIERTOS,Acetaminofen - Clorfeniramina - Dextrometorfano - Fenilefrina,COMPRIMIDOS,"LABORATORIOS LETI, S.A.V."
39037,ME42427,AMLODIPINO 10 MG X 20 COMPRIMIDOS,AMLODIPINO,,COMPRIMIDOS,"LABORATORIOS SPEFAR VENEZOLANOS, S.A."
39040,ME42428,AMLODIPINO 5 MG X 20 COMPRIMIDOS,AMLODIPINO,,COMPRIMIDOS,"LABORATORIOS SPEFAR VENEZOLANOS, S.A."
39039,ME44262,BISOPROLOL FUMARATO - AMLODIPINA 5 MG - 10 MG COMPRIMIDOS,BISOPROLOL FUMARATO - AMLODIPINA,Amlodipino - Bisoprolol,COMPRIMIDOS,"LABORATORIOS LETI, S.A.V."
39042,ME32836/2,AMOVIN 500 MG X 3 TABLETAS RECUBIERTAS,AMOVIN,Azitromicina,TABLETAS,"LABORATORIO COFASA, S.A."
39048,ME43043,AMOXIVALAC 250 MG - 62.5 MG / 5 ML POLVO PARA SUSPENSION ORAL,AMOXIVALAC,Amoxicilina - Clavulanato Potasio,POLVO PARA RECONSTITUCION,"LABORATORIOS VALMOR, C.A."
39049,ME43949,AMOXIVALAC 600 MG – 42.9 MG / 5 ML POLVO PARA SUSPENSION ORAL,AMOXIVALAC,Amoxicilina,POLVO PARA RECONSTITUCION,"LABORATORIOS VALMOR, C.A."
39050,ME42339,AMPROVIL 0.5 MG X 30 CAPSULAS.,AMPROVIL,Dutasterida,CAPSULAS,"LABORATORIOS LETI, S.A.V."
39057,ME41982,ANTAAR HCT 2.5 MG - 6.25 MG X 30 TABLETAS,ANTAAR HCT,Hidroclorotiazida,TABLETAS,"CALOX INTERNATIONAL, C.A."
39075,ME40610,ARESAN HCT 20 MG - 12.5 MG X 10 TABLETAS RECUBIERTAS,ARESAN HCT,Hidroclorotiazida - Olmesartan Medoxomilo,TABLETAS,"BIOTECH LABORATORIOS, C.A."
39076,ME31478,ARTRODAR 50 MG X 30 CAPSULAS,ARTRODAR,Diacereina,CAPSULAS,"LABORATORIOS LETI, S.A.V."
39077,ME41093,ASCAFYL SC 80 MG - 0.4 MG / ML SOLUCION ORAL,ASCAFYL SC,Acetaminofen - Clorfeniramina,SOLUCION ORAL,LABORATORIOS SIEGFRIED S.A.
39078,ME43205,ASPIXAN 81 MG X 100 TABLETAS CON RECUBRIMIENTO ENTERICO,ASPIXAN,Acetilsalicilico Acido,TABLETAS,"BIOTECH LABORATORIOS, C.A."
39089,ME44273,ATROVERAN FORTE 20 MG TABLETAS RECUBIERTAS,ATROVERAN FORTE,,TABLETAS,"LABORATORIOS VARGAS, S.A."
39095,ME16167,BETADERM CON GENTAMICINA 0.1 % - 0.1 % X 1 CREMA,BETADERM CON GENTAMICINA,Betametasona - Gentamicina,CREMA,"BIOTECH LABORATORIOS, C.A."
39097,HO32578,BICARBONATO DE SODIO AL 5 % X 1 AMPOLLA,BICARBONATO DE SODIO AL,,INYECTABLE,"LABORATORIO BEHRENS, C.A."
39100,ME44036,CARIBAN FORTE 20 MG - 20 MG X 20 COMPRIMIDOS RECUBIERTOS DE LIBERACION CONTROLADA,CARIBAN FORTE,Doxilamina - Piridoxina,COMPRIMIDOS,"LABORATORIOS LETI, S.A.V."
39101,ME44721,BIOTALOL PE 10 MG - 5 MG COMPRIMIDOS RECUBIERTOS,BIOTALOL PE,Bisoprolol - Perindopril,COMPRIMIDOS,"LABORATORIOS LETI, S.A.V."
39103,ME44717,BIOTALOL PE 5 MG - 10 MG COMPRIMIDOS RECUBIERTOS,BIOTALOL PE,Bisoprolol - Perindopril,COMPRIMIDOS,"LABORATORIOS LETI, S.A.V."
39109,ME39033,BISOPROLOL FUMARATO - HIDROCLOROTIZIDA 2.5 MG - 6.25 MG COMPRIMIDOS RECUBIERTOS,BISOPROLOL FUMARATO - HIDROCLOROTIZIDA,,COMPRIMIDOS,"LABORATORIOS LETI, S.A.V."
39113,HO16263/3,BRAL 500 MG / ML X 100 AMPOLLAS,BRAL,Dipirona,INYECTABLE,"BIOTECH LABORATORIOS, C.A."
39114,HO16263/2,BRAL 500 MG / ML X 20 AMPOLLAS,BRAL,Dipirona,INYECTABLE,"BIOTECH LABORATORIOS, C.A."
39119,ME37021,CALCIO OSTELIN FORTE 300 MG - 200 UI / 5 ML X 30 SUSPENSION,CALCIO OSTELIN FORTE,Vitamina D3,SUSPENSION ORAL,LABORATORIOS FARMA S.A.
39120,ME44634,CAMPAL P 15 MG / ML SUSPENSION ORAL,CAMPAL P,Diclofenaco,SOLUCION ORAL,LABORATORIOS SIEGFRIED S.A.
39126,ME43806,CARBETAL 8 MG X 30 TABLETAS,CARBETAL,Candesartan Cilexetilo,TABLETAS,"LABORATORIO COFASA, S.A."
39127,ME43086,CARICEL 2 MG - 0.02 MG COMPRIMIDOS RECUBIERTOS,CARICEL,Etinilestradiol,COMPRIMIDOS,"LABORATORIOS LETI, S.A.V."
39136,HO33073,CLORHIDRATO DE MORFINA 10 MG / ML X 10 AMPOLLAS,CLORHIDRATO DE MORFINA,,INYECTABLE,"BIOTECH LABORATORIOS, C.A."
39138,HO13532,CIFARCAINA HIPERBARA AL 5 % X 2 AMPOLLAS,CIFARCAINA HIPERBARA AL,,INYECTABLE,"LABORATORIO BEHRENS, C.A."
39145,HO36380,CLINDOX - D 12 MG / ML SOLUCION INYECTABLE PARA INFUSION INTRAVENOSA,CLINDOX - D,Clindamicina,INYECTABLE,"LABORATORIO BEHRENS, C.A."
39146,ME34986,GYNO CLOCIM 1 % CREMA VAGINAL,GYNO CLOCIM,Clotrimazol,CREMA,"LABORATORIOS KIMICEG, C.A."
39151,HO32515,CLORURO DE SODIO AL 20 % SOLUCION HIPERTONICA INYECTABLE,CLORURO DE SODIO AL,,INYECTABLE,"LABORATORIO BEHRENS, C.A."
39154,ME44093,COFASUR 160 MG X 30 TABLETAS RECUBIERTAS,COFASUR,Valsartan,TABLETAS,"LABORATORIO COFASA, S.A."
39155,ME44636,COFASUR PLUS 80 MG - 12.5 MG X 30 TABLETAS RECUBIERTAS,COFASUR PLUS,Clortalidona - Valsartan,TABLETAS,"LABORATORIO COFASA, S.A."
39157,HO1278,TIMOGLOBULINA (INMUNOGLOBULINA DE CONEJO ANTITIMOCITOS HUMANOS) 5 MG / ML X 3 AMPOLLAS,TIMOGLOBULINA (INMUNOGLOBULINA DE CONEJO ANTITIMOCITOS HUMANOS),Inmunoglobulina Conejo Antitimocitos Humanos,INYECTABLE,"CALOX INTERNATIONAL, C.A."
39159,ME34030,TERAGRIPFORTE DIA 650 MG - 30 MG X 20 TABLETAS RECUBIERTAS,TERAGRIPFORTE DIA,Acetaminofen - Paracetamol - Pseudoefedrina,TABLETAS,LABORATORIOS FARMA S.A.
39169,ME39525/3,DOL FORTE 500 MG - 65 MG X 10 TABLETAS,DOL FORTE,Acetaminofen - Cafeina,TABLETAS,"CALOX INTERNATIONAL, C.A."
39170,ME39525/2,DOL FORTE 500 MG - 65 MG X 4 TABLETAS,DOL FORTE,Acetaminofen - Cafeina,TABLETAS,"CALOX INTERNATIONAL, C.A."
39173,ME42426,ZARCOT 6 MG X 10 TABLETAS,ZARCOT,Deflazacort,TABLETAS,"CALOX INTERNATIONAL, C.A."
39182,ME31107,DICLOFENAC DIETILAMINO 1.16 % GEL,DICLOFENAC DIETILAMINO,,GEL,"LABORATORIOS SPEFAR VENEZOLANOS, S.A."
39194,ME30297,MATIGEL 0.5 % SOLUCION OFTALMICA,MATIGEL,Timolol,SOLUCION OFTALMICA,"LABORATORIOS L.O. OFTALMI, C.A."
39195,ME41759,DOLGRIP X 10 CAPSULAS,DOLGRIP X,Acetaminofen - Cafeina,CAPSULAS,"CALOX INTERNATIONAL, C.A."
39197,ME28504,DUOVENT 0.4 MG - 1 MG AEROSOL,DUOVENT,Bromuro De Ipratropio Monohidratado,INHALACION,"LABORATORIOS L.O. OFTALMI, C.A."
39198,HO32341,DURACAINA HIPERBARA 5 MG - 80 MG / ML X 1 AMPOLLA,DURACAINA HIPERBARA,Bupivacaina,INYECTABLE,"LABORATORIO BEHRENS, C.A."
39209,ME44361,HEXANT 15 MG / 5 ML SOLUCION ORAL SABOR A FRESA,HEXANT,Ambroxol,SOLUCION ORAL,MEGALABS S.A.
39212,ME30812,FARMACAINA 10 % SOLUCION ATOMIZADORA TOPICO BUCAL,FARMACAINA,Lidocaina,SOLUCION TOPICA,LABORATORIOS FARMA S.A.
39214,MI28667,FEM DUCHA VAGINAL,FEM DUCHA VAGINAL,Acetico Acido,INYECTABLE,"BIOTECH LABORATORIOS, C.A."
39221,ME21233,FLODONT EN FILMORASE UNGUENTO BUCAL,FLODONT EN FILMORASE UNGUENTO BUCAL,Bencidamina,UNGUENTO,MEGALABS S.A.
39224,ME11043,FRIXONIL SOLUCION,FRIXONIL SOLUCION,Alcanfor - Mentol - Salicilato Metilo,LOCION,"LABORATORIOS VINCENTI, C.A."
39228,ME43741,GEMKAST 10 MG X 30 TABLETAS RECUBIERTAS,GEMKAST,Montelukast,TABLETAS,"GEMA LABS, C.A."
39234,ME44761,GLICILAX 1.72 G SUPOSITORIOS,GLICILAX,Glicerina,SUPOSITORIOS,"COMERCIALIZADORA TIARES, C.A."
39235,ME44763,GLICILAX 0.86 G SUPOSITORIOS,GLICILAX,Glicerina,SUPOSITORIOS,"COMERCIALIZADORA TIARES, C.A."
39238,HO32556,GLUCONATO DE CALCIO AL 10 % SOLUCION INYECTABLE,GLUCONATO DE CALCIO AL,,INYECTABLE,"LABORATORIO BEHRENS, C.A."
39242,ME27231,GYNOVIT SOLUCION DUCHA VAGINAL,GYNOVIT SOLUCION DUCHA VAGINAL,Acetico Acido,LOCION,"LABORATORIOS VARGAS, S.A."
39244,ME15830,HEXOMEDINE 1 MG - 0.5 MG / ML COLUTORIO AEROSOL,HEXOMEDINE,Lidocaina,INHALACION,"CALOX INTERNATIONAL, C.A."
39254,ME34966,IBUCAF 200 MG - 30 MG X 10 TABLETAS,IBUCAF,Cafeina - Ibuprofeno,TABLETAS,"CALOX INTERNATIONAL, C.A."
39260,ME43610,IRGEM 150 MG X 30 TABLETAS,IRGEM,Irbesartan,TABLETAS,"GEMA LABS, C.A."
39265,ME33620,IVAGAN FORTE X 100 TABLETAS RECUBIERTAS,IVAGAN FORTE X,Acetaminofen - Cafeina,TABLETAS,"BIOTECH LABORATORIOS, C.A."
39274,ME42263,KLINCOSAL 262 MG - 500 MG / 15 ML SUSPENSION ORAL SABOR A FRESA,KLINCOSAL,,SOLUCION ORAL,MEGALABS S.A.
39275,ME42264,KLINCOSAL 262 MG - 500 MG / 15 ML SUSPENSION ORAL SABOR A UVA,KLINCOSAL,,SOLUCION ORAL,MEGALABS S.A.
39285,HO36034,LEVOTEC 5 MG / ML SOLUCION INYECTABLE PARA INFUSION INTRAVENOSA,LEVOTEC,Levofloxacino,INYECTABLE,"LABORATORIO BEHRENS, C.A."
39286,ME43371,LOBEDRIN 6 MG / ML SOLUCION ORAL,LOBEDRIN,Levodropropizina,SOLUCION ORAL,"LABORATORIOS SPEFAR VENEZOLANOS, S.A."
39303,ME44313,MIDOL 500 MG X 10 TABLETAS,MIDOL,Acetaminofen,TABLETAS,"GEMA LABS, C.A."
39304,ME44314,MIDOL FORTE 650 MG X 10 TABLETAS,MIDOL FORTE,Acetaminofen,TABLETAS,"GEMA LABS, C.A."
39307,ME21495,MODERAN 10.1 G / 15 ML SOLUCION ORAL,MODERAN,Lactulosa,SOLUCION ORAL,"LABORATORIOS VARGAS, S.A."
39312,ME30661,DYFRIN 5 % - 0.5 % SOLUCION OFTALMICA,DYFRIN,Tropicamida,SOLUCION OFTALMICA,"LABORATORIOS L.O. OFTALMI, C.A."
39315,ME42653,NEBLUM 50 MG X 30 TABLETAS RECUBIERTAS,NEBLUM,Sacubitrilo - Valsartan,TABLETAS,LABORATORIOS FARMA S.A.
39318,ME42160,NEUROMIX COMPRIMIDOS RECUBIERTOS,NEUROMIX COMPRIMIDOS RECUBIERTOS,Cianocobalamina - Piridoxina - Tiamina,COMPRIMIDOS,"LABORATORIOS LETI, S.A.V."
39320,ME37950,NOVACODIN 50 MG / 5 ML SOLUCION ORAL,NOVACODIN,Guaifenesina,SOLUCION ORAL,"LABORATORIOS VARGAS, S.A."
39323,ME40510,OLMESARTAN MEDOXOMIL - HIDROCLOROTIAZIDA 40 MG - 12.5 MG COMPRIMIDOS RECUBIERTOS,OLMESARTAN MEDOXOMIL - HIDROCLOROTIAZIDA,Hidroclorotiazida,COMPRIMIDOS,"LABORATORIOS LETI, S.A.V."
39331,ME41671,ORALZINC SALES DE REHIDRATACION POLVO PARA SOLUCION ORAL SABOR A MANDARINA,ORALZINC SALES DE REHIDRATACION POLVO PARA SOLUCION ORAL SABOR A MANDARINA,Zinc Sulfato Heptahidrato,POLVO PARA RECONSTITUCION,"LABORATORIOS VARGAS, S.A."
39337,ME23662,MAXICORT SUSPENSION OFTALMICA,MAXICORT SUSPENSION OFTALMICA,Dexametasona - Polimixina B,SUSPENSION ORAL,"LABORATORIOS L.O. OFTALMI, C.A."
39341,ME21271,PINVEX 5 % - 1 % SOLUCION,PINVEX,Salicilico Acido,LOCION,"LABORATORIO COFASA, S.A."
39344,ME24456,CARNITENE 1 G / 10 ML SOLUCION ORAL,CARNITENE,,SOLUCION ORAL,"LABORATORIOS ELMOR, S.A."
39349,ME40285,RAMIPRES HCT 2.5 MG - 12.5 MG COMPRIMIDOS,RAMIPRES HCT,Hidroclorotiazida - Ramipril,COMPRIMIDOS,MEGALABS S.A.
39350,ME34879,REFLUXYL 0.400 G - 0.375 G / 15 ML SUSPENSION ORAL,REFLUXYL,Alginato Sodio,SUSPENSION ORAL,"LABORATORIOS VARGAS, S.A."
39352,ME42185,REHIDROSOL 45 MEQ / L SOLUCION ELECTROLITICA USO ORAL SABOR A FRAMBUESA,REHIDROSOL,,SOLUCION ORAL,"LABORATORIO BEHRENS, C.A."
39353,ME42037,REHIDROSOL 45 MEQ / L SOLUCION ELECTROLITICA USO ORAL SABOR A UVA,REHIDROSOL,Dextrosa,SOLUCION ORAL,"LABORATORIO BEHRENS, C.A."
39354,ME42186,REHIDROSOL 60 MEQ / L SOLUCION ELECTROLITICA USO ORAL SABOR A MANZANA,REHIDROSOL,,SOLUCION ORAL,"LABORATORIO BEHRENS, C.A."
39356,HO32579,SOLUCION RINGER LACTATO (SOLUCION HARTMAN) INYECTABLE,SOLUCION RINGER LACTATO (SOLUCION HARTMAN) INYECTABLE,,INYECTABLE,"LABORATORIO BEHRENS, C.A."
39359,ME27689,SALBUROL 0.5 % SOLUCION PARA INHALACION,SALBUROL,Salbutamol,INHALACION,"LABORATORIOS VALMOR, C.A."
39365,ME43701,SITALUX 100 MG X 30 TABLETAS RECUBIERTAS,SITALUX,Sitagliptina,TABLETAS,INVERSIONES ANGELUS HEALTH C.A.
39368,ME40123,STAMYLFORTE 300 MG - 100 MG X 20 TABLETAS RECUBIERTAS,STAMYLFORTE,Pancreatina - Simeticona,TABLETAS,LABORATORIOS FARMA S.A.
39384,ME44195/2,TARVINA 20 MG X 10 TABLETAS RECUBIERTAS,TARVINA,Atorvastatina,TABLETAS,"GEMA LABS, C.A."
39385,ME44195/3,TARVINA 20 MG X 30 TABLETAS RECUBIERTAS,TARVINA,Atorvastatina,TABLETAS,"GEMA LABS, C.A."
39386,ME44196,TARVINA 40 MG X 10 TABLETAS RECUBIERTAS,TARVINA,Atorvastatina,TABLETAS,"GEMA LABS, C.A."
39388,ME44419/3,TERAGRIPFORTE NOCHE 650 MG-4 MG X 6 GRANULADO PARA SOLUCION ORAL,TERAGRIPFORTE NOCHE,Acetaminofen - Clorfeniramina,GRANULADOS,LABORATORIOS FARMA S.A.
39389,ME44419/2,TERAGRIPFORTE NOCHE 650 MG - 4 MG X 4 TABLETAS RECUBIERTAS,TERAGRIPFORTE NOCHE,Acetaminofen - Clorfeniramina,TABLETAS,LABORATORIOS FARMA S.A.
39390,ME44419/4,TERAGRIPFORTE NOCHE 650 MG-4 MG X 10 GRANULADO PARA SOLUCION ORAL,TERAGRIPFORTE NOCHE,Acetaminofen - Clorfeniramina,GRANULADOS,LABORATORIOS FARMA S.A.
39391,ME37166,TERAGRIPSUPRA X 10 TABLETAS RECUBIERTAS,TERAGRIPSUPRA X,Acetaminofen - Dextrometorfano - Pseudoefedrina,TABLETAS,LABORATORIOS FARMA S.A.
39397,ME30908,TRIMETOPRIM / SULFAMETOXASOL 40 MG - 200 MG / 5 ML SUSPENSION,TRIMETOPRIM / SULFAMETOXASOL,,SUSPENSION ORAL,"LABORATORIOS KIMICEG, C.A."
39401,ME37747,VALSARTAN CON HIDROCLOROTIAZIDA 160 MG - 12.5 MG COMPRIMIDOS RECUBIERTOS,VALSARTAN CON HIDROCLOROTIAZIDA,Hidroclorotiazida - Valsartan,COMPRIMIDOS,"LABORATORIOS VARGAS, S.A."
39403,ME36230,VALSARTAN-HIDROCLOROTIAZIDA 160 MG-12.5 MG X 30 COMPRIMIDOS RECUBIERTOS,VALSARTAN-HIDROCLOROTIAZIDA,,COMPRIMIDOS,"LABORATORIOS LETI, S.A.V."
39407,HO43946,VERALEN P 75 MG / 3 ML X 1 AMPOLLA,VERALEN P,Diclofenaco,INYECTABLE,"LABORATORIO COFASA, S.A."
39414,ME28666,YONAL 15 MG / 5 ML SOLUCION ORAL,YONAL,Dextrometorfano,SOLUCION ORAL,"BIOTECH LABORATORIOS, C.A."
39415,ME42111,YONALAT 15 MG - 3 MG / 5 ML SOLUCION ORAL,YONALAT,Clorfeniramina,SOLUCION ORAL,"BIOTECH LABORATORIOS, C.A."
39416,ME43457,ZUDENINA PEB 0.1 % - 2.5 % GEL,ZUDENINA PEB,Adapaleno - Benzoilo Peroxido,GEL,MEGALABS S.A.
39417,ME21870,SAX X 10 SOLUCION,SAX X,,LOCION,"BIOTECH LABORATORIOS, C.A."
39418,ME32679,ACRYLARM 0.2 % GEL OFTALMICO,ACRYLARM,,GEL,LABORATORIOS POEN S.A.U.
39422,ME34071,ALERVAX 120 MG X 10 TABLETAS RECUBIERTAS,ALERVAX,Fexofenadina,TABLETAS,"PROCAPS, S.A."
39424,ME34809,ANALPERNAX 250 MG X 10 CAPSULAS,ANALPERNAX,Naproxeno,CAPSULAS,"LABORATORIO LA SANTE, C.A."
39426,ME1482,ANGIOFLUX (SULODEXIDA) 250 LSU X 25 CAPSULAS BLANDAS,ANGIOFLUX (SULODEXIDA),Sulodexida,CAPSULAS,CATALENT ITALY S.P.A
39430,ME31240,CO-APROVEL 150 MG - 12.5 MG X 28 COMPRIMIDOS RECUBIERTOS,CO-APROVEL,Hidroclorotiazida - Irbesartan,COMPRIMIDOS,SANOFI WINTHROP INDUSTRIE
39431,ME34821,ULTRAFEN FORTE 650 MG X 10 CAPSULAS BLANDAS,ULTRAFEN FORTE,Acetaminofen,CAPSULAS,"INDUSTRIAS INTERCAPS DE VENEZUELA, C.A."
39440,HO37882,PREDNIDET 500 MG X 1 AMPOLLA,PREDNIDET,Metilprednisolona,INYECTABLE,INSTITUTO BIOLOGICO CONTEMPORANEO S.A.
39441,ME31588,OTALEX 0.2 % - 1 % SUSPENSION OTICA,OTALEX,Ciprofloxacino - Hidrocortisona,SUSPENSION ORAL,MEGALABS S.A.
39449,ME43037,HIOSCINA N-BUTILBROMURO 10 MG X 10 TABLETAS RECUBIERTAS,HIOSCINA N-BUTILBROMURO,,TABLETAS,"JIANGXI XIER KANGTAI PHARMACEUTICAL CO., LTD"
39453,ME44550,CIBROLIP 100 MG X 30 CAPSULAS,CIBROLIP,,CAPSULAS,INTECH HEALTHCARE
39454,ME38185,CILOSTAL 100 MG X 30 TABLETAS,CILOSTAL,Cilostazol,TABLETAS,ALTEA FARMACEUTICA S.A.
39457,ME44393,DOLMOBROX 15 MG / 5 ML SOLUCION ORAL,DOLMOBROX,Dextrometorfano,SOLUCION ORAL,MEGALABS S.A.
39460,ME43843,CLORDITAN 12.5 MG X 30 TABLETAS,CLORDITAN,Clortalidona,TABLETAS,SYNOKEM PHARMACEUTICALS LIMITED
39461,ME34036,SOLUCION PARA DIALISIS PERITONEAL CON DEXTROSA AL 1.5 % BAJA EN MAGNESIO,SOLUCION PARA DIALISIS PERITONEAL CON DEXTROSA AL,Citrato Magnesio,LOCION,LABORATORIO BIOGALENIC C.A.
39464,ME31523,CORASPIRINA 81 MG X 100 TABLETAS CON CUBIERTA ENTERICA,CORASPIRINA,Acetilsalicilico Acido,TABLETAS,"BAYER, S.A."
39469,ME44385,DUNIXI 10 MG X 30 COMPRIMIDOS RECUBIERTOS,DUNIXI,Dapagliflozina,COMPRIMIDOS,MALVIYA CHEMICALS & PHARMACEUTICALS (P) LTD
39471,ME37218,MEDIGRIP DIA 500 MG - 2 MG - 3 MG X 10 COMPRIMIDOS,MEDIGRIP DIA,Acetaminofen - Cafeina - Clorfeniramina,COMPRIMIDOS,"SM PHARMA, C.A."
39474,ME42875,AUTEX 0.1 % CREMA,AUTEX,Mometasona Furoato,CREMA,"LABORATORIOS LETI, S.A.V."
39478,ME33867,MARVELON 28 0.15 MG - 0.03 MG X 21 COMPRIMIDOS,MARVELON,Desogestrel - Etinilestradiol,COMPRIMIDOS,N.V ORGANON
39480,HO44743,DEXABIOL 4 MG / ML X 1 AMPOLLA,DEXABIOL,Dexametasona,INYECTABLE,PLICA VACCINES PVT. LTD.
39484,ME43166,IBUVIN 600 MG X 20 CAPSULAS BLANDAS,IBUVIN,Ibuprofeno,CAPSULAS,DROMEX S.R.L.
39485,ME36125,CLOTRIMAZOL - NEOMICINA - DEXAMETASONA 1 % - 0.5 % - 0.04 % X 1 CREMA,CLOTRIMAZOL - NEOMICINA - DEXAMETASONA,Clotrimazol - Dexametasona,CREMA,"LABORATORIO LA SANTE, C.A."
39487,ME24286,DEOXICAL 500 MG X 30 CAPSULAS,DEOXICAL,Dobesilato De Calcio,CAPSULAS,"LABORATORIO LA SANTE, C.A."
39488,ME44089,ALIVETOS 3 MG - 15 MG / 5 ML SOLUCION ORAL,ALIVETOS,Clorfenamina - Dextrometorfano,SOLUCION ORAL,"LABORATORIOS LETI, S.A.V."
39492,ME30819,BALSADER GEL TOPICO,BALSADER GEL TOPICO,Alcanfor - Mentol,GEL,"LABORATORIOS KIMICEG, C.A."
39496,ME42542,CARBONATO DE CALCIO 750 MG X 20 TABLETAS MASTICABLES SABOR MENTA,CARBONATO DE CALCIO,,TABLETAS,"LABORATORIOS SPEFAR VENEZOLANOS, S.A."
39499,ME44466,ELOK 0.1 % CREMA,ELOK,Mometasona Furoato,CREMA,RECKON ORGANICS PVT. LTD.
39500,ME36507,INSPRA 50 MG X 30 TABLETAS RECUBIERTAS,INSPRA,Eplerenona,TABLETAS,"PFIZER VENEZUELA, S.A."
39501,ME42489,ESOFLUX 20 MG X 30 TABLETAS CON RECUBRIMIENTO ENTERICO,ESOFLUX,Esomeprazol Magnesico,TABLETAS,DEUTSCHE LABS. INC.
39504,MI44615,SIEGEXANIA 0.05 % EMULSION,SIEGEXANIA,Clobetasol Propionato,INYECTABLE,LABORATORIOS SIEGFRIED S.A.
39511,ME32076,SYMBICORT TURBUHALER 160 MCG - 4.5 MCG / DOSIS X 60 POLVO INHALACION ORAL,SYMBICORT TURBUHALER,Budesonida - Formoterol,POLVO PARA RECONSTITUCION,ASTRAZENECA A.B
39512,ME35724,GABICTAL 400 MG X 15 COMPRIMIDOS RECUBIERTOS,GABICTAL,Gabapentina,COMPRIMIDOS,"MONTE VERDE, S.A."
39513,ME35723,GABICTAL 300 MG X 30 COMPRIMIDOS RECUBIERTOS,GABICTAL,Gabapentina,COMPRIMIDOS,"MONTE VERDE, S.A."
39520,ME42581,PEDIALYTE ZINC 60 MEQ SOLUCION ELECTROLITICA DE USO ORAL SABOR A UVA X 60 SOLUCION ORAL,PEDIALYTE ZINC,Glucosa - Zinc,SOLUCION ORAL,"ABBOTT LABORATORIES DE MEXICO, S.A. DE C.V"
39521,HO41500/2,GLUTANIL AL 20 % X 30 AMPOLLAS,GLUTANIL AL,Glutamina,INYECTABLE,"LABORATORIO BEHRENS, C.A."
39522,HO41500/3,GLUTANIL AL 20 % X 60 AMPOLLAS,GLUTANIL AL,Glutamina,INYECTABLE,"LABORATORIO BEHRENS, C.A."
39524,HO44584,BIOCORTIN 500 MG X 1 AMPOLLA,BIOCORTIN,Hidrocortisona,INYECTABLE,SUNLIFE PHARMA SERVICES - NIXI LABORATORIES PVT. LTD.
39529,ME41832,JARIT 100 MG X 30 CAPSULAS BLANDAS,JARIT,Progesterona,CAPSULAS,"PROCAPS, S.A."
39532,ME35431,BIOKETOF 2.5 % GEL PARA USO T,BIOKETOF,Ketoprofeno,GEL,LABORATORIO BIOGALENIC C.A.
39538,ME40272,LEVOFERIN 30 MG / 5 ML SOLUCION,LEVOFERIN,Levodropropizina,LOCION,"LABORATORIOS VINCENTI, C.A."
39540,ME44316,MAXIFURFORTE 100 MG X 30 CAPSULAS,MAXIFURFORTE,,CAPSULAS,"JIANGXI SYNERGY PHARMACEUTICAL CO., LTD"
39541,ME16930,DEPO - PROVERA 150 MG / ML X 1 AMPOLLA,DEPO - PROVERA,Medroxiprogesterona,INYECTABLE,PHARMACIA & UPJOHN COMPANY LLC.
39542,ME43601,MINOXIDIL FORTE 5 % SOLUCION TOPICA,MINOXIDIL FORTE,Minoxidil,SOLUCION TOPICA,"LABORATORIO LA SANTE, C.A."
39543,ME41549,MITAR 50 MCG / DOSIS SOLUCION PARA INHALACION NASAL,MITAR,Mometasona,INHALACION,ROEMMERS S.A.I.C.F
39547,ME44057/3,ACECOL 600 MG X 100 POLVO PARA SOLUCION ORAL,ACECOL,,POLVO PARA RECONSTITUCION,XL LABORATORIES PVT. LTD.
39548,ME44057/2,ACECOL 600 MG X 10 POLVO PARA SOLUCION ORAL,ACECOL,,POLVO PARA RECONSTITUCION,XL LABORATORIES PVT. LTD.
39549,ME13354,FANASAL 0.05 % SOLUCION NASAL,FANASAL,Nafazolina,SOLUCION NASAL,"LABORATORIO QUIM-FAR, C.A."
39550,ME43190,NEMAX 16 % - 6 % SOLUCION RECTAL,NEMAX,,LOCION,WEST-COAST PHARMACEUTICAL WORKS LTD
39551,MI44357,FOSFATO DE SODIO MONOBASICO 16 % - FOSFATO DE SODIO DIBASICO 6 %,FOSFATO DE SODIO MONOBASICO,,,AIRELA INDUSTRIA FARMACEUTICA LTDA.
39552,HO39021/2,NEUROALFA X 1 AMPOLLA,NEUROALFA X,Vitamina B12,INYECTABLE,LABORATORIOS ALFA S.R.L.
39553,HO39021/3,NEUROALFA X 3 AMPOLLAS,NEUROALFA X,Vitamina B12,INYECTABLE,LABORATORIOS ALFA S.R.L.
39556,ME44095,OPRABLU 20 MG X 30 CAPSULAS,OPRABLU,Omeprazol,CAPSULAS,OLON S.P.A
39557,HO44280,OLXAC 40 MG X 1 AMPOLLA,OLXAC,Omeprazol,INYECTABLE,"SHANDONG YUXIN PHARMACEUTICAL, CO., LTD"
39559,ME44305,BIOTADIN 0.2 % SOLUCION OFTALMICA,BIOTADIN,Olopatadina,SOLUCION OFTALMICA,ARION HEALTHCARE
39561,ME42565,PATFLUX 40 MG X 1 TABLETA CON RECUBRIMIENTO ENTERICO,PATFLUX,Pantoprazol,TABLETAS,DEUTSCHE LABS. INC.
39564,ME41980,DUSTALOX 0.5 % SOLUCION OFTALMICA,DUSTALOX,,SOLUCION OFTALMICA,LABORATORIOS SOPHIA S.A. DE C.V
39565,ME31563,POENTOBRAL PLUS 0.3 %- 0.1 % SUSPENSION OFTALMICA,POENTOBRAL PLUS,Dexametasona - Tobramicina,SUSPENSION ORAL,LABORATORIOS POEN S.A.U.
39567,ME44199,PREGATAN 75 MG X 30 CAPSULAS,PREGATAN,Pregabalina,CAPSULAS,REMUS PHARMACEUTICALS PVT. LTD.
39576,ME42256,FLUDINAX 0.9 % SOLUCION NASAL,FLUDINAX,,SOLUCION NASAL,"LABORATORIO BEHRENS, C.A."
39578,ME43590,SIMULTAN DUO 50 MG - 850 MG X 30 COMPRIMIDOS RECUBIERTOS,SIMULTAN DUO,Metformina - Sitagliptina,COMPRIMIDOS,"ESPECIALIDADES DOLLDER, C.A."
39581,ME44749,ESLIPEL MET 50 MG - 1000 MG X 10 COMPRIMIDOS RECUBIERTOS,ESLIPEL MET,Metformina - Sitagliptina,COMPRIMIDOS,LABORATORIO ELEA PHOENIX S.A.
39583,ME26303,ULCIRAM 1 G / 5 ML X 20 SUSPENSION ORAL,ULCIRAM,,SUSPENSION ORAL,"LABORATORIOS VARGAS, S.A."
39586,ME44180,TADAFER 5 MG X 15 TABLETAS RECUBIERTAS,TADAFER,Tadalafilo,TABLETAS,"LABORATORIO PLUSANDEX DE FARMACEUTICOS UNIDOS, PLUSANDEX, C.A."
39593,ME43940,TOMYCIN DEX 0.3 % - 0.1 % SUSPENSION OFTALMICA,TOMYCIN DEX,Dexametasona - Tobramicina,SOLUCION OFTALMICA,THE IBN SINA PHARMACEUTICAL INDUSTRY LTD
39598,ME44209,VERICOLAN 450 MG - 50 MG X 30 TABLETAS RECUBIERTAS,VERICOLAN,Diosmina - Hesperidina,TABLETAS,"LABORATORIO COFASA, S.A."
39600,ME43973,FLOGAREN 1.16 % GEL,FLOGAREN,,GEL,C.A. PRODUCTOS RONAVA
39602,ME35193,GYNOCLOCIM 2 % CREMA VAGINAL,GYNOCLOCIM,Clotrimazol,CREMA,"LABORATORIOS KIMICEG, C.A."