producto_id,orden,estado,propuesta,accion,metodo,score,ref_id,ref_nombre,atc_id
37305,1,ok,Diltiazem,enlazar,exacto,1,1111,Diltiazem,1906
37322,1,ok,Acetaminofén,enlazar,exacto,1,34,Acetaminofen,
37322,2,ok,Hioscina N-Butilbromuro,revisar,sin_match,0,,,
37323,1,ok,Acetaminofén,enlazar,exacto,1,34,Acetaminofen,
37323,2,ok,Hioscina N-Butilbromuro,revisar,sin_match,0,,,
37325,1,ok,Acetaminofén,enlazar,exacto,1,34,Acetaminofen,
37325,2,ok,Clorfeniramina,enlazar,exacto,1,847,Clorfeniramina,2282
37326,1,ok,Acetaminofén,enlazar,exacto,1,34,Acetaminofen,
37326,2,ok,Tramadol,enlazar,exacto,1,3473,Tramadol,5004
37337,1,ok,Factor de Coagulación VIII,revisar,sin_match,0,,,
37345,1,ok,Ácido Acetilsalicílico,enlazar,fuzzy,1,47,Acetilsalicilico Acido,4728
37346,1,ok,Ácido Acetilsalicílico,enlazar,fuzzy,1,47,Acetilsalicilico Acido,4728
37366,1,ok,Ácido Ibandrónico,enlazar,fuzzy,1,1807,Ibandronico Acido,4828
37374,1,ok,Agua Bidestilada,revisar,sin_match,0,,,
37375,1,ok,Agua Destilada,revisar,sin_match,0,,,
37378,1,sin_informacion,(No se encontró información),revisar,sin_match,0,,,
37395,1,sin_informacion,(No se encontró información),revisar,sin_match,0,,,
37396,1,sin_informacion,(No se encontró información),revisar,sin_match,0,,,
37420,1,ok,Amikacina,enlazar,exacto,1,194,Amikacina,2344
37429,1,ok,Amlodipino,enlazar,exacto,1,212,Amlodipino,1879
37433,1,ok,Amlodipino,enlazar,exacto,1,212,Amlodipino,1879
37438,1,ok,Amoxicilina,enlazar,exacto,1,221,Amoxicilina,3196
37439,1,ok,Amoxicilina,enlazar,exacto,1,221,Amoxicilina,3196
37439,2,ok,Ácido Clavulánico,enlazar,fuzzy,1,808,Clavulanico Acido,
37446,1,ok,Amoxicilina,enlazar,exacto,1,221,Amoxicilina,3196
37455,1,sin_informacion,(No se encontró información),revisar,sin_match,0,,,
37456,1,sin_informacion,(No se encontró información),revisar,sin_match,0,,,
37464,1,sin_informacion,(No se encontró información),revisar,sin_match,0,,,
37465,1,sin_informacion,(No se encontró información),revisar,sin_match,0,,,
37466,1,sin_informacion,(No se encontró información),revisar,sin_match,0,,,
37470,1,sin_informacion,(No se encontró información),revisar,sin_match,0,,,
37471,1,sin_informacion,(No se encontró información),revisar,sin_match,0,,,
37474,1,sin_informacion,(No se encontró información),revisar,sin_match,0,,,
37476,1,sin_informacion,(No se encontró información),revisar,sin_match,0,,,
37477,1,sin_informacion,(No se encontró información),revisar,sin_match,0,,,
37482,1,sin_informacion,(No se encontró información),revisar,sin_match,0,,,
37483,1,sin_informacion,(No se encontró información),revisar,sin_match,0,,,
37490,1,sin_informacion,(No se encontró información),revisar,sin_match,0,,,
37491,1,sin_informacion,(No se encontró información),revisar,sin_match,0,,,
37497,1,sin_informacion,(No se encontró información),revisar,sin_match,0,,,
37498,1,sin_informacion,(No se encontró información),revisar,sin_match,0,,,
37504,1,sin_informacion,(No se encontró información),revisar,sin_match,0,,,
37505,1,sin_informacion,(No se encontró información),revisar,sin_match,0,,,
37510,1,sin_informacion,(No se encontró información),revisar,sin_match,0,,,
37522,1,ok,Atorvastatina,enlazar,exacto,1,329,Atorvastatina,2018
37526,1,sin_informacion,(No se encontró información),revisar,sin_match,0,,,
37527,1,sin_informacion,(No se encontró información),revisar,sin_match,0,,,
37528,1,ok,Atropina Sulfato,enlazar,exacto,1,340,Atropina Sulfato,233
37529,1,sin_informacion,(No se encontró información),revisar,sin_match,0,,,
37534,1,sin_informacion,(No se encontró información),revisar,sin_match,0,,,
37537,1,sin_informacion,(No se encontró información),revisar,sin_match,0,,,
37538,1,sin_informacion,(No se encontró información),revisar,sin_match,0,,,
37539,1,sin_informacion,(No se encontró información),revisar,sin_match,0,,,
37547,1,ok,Azitromicina,enlazar,exacto,1,366,Azitromicina,3366
37557,1,ok,Bencidamina Clorhidrato,revisar,sin_match,0,,,
37561,1,sin_informacion,(No se encontró información),revisar,sin_match,0,,,
37563,1,sin_informacion,(No se encontró información),revisar,sin_match,0,,,
37564,1,sin_informacion,(No se encontró información),revisar,sin_match,0,,,
37565,1,sin_informacion,(No se encontró información),revisar,sin_match,0,,,
37566,1,sin_informacion,(No se encontró información),revisar,sin_match,0,,,
37567,1,sin_informacion,(No se encontró información),revisar,sin_match,0,,,
37570,1,sin_informacion,(No se encontró información),revisar,sin_match,0,,,
37575,1,sin_informacion,(No se encontró información),revisar,sin_match,0,,,
37576,1,sin_informacion,(No se encontró información),revisar,sin_match,0,,,
37577,1,sin_informacion,(No se encontró información),revisar,sin_match,0,,,
37578,1,sin_informacion,(No se encontró información),revisar,sin_match,0,,,
37579,1,sin_informacion,(No se encontró información),revisar,sin_match,0,,,
37580,1,sin_informacion,(No se encontró información),revisar,sin_match,0,,,
37581,1,sin_informacion,(No se encontró información),revisar,sin_match,0,,,
37582,1,sin_informacion,(No se encontró información),revisar,sin_match,0,,,
37583,1,sin_informacion,(No se encontró información),revisar,sin_match,0,,,
37584,1,sin_informacion,(No se encontró información),revisar,sin_match,0,,,
37589,1,ok,Bisoprolol Fumarato,enlazar,exacto,1,494,Bisoprolol Fumarato,1815
37595,1,ok,Bisoprolol Fumarato,enlazar,exacto,1,494,Bisoprolol Fumarato,1815
37609,1,sin_informacion,(No se encontró información),revisar,sin_match,0,,,
37615,1,ok,Bromexina Clorhidrato,revisar,sin_match,0,,,
37616,1,ok,Bromhexina Clorhidrato,revisar,sin_match,0,,,
37617,1,ok,Bromhexina Clorhidrato,revisar,sin_match,0,,,
37637,1,sin_informacion,(No se encontró información),revisar,sin_match,0,,,
37645,1,sin_informacion,(No se encontró información),revisar,sin_match,0,,,
37646,1,sin_informacion,(No se encontró información),revisar,sin_match,0,,,
37648,1,sin_informacion,(No se encontró información),revisar,sin_match,0,,,
37649,1,sin_informacion,(No se encontró información),revisar,sin_match,0,,,
37650,1,sin_informacion,(No se encontró información),revisar,sin_match,0,,,
37655,1,ok,Candesartán Cilexetilo,enlazar,exacto,1,589,Candesartan Cilexetilo,1973
37655,2,ok,Hidroclorotiazida,enlazar,exacto,1,1739,Hidroclorotiazida,1555
37663,1,ok,Candesartán,enlazar,exacto,1,588,Candesartan,1973
37665,1,sin_informacion,(No se encontró información),revisar,sin_match,0,,,
37668,1,ok,Oxígeno,enlazar,exacto,1,4125,Oxigeno,6785
37687,1,sin_informacion,(No se encontró información),revisar,sin_match,0,,,
37703,1,sin_informacion,(No se encontró información),revisar,sin_match,0,,,
37704,1,ok,Cefadroxilo,enlazar,exacto,1,666,Cefadroxilo,3258
37719,1,ok,Ceftriaxona,enlazar,exacto,1,687,Ceftriaxona,3281
37731,1,sin_informacion,(No se encontró información),revisar,sin_match,0,,,
37734,1,ok,Vitamina C,enlazar,exacto,1,3732,Vitamina C,
37735,1,ok,Vitamina C,enlazar,exacto,1,3732,Vitamina C,
37742,1,sin_informacion,(No se encontró información),revisar,sin_match,0,,,
37743,1,sin_informacion,(No se encontró información),revisar,sin_match,0,,,
37750,1,sin_informacion,(No se encontró información),revisar,sin_match,0,,,
37751,1,ok,Ciprofloxacina,enlazar,fuzzy,0.765,764,Ciprofloxacino,6356
37752,1,ok,Ciprofloxacina,enlazar,fuzzy,0.765,764,Ciprofloxacino,6356
37753,1,ok,Ciprofloxacina,enlazar,fuzzy,0.765,764,Ciprofloxacino,6356
37755,1,ok,Ciprofloxacina,enlazar,fuzzy,0.765,764,Ciprofloxacino,6356
37756,1,ok,Ciprofloxacina,enlazar,fuzzy,0.765,764,Ciprofloxacino,6356
37757,1,ok,Ciprofloxacina,enlazar,fuzzy,0.765,764,Ciprofloxacino,6356
37758,1,ok,Ciprofloxacina,enlazar,fuzzy,0.765,764,Ciprofloxacino,6356
37759,1,ok,Ciprofloxacina,enlazar,fuzzy,0.765,764,Ciprofloxacino,6356
37760,1,ok,Ciprofloxacina,enlazar,fuzzy,0.765,764,Ciprofloxacino,6356
37762,1,ok,Ciprofloxacino,enlazar,exacto,1,764,Ciprofloxacino,6356
37766,1,ok,Citrato de Calcio,revisar,sin_match,0,,,
37767,1,ok,Citrato de Calcio,revisar,sin_match,0,,,
37768,1,sin_informacion,(No se encontró información),revisar,sin_match,0,,,
37771,1,sin_informacion,(No se encontró información),revisar,sin_match,0,,,
37775,1,sin_informacion,(No se encontró información),revisar,sin_match,0,,,
37776,1,ok,Clenbuterol Clorhidrato,revisar,sin_match,0,,,
37785,1,sin_informacion,(No se encontró información),revisar,sin_match,0,,,
37787,1,sin_informacion,(No se encontró información),revisar,sin_match,0,,,
37794,1,ok,Clonidina Clorhidrato,revisar,sin_match,0,,,
37795,1,ok,Clonidina Clorhidrato,revisar,sin_match,0,,,
37805,1,ok,Clopidogrel,enlazar,exacto,1,3940,Clopidogrel,936
37810,1,sin_informacion,(No se encontró información),revisar,sin_match,0,,,
37811,1,sin_informacion,(No se encontró información),revisar,sin_match,0,,,
37812,1,sin_informacion,(No se encontró información),revisar,sin_match,0,,,
37818,1,ok,Cloruro de Potasio,enlazar,exacto,1,874,Cloruro De Potasio,775
37819,1,ok,Cloruro de Sodio,enlazar,fuzzy,0.824,3995,Sodio Cloruro,7330
37820,1,ok,Cloruro de Sodio,enlazar,fuzzy,0.824,3995,Sodio Cloruro,7330
37825,1,sin_informacion,(No se encontró información),revisar,sin_match,0,,,
37832,1,ok,Lactobacillus plantarum,enlazar,exacto,1,1976,Lactobacillus Plantarum,
37832,2,ok,Pediococcus acidilactici,revisar,sin_match,0,,,
37834,1,sin_informacion,(No se encontró información),revisar,sin_match,0,,,
37835,1,ok,Complejo de Vitamina B,revisar,sin_match,0,,,
37838,1,sin_informacion,(No se encontró información),revisar,sin_match,0,,,
37841,1,sin_informacion,(No se encontró información),revisar,sin_match,0,,,
37842,1,sin_informacion,(No se encontró información),revisar,sin_match,0,,,
37843,1,sin_informacion,(No se encontró información),revisar,sin_match,0,,,
37844,1,sin_informacion,(No se encontró información),revisar,sin_match,0,,,
37845,1,sin_informacion,(No se encontró información),revisar,sin_match,0,,,
37846,1,sin_informacion,(No se encontró información),revisar,sin_match,0,,,
37860,1,sin_informacion,(No se encontró información),revisar,sin_match,0,,,
37865,1,sin_informacion,(No se encontró información),revisar,sin_match,0,,,
37866,1,sin_informacion,(No se encontró información),revisar,sin_match,0,,,
37869,1,sin_informacion,(No se encontró información),revisar,sin_match,0,,,
37876,1,sin_informacion,(No se encontró información),revisar,sin_match,0,,,
37878,1,sin_informacion,(No se encontró información),revisar,sin_match,0,,,
37880,1,sin_informacion,(No se encontró información),revisar,sin_match,0,,,
37883,1,sin_informacion,(No se encontró información),revisar,sin_match,0,,,
37885,1,sin_informacion,(No se encontró información),revisar,sin_match,0,,,
37886,1,sin_informacion,(No se encontró información),revisar,sin_match,0,,,
37901,1,ok,Dexametasona Fosfato Sódico,enlazar,fuzzy,0.833,1037,Dexametasona Fosfato Sodio,6447
37902,1,ok,Dexametasona Fosfato Sódico,enlazar,fuzzy,0.833,1037,Dexametasona Fosfato Sodio,6447
37908,1,sin_informacion,(No se encontró información),revisar,sin_match,0,,,
37909,1,ok,Dextrometorfano,enlazar,exacto,1,1053,Dextrometorfano,6140
37911,1,ok,Dextrosa,enlazar,exacto,1,1055,Dextrosa,
37914,1,sin_informacion,(No se encontró información),revisar,sin_match,0,,,
37915,1,sin_informacion,(No se encontró información),revisar,sin_match,0,,,
37918,1,sin_informacion,(No se encontró información),revisar,sin_match,0,,,
37932,1,ok,Diclofenaco Sódico,enlazar,exacto,1,1076,Diclofenaco Sodico,2675
37934,1,ok,Diclofenaco Potásico,revisar,fuzzy,0.6,1073,Diclofenaco,2675
37940,1,sin_informacion,(No se encontró información),revisar,sin_match,0,,,
37941,1,sin_informacion,(No se encontró información),revisar,sin_match,0,,,
37942,1,sin_informacion,(No se encontró información),revisar,sin_match,0,,,
37943,1,sin_informacion,(No se encontró información),revisar,sin_match,0,,,
37944,1,sin_informacion,(No se encontró información),revisar,sin_match,0,,,
37945,1,sin_informacion,(No se encontró información),revisar,sin_match,0,,,
37947,1,sin_informacion,(No se encontró información),revisar,sin_match,0,,,
37948,1,sin_informacion,(No se encontró información),revisar,sin_match,0,,,
37957,1,ok,Diosmina,enlazar,exacto,1,1120,Diosmina,1765
37957,2,ok,Hesperidina,enlazar,exacto,1,1729,Hesperidina,1778
37959,1,sin_informacion,(No se encontró información),revisar,sin_match,0,,,
37961,1,sin_informacion,(No se encontró información),revisar,sin_match,0,,,
37962,1,sin_informacion,(No se encontró información),revisar,sin_match,0,,,
37963,1,sin_informacion,(No se encontró información),revisar,sin_match,0,,,
37968,1,sin_informacion,(No se encontró información),revisar,sin_match,0,,,
37969,1,sin_informacion,(No se encontró información),revisar,sin_match,0,,,
37970,1,sin_informacion,(No se encontró información),revisar,sin_match,0,,,
37971,1,sin_informacion,(No se encontró información),revisar,sin_match,0,,,
37988,1,sin_informacion,(No se encontró información),revisar,sin_match,0,,,
37989,1,sin_informacion,(No se encontró información),revisar,sin_match,0,,,
37990,1,sin_informacion,(No se encontró información),revisar,sin_match,0,,,
37991,1,sin_informacion,(No se encontró información),revisar,sin_match,0,,,
37994,1,sin_informacion,(No se encontró información),revisar,sin_match,0,,,
38003,1,ok,Enalapril Maleato,enlazar,exacto,1,1228,Enalapril Maleato,1922
38008,1,ok,Bacillus clausii,revisar,sin_match,0,,,
38012,1,sin_informacion,(No se encontró información),revisar,sin_match,0,,,
38021,1,ok,Escitalopram,enlazar,exacto,1,1282,Escitalopram,5485
38022,1,ok,Escitalopram,enlazar,exacto,1,1282,Escitalopram,5485
38025,1,ok,Escitalopram,enlazar,exacto,1,1282,Escitalopram,5485
38027,1,sin_informacion,(No se encontró información),revisar,sin_match,0,,,
38035,1,ok,Esomeprazol,enlazar,exacto,1,1310,Esomeprazol,134
38053,1,sin_informacion,(No se encontró información),revisar,sin_match,0,,,
38058,1,sin_informacion,(No se encontró información),revisar,sin_match,0,,,
38062,1,sin_informacion,(No se encontró información),revisar,sin_match,0,,,
38063,1,sin_informacion,(No se encontró información),revisar,sin_match,0,,,
38065,1,sin_informacion,(No se encontró información),revisar,sin_match,0,,,
38066,1,sin_informacion,(No se encontró información),revisar,sin_match,0,,,
38075,1,sin_informacion,(No se encontró información),revisar,sin_match,0,,,
38076,1,sin_informacion,(No se encontró información),revisar,sin_match,0,,,
38077,1,sin_informacion,(No se encontró información),revisar,sin_match,0,,,
38078,1,sin_informacion,(No se encontró información),revisar,sin_match,0,,,
38082,1,sin_informacion,(No se encontró información),revisar,sin_match,0,,,
38083,1,sin_informacion,(No se encontró información),revisar,sin_match,0,,,
38086,1,ok,Pancreatina,enlazar,exacto,1,2650,Pancreatina,
38087,1,ok,Pancreatina,enlazar,exacto,1,2650,Pancreatina,
38091,1,ok,Finasteride,revisar,fuzzy,0.714,1455,Finasterida,2667
38092,1,sin_informacion,(No se encontró información),revisar,sin_match,0,,,
38093,1,sin_informacion,(No se encontró información),revisar,sin_match,0,,,
38094,1,sin_informacion,(No se encontró información),revisar,sin_match,0,,,
38100,1,sin_informacion,(No se encontró información),revisar,sin_match,0,,,
38105,1,sin_informacion,(No se encontró información),revisar,sin_match,0,,,
38109,1,sin_informacion,(No se encontró información),revisar,sin_match,0,,,
38110,1,sin_informacion,(No se encontró información),revisar,sin_match,0,,,
38124,1,ok,Flumazenil,enlazar,exacto,1,1475,Flumazenil,6738
38126,1,ok,Fluoxetina,enlazar,exacto,1,1490,Fluoxetina,5478
38132,1,ok,Fosfato de Potasio Monobásico,revisar,fuzzy,0.594,1536,Fosfato Potasico Dibasico,
38133,1,sin_informacion,(No se encontró información),revisar,sin_match,0,,,
38136,1,sin_informacion,(No se encontró información),revisar,sin_match,0,,,
38152,1,sin_informacion,(No se encontró información),revisar,sin_match,0,,,
38153,1,sin_informacion,(No se encontró información),revisar,sin_match,0,,,
38157,1,sin_informacion,(No se encontró información),revisar,sin_match,0,,,
38163,1,sin_informacion,(No se encontró información),revisar,sin_match,0,,,
38165,1,sin_informacion,(No se encontró información),revisar,sin_match,0,,,
38172,1,sin_informacion,(No se encontró información),revisar,sin_match,0,,,
38173,1,ok,Gluconato Ferroso,revisar,sin_match,0,,,
38178,1,sin_informacion,(No se encontró información),revisar,sin_match,0,,,
38180,1,sin_informacion,(No se encontró información),revisar,sin_match,0,,,
38182,1,sin_informacion,(No se encontró información),revisar,sin_match,0,,,
38183,1,sin_informacion,(No se encontró información),revisar,sin_match,0,,,
38189,1,sin_informacion,(No se encontró información),revisar,sin_match,0,,,
38192,1,ok,Valsartán,enlazar,exacto,1,3596,Valsartan,1970
38192,2,ok,Hidroclorotiazida,enlazar,exacto,1,1739,Hidroclorotiazida,1555
38195,1,ok,Losartán Potásico,enlazar,exacto,1,2132,Losartan Potasico,1968
38195,2,ok,Hidroclorotiazida,enlazar,exacto,1,1739,Hidroclorotiazida,1555
38196,1,ok,Losartán Potásico,enlazar,exacto,1,2132,Losartan Potasico,1968
38196,2,ok,Hidroclorotiazida,enlazar,exacto,1,1739,Hidroclorotiazida,1555
38198,1,ok,Butilbromuro de Hioscina,revisar,sin_match,0,,,
38200,1,ok,Polisulfato de Mucopolisacárido,revisar,sin_match,0,,,
38212,1,sin_informacion,(No se encontró información),revisar,sin_match,0,,,
38238,1,sin_informacion,(No se encontró información),revisar,sin_match,0,,,
38239,1,sin_informacion,(No se encontró información),revisar,sin_match,0,,,
38240,1,sin_informacion,(No se encontró información),revisar,sin_match,0,,,
38241,1,sin_informacion,(No se encontró información),revisar,sin_match,0,,,
38249,1,sin_informacion,(No se encontró información),revisar,sin_match,0,,,
38251,1,sin_informacion,(No se encontró información),revisar,sin_match,0,,,
38258,1,ok,Irbesartán,enlazar,exacto,1,1912,Irbesartan,1971
38258,2,ok,Hidroclorotiazida,enlazar,exacto,1,1739,Hidroclorotiazida,1555
38268,1,sin_informacion,(No se encontró información),revisar,sin_match,0,,,
38298,1,ok,Ketorolaco Trometamina,revisar,fuzzy,0.731,1957,Ketorolaco Trometamol,1161
38304,1,sin_informacion,(No se encontró información),revisar,sin_match,0,,,
38305,1,ok,L-Carnitina,enlazar,exacto,1,2027,L-carnitina,5559
38306,1,sin_informacion,(No se encontró información),revisar,sin_match,0,,,
38307,1,sin_informacion,(No se encontró información),revisar,sin_match,0,,,
38317,1,sin_informacion,(No se encontró información),revisar,sin_match,0,,,
38318,1,sin_informacion,(No se encontró información),revisar,sin_match,0,,,
38326,1,sin_informacion,(No se encontró información),revisar,sin_match,0,,,
38327,1,sin_informacion,(No se encontró información),revisar,sin_match,0,,,
38329,1,sin_informacion,(No se encontró información),revisar,sin_match,0,,,
38348,1,ok,Levosulpiride,enlazar,fuzzy,0.75,2077,Levosulpirida,5294
38353,1,ok,Lidocaína,enlazar,exacto,1,2081,Lidocaina,1297
38353,2,ok,Epinefrina,enlazar,exacto,1,1244,Epinefrina,6457
38355,1,sin_informacion,(No se encontró información),revisar,sin_match,0,,,
38356,1,sin_informacion,(No se encontró información),revisar,sin_match,0,,,
38357,1,ok,Lactobacillus rhamnosus,enlazar,exacto,1,1978,Lactobacillus Rhamnosus,
38358,1,sin_informacion,(No se encontró información),revisar,sin_match,0,,,
38364,1,sin_informacion,(No se encontró información),revisar,sin_match,0,,,
38365,1,sin_informacion,(No se encontró información),revisar,sin_match,0,,,
38368,1,sin_informacion,(No se encontró información),revisar,sin_match,0,,,
38369,1,sin_informacion,(No se encontró información),revisar,sin_match,0,,,
38370,1,sin_informacion,(No se encontró información),revisar,sin_match,0,,,
38371,1,sin_informacion,(No se encontró información),revisar,sin_match,0,,,
38372,1,sin_informacion,(No se encontró información),revisar,sin_match,0,,,
38388,1,ok,Loratadina,enlazar,exacto,1,2125,Loratadina,6257
38393,1,sin_informacion,(No se encontró información),revisar,sin_match,0,,,
38398,1,ok,Losartán Potásico,enlazar,exacto,1,2132,Losartan Potasico,1968
38398,2,ok,Hidroclorotiazida,enlazar,exacto,1,1739,Hidroclorotiazida,1555
38402,1,ok,Losartán Potásico,enlazar,exacto,1,2132,Losartan Potasico,1968
38402,2,ok,Hidroclorotiazida,enlazar,exacto,1,1739,Hidroclorotiazida,1555
38403,1,ok,Losartán Potásico,enlazar,exacto,1,2132,Losartan Potasico,1968
38403,2,ok,Hidroclorotiazida,enlazar,exacto,1,1739,Hidroclorotiazida,1555
38413,1,sin_informacion,(No se encontró información),revisar,sin_match,0,,,
38420,1,ok,Centella asiatica,enlazar,fuzzy,0.783,703,Centella Asiatica Exto,6619
38430,1,sin_informacion,(No se encontró información),revisar,sin_match,0,,,
38432,1,sin_informacion,(No se encontró información),revisar,sin_match,0,,,
38437,1,sin_informacion,(No se encontró información),revisar,sin_match,0,,,
38448,1,ok,Meropenem,enlazar,exacto,1,4112,Meropenem,7345
38450,1,ok,Dipirona,enlazar,exacto,1,1124,Dipirona,
38451,1,ok,Dipirona,enlazar,exacto,1,1124,Dipirona,
38457,1,ok,Metformina Clorhidrato,revisar,sin_match,0,,,
38458,1,ok,Metformina,enlazar,exacto,1,2280,Metformina,598
38461,1,ok,Metformina Clorhidrato,revisar,sin_match,0,,,
38462,1,ok,Metformina Clorhidrato,revisar,sin_match,0,,,
38463,1,ok,Sitagliptina,enlazar,exacto,1,3184,Sitagliptina,651
38463,2,ok,Metformina Clorhidrato,revisar,sin_match,0,,,
38464,1,ok,Metformina Clorhidrato,revisar,sin_match,0,,,
38465,1,ok,Sitagliptina,enlazar,exacto,1,3184,Sitagliptina,651
38465,2,ok,Metformina Clorhidrato,revisar,sin_match,0,,,
38466,1,ok,Metilprednisolona,enlazar,exacto,1,2299,Metilprednisolona,3085
38476,1,ok,Metronidazol,enlazar,exacto,1,2320,Metronidazol,2719
38479,1,ok,Metronidazol Benzoil,revisar,fuzzy,0.72,2321,Metronidazol Benzoato,2719
38491,1,sin_informacion,(No se encontró información),revisar,sin_match,0,,,
38492,1,sin_informacion,(No se encontró información),revisar,sin_match,0,,,
38493,1,sin_informacion,(No se encontró información),revisar,sin_match,0,,,
38494,1,sin_informacion,(No se encontró información),revisar,sin_match,0,,,
38495,1,sin_informacion,(No se encontró información),revisar,sin_match,0,,,
38496,1,sin_informacion,(No se encontró información),revisar,sin_match,0,,,
38507,1,sin_informacion,(No se encontró información),revisar,sin_match,0,,,
38508,1,sin_informacion,(No se encontró información),revisar,sin_match,0,,,
38509,1,sin_informacion,(No se encontró información),revisar,sin_match,0,,,
38510,1,sin_informacion,(No se encontró información),revisar,sin_match,0,,,
38511,1,sin_informacion,(No se encontró información),revisar,sin_match,0,,,
38515,1,sin_informacion,(No se encontró información),revisar,sin_match,0,,,
38519,1,sin_informacion,(No se encontró información),revisar,sin_match,0,,,
38520,1,sin_informacion,(No se encontró información),revisar,sin_match,0,,,
38523,1,sin_informacion,(No se encontró información),revisar,sin_match,0,,,
38524,1,sin_informacion,(No se encontró información),revisar,sin_match,0,,,
38525,1,ok,Mupirocina,enlazar,exacto,1,2388,Mupirocina,5901
38526,1,sin_informacion,(No se encontró información),revisar,sin_match,0,,,
38528,1,ok,N-Butil Bromuro de Hioscina,revisar,sin_match,0,,,
38529,1,sin_informacion,(No se encontró información),revisar,sin_match,0,,,
38530,1,sin_informacion,(No se encontró información),revisar,sin_match,0,,,
38543,1,ok,Neostigmina,enlazar,exacto,1,2437,Neostigmina,5603
38544,1,ok,Neostigmina,enlazar,exacto,1,2437,Neostigmina,5603
38545,1,sin_informacion,(No se encontró información),revisar,sin_match,0,,,
38546,1,sin_informacion,(No se encontró información),revisar,sin_match,0,,,
38556,1,ok,Nimodipina,revisar,fuzzy,0.692,4046,Nimodipino,1884
38557,1,sin_informacion,(No se encontró información),revisar,sin_match,0,,,
38560,1,sin_informacion,(No se encontró información),revisar,sin_match,0,,,
38561,1,ok,Nitazoxanida,revisar,sin_match,0,,,
38564,1,ok,Nitrofurantoína,enlazar,exacto,1,2518,Nitrofurantoina,3455
38565,1,ok,Nitrofurantoína,enlazar,exacto,1,2518,Nitrofurantoina,3455
38576,1,sin_informacion,(No se encontró información),revisar,sin_match,0,,,
38577,1,sin_informacion,(No se encontró información),revisar,sin_match,0,,,
38580,1,sin_informacion,(No se encontró información),revisar,sin_match,0,,,
38581,1,ok,Prednisolona Acetato,enlazar,exacto,1,2874,Prednisolona Acetato,3087
38584,1,sin_informacion,(No se encontró información),revisar,sin_match,0,,,
38585,1,sin_informacion,(No se encontró información),revisar,sin_match,0,,,
38588,1,sin_informacion,(No se encontró información),revisar,sin_match,0,,,
38589,1,ok,Olmesartán Medoxomil,enlazar,fuzzy,0.87,2576,Olmesartan Medoxomilo,1975
38589,2,ok,Hidroclorotiazida,enlazar,exacto,1,1739,Hidroclorotiazida,1555
38592,1,ok,Olmesartán Medoxomil,enlazar,fuzzy,0.87,2576,Olmesartan Medoxomilo,1975
38596,1,ok,Omeprazol,enlazar,exacto,1,2584,Omeprazol,130
38597,1,ok,Omeprazol,enlazar,exacto,1,2584,Omeprazol,130
38598,1,ok,Omeprazol,enlazar,exacto,1,2584,Omeprazol,130
38599,1,ok,Omeprazol,enlazar,exacto,1,2584,Omeprazol,130
38600,1,ok,Omeprazol,enlazar,exacto,1,2584,Omeprazol,130
38601,1,ok,Omeprazol,enlazar,exacto,1,2584,Omeprazol,130
38602,1,ok,Omeprazol,enlazar,exacto,1,2584,Omeprazol,130
38608,1,ok,Omeprazol,enlazar,exacto,1,2584,Omeprazol,130
38609,1,ok,Omeprazol,enlazar,exacto,1,2584,Omeprazol,130
38610,1,ok,Omeprazol,enlazar,exacto,1,2584,Omeprazol,130
38611,1,ok,Omeprazol,enlazar,exacto,1,2584,Omeprazol,130
38614,1,ok,Lisado Bacteriano,revisar,sin_match,0,,,
38617,1,ok,Ondansetrón,enlazar,exacto,1,2587,Ondansetron,301
38618,1,ok,Ondansetrón,enlazar,exacto,1,2587,Ondansetron,301
38628,1,sin_informacion,(No se encontró información),revisar,sin_match,0,,,
38631,1,ok,Oxolamina,enlazar,exacto,1,4270,Oxolamina,6151
38635,1,ok,Pantoprazol,enlazar,exacto,1,2656,Pantoprazol,131
38636,1,ok,Pantoprazol,enlazar,exacto,1,2656,Pantoprazol,131
38642,1,sin_informacion,(No se encontró información),revisar,sin_match,0,,,
38643,1,sin_informacion,(No se encontró información),revisar,sin_match,0,,,
38652,1,sin_informacion,(No se encontró información),revisar,sin_match,0,,,
38653,1,sin_informacion,(No se encontró información),revisar,sin_match,0,,,
38654,1,sin_informacion,(No se encontró información),revisar,sin_match,0,,,
38655,1,sin_informacion,(No se encontró información),revisar,sin_match,0,,,
38657,1,sin_informacion,(No se encontró información),revisar,sin_match,0,,,
38659,1,sin_informacion,(No se encontró información),revisar,sin_match,0,,,
38662,1,sin_informacion,(No se encontró información),revisar,sin_match,0,,,
38663,1,ok,Pinaveerium Bromuro,revisar,fuzzy,0.652,2773,Pinaverio Bromuro,218
38664,1,ok,Pinaveerium Bromuro,revisar,fuzzy,0.652,2773,Pinaverio Bromuro,218
38667,1,ok,Piperazina,revisar,sin_match,0,,,
38674,1,sin_informacion,(No se encontró información),revisar,sin_match,0,,,
38675,1,ok,Aminoácidos Cristalinos,revisar,sin_match,0,,,
38677,1,sin_informacion,(No se encontró información),revisar,sin_match,0,,,
38684,1,ok,Prednisolona,enlazar,exacto,1,2873,Prednisolona,3087
38685,1,ok,Prednisolona,enlazar,exacto,1,2873,Prednisolona,3087
38700,1,sin_informacion,(No se encontró información),revisar,sin_match,0,,,
38701,1,sin_informacion,(No se encontró información),revisar,sin_match,0,,,
38702,1,ok,Propranolol,enlazar,exacto,1,2912,Propranolol,1796
38704,1,sin_informacion,(No se encontró información),revisar,sin_match,0,,,
38705,1,sin_informacion,(No se encontró información),revisar,sin_match,0,,,
38708,1,ok,Quetiapina,enlazar,exacto,1,2948,Quetiapina,5281
38709,1,ok,Quetiapina,enlazar,exacto,1,2948,Quetiapina,5281
38710,1,ok,Quetiapina,enlazar,exacto,1,2948,Quetiapina,5281
38716,1,sin_informacion,(No se encontró información),revisar,sin_match,0,,,
38731,1,sin_informacion,(No se encontró información),revisar,sin_match,0,,,
38732,1,ok,Solución de Ringer Lactato,revisar,sin_match,0,,,
38735,1,sin_informacion,(No se encontró información),revisar,sin_match,0,,,
38754,1,sin_informacion,(No se encontró información),revisar,sin_match,0,,,
38763,1,sin_informacion,(No se encontró información),revisar,sin_match,0,,,
38764,1,sin_informacion,(No se encontró información),revisar,sin_match,0,,,
38794,1,sin_informacion,(No se encontró información),revisar,sin_match,0,,,
38795,1,sin_informacion,(No se encontró información),revisar,sin_match,0,,,
38803,1,ok,Sitagliptina,enlazar,exacto,1,3184,Sitagliptina,651
38803,2,ok,Metformina,enlazar,exacto,1,2280,Metformina,598
38806,1,ok,Sucralfato,enlazar,exacto,1,4236,Sucralfato,148
38809,1,ok,Sulfadiazina de Plata,revisar,fuzzy,0.591,3245,Sulfadiazina,3334
38811,1,sin_informacion,(No se encontró información),revisar,sin_match,0,,,
38812,1,sin_informacion,(No se encontró información),revisar,sin_match,0,,,
38813,1,sin_informacion,(No se encontró información),revisar,sin_match,0,,,
38838,1,sin_informacion,(No se encontró información),revisar,sin_match,0,,,
38841,1,sin_informacion,(No se encontró información),revisar,sin_match,0,,,
38845,1,sin_informacion,(No se encontró información),revisar,sin_match,0,,,
38856,1,ok,Terbinafina Clorhidrato,revisar,sin_match,0,,,
38858,1,sin_informacion,(No se encontró información),revisar,sin_match,0,,,
38859,1,sin_informacion,(No se encontró información),revisar,sin_match,0,,,
38860,1,sin_informacion,(No se encontró información),revisar,sin_match,0,,,
38861,1,sin_informacion,(No se encontró información),revisar,sin_match,0,,,
38862,1,sin_informacion,(No se encontró información),revisar,sin_match,0,,,
38880,1,sin_informacion,(No se encontró información),revisar,sin_match,0,,,
38884,1,sin_informacion,(No se encontró información),revisar,sin_match,0,,,
38885,1,sin_informacion,(No se encontró información),revisar,sin_match,0,,,
38889,1,sin_informacion,(No se encontró información),revisar,sin_match,0,,,
38893,1,ok,Trimebutina Maleato,enlazar,exacto,1,3515,Trimebutina Maleato,173
38894,1,ok,Trimebutina Maleato,enlazar,exacto,1,3515,Trimebutina Maleato,173
38896,1,sin_informacion,(No se encontró información),revisar,sin_match,0,,,
38908,1,sin_informacion,(No se encontró información),revisar,sin_match,0,,,
38910,1,sin_informacion,(No se encontró información),revisar,sin_match,0,,,
38911,1,ok,Valaciclovir,enlazar,exacto,1,3582,Valaciclovir,3547
38912,1,sin_informacion,(No se encontró información),revisar,sin_match,0,,,
38922,1,ok,Valsartán,enlazar,exacto,1,3596,Valsartan,1970
38922,2,ok,Hidroclorotiazida,enlazar,exacto,1,1739,Hidroclorotiazida,1555
38924,1,ok,Valsartán,enlazar,exacto,1,3596,Valsartan,1970
38924,2,ok,Hidroclorotiazida,enlazar,exacto,1,1739,Hidroclorotiazida,1555
38925,1,ok,Valsartán,enlazar,exacto,1,3596,Valsartan,1970
38925,2,ok,Hidroclorotiazida,enlazar,exacto,1,1739,Hidroclorotiazida,1555
38936,1,sin_informacion,(No se encontró información),revisar,sin_match,0,,,
38937,1,sin_informacion,(No se encontró información),revisar,sin_match,0,,,
38938,1,sin_informacion,(No se encontró información),revisar,sin_match,0,,,
38939,1,sin_informacion,(No se encontró información),revisar,sin_match,0,,,
38958,1,ok,Vitamina B12,enlazar,exacto,1,3726,Vitamina B12,714
38959,1,ok,Vitamina B12,enlazar,exacto,1,3726,Vitamina B12,714
38960,1,ok,Vitamina C,enlazar,exacto,1,3732,Vitamina C,
38967,1,ok,Vitamina C,enlazar,exacto,1,3732,Vitamina C,
38970,1,ok,Vitamina K1,enlazar,exacto,1,3739,Vitamina K1,
38971,1,sin_informacion,(No se encontró información),revisar,sin_match,0,,,
38972,1,sin_informacion,(No se encontró información),revisar,sin_match,0,,,
38973,1,ok,Vitamina E,enlazar,exacto,1,3736,Vitamina E,
38975,1,sin_informacion,(No se encontró información),revisar,sin_match,0,,,
38976,1,sin_informacion,(No se encontró información),revisar,sin_match,0,,,
38977,1,sin_informacion,(No se encontró información),revisar,sin_match,0,,,
38978,1,sin_informacion,(No se encontró información),revisar,sin_match,0,,,
38979,1,sin_informacion,(No se encontró información),revisar,sin_match,0,,,
38980,1,sin_informacion,(No se encontró información),revisar,sin_match,0,,,
38991,1,sin_informacion,(No se encontró información),revisar,sin_match,0,,,
38996,1,sin_informacion,(No se encontró información),revisar,sin_match,0,,,
38997,1,sin_informacion,(No se encontró información),revisar,sin_match,0,,,
39000,1,sin_informacion,(No se encontró información),revisar,sin_match,0,,,
39002,1,sin_informacion,(No se encontró información),revisar,sin_match,0,,,
39003,1,sin_informacion,(No se encontró información),revisar,sin_match,0,,,
39004,1,sin_informacion,(No se encontró información),revisar,sin_match,0,,,
39014,1,ok,Acetaminofén,enlazar,exacto,1,34,Acetaminofen,
39024,1,ok,Dextrosa,enlazar,exacto,1,1055,Dextrosa,
39037,1,ok,Amlodipino,enlazar,exacto,1,212,Amlodipino,1879
39040,1,ok,Amlodipino,enlazar,exacto,1,212,Amlodipino,1879
39044,1,ok,Amoxicilina,enlazar,exacto,1,221,Amoxicilina,3196
39064,1,sin_informacion,(No se encontró información),revisar,sin_match,0,,,
39065,1,sin_informacion,(No se encontró información),revisar,sin_match,0,,,
39066,1,sin_informacion,(No se encontró información),revisar,sin_match,0,,,
39067,1,sin_informacion,(No se encontró información),revisar,sin_match,0,,,
39068,1,sin_informacion,(No se encontró información),revisar,sin_match,0,,,
39069,1,sin_informacion,(No se encontró información),revisar,sin_match,0,,,
39087,1,ok,Atorvastatina,enlazar,exacto,1,329,Atorvastatina,2018
39088,1,sin_informacion,(No se encontró información),revisar,sin_match,0,,,
39089,1,sin_informacion,(No se encontró información),revisar,sin_match,0,,,
39096,1,ok,Betametasona,enlazar,exacto,1,458,Betametasona,6450
39097,1,ok,Bicarbonato de Sodio,enlazar,fuzzy,0.857,3193,Sodio Bicarbonato,110
39099,1,ok,Olmesartán Medoxomilo,enlazar,exacto,1,2576,Olmesartan Medoxomilo,1975
39104,1,sin_informacion,(No se encontró información),revisar,sin_match,0,,,
39109,1,ok,Bisoprolol Fumarato,enlazar,exacto,1,494,Bisoprolol Fumarato,1815
39109,2,ok,Hidroclorotiazida,enlazar,exacto,1,1739,Hidroclorotiazida,1555
39111,1,ok,Bisoprolol Fumarato,enlazar,exacto,1,494,Bisoprolol Fumarato,1815
39111,2,ok,Hidroclorotiazida,enlazar,exacto,1,1739,Hidroclorotiazida,1555
39136,1,ok,Clorhidrato de Morfina,revisar,sin_match,0,,,
39138,1,sin_informacion,(No se encontró información),revisar,sin_match,0,,,
39139,1,ok,Ciprofloxacina,enlazar,fuzzy,0.765,764,Ciprofloxacino,6356
39140,1,ok,Ciprofloxacina,enlazar,fuzzy,0.765,764,Ciprofloxacino,6356
39141,1,ok,Ciprofloxacina,enlazar,fuzzy,0.765,764,Ciprofloxacino,6356
39142,1,ok,Ciprofloxacina,enlazar,fuzzy,0.765,764,Ciprofloxacino,6356
39150,1,ok,Cloruro de Potasio,enlazar,exacto,1,874,Cloruro De Potasio,775
39151,1,ok,Cloruro de Sodio,enlazar,fuzzy,0.824,3995,Sodio Cloruro,7330
39158,1,ok,Complejo de Vitamina B,revisar,sin_match,0,,,
39238,1,ok,Gluconato de Calcio,revisar,fuzzy,0.567,1657,Gluconato Calcio Monohidrato,
39248,1,ok,Ibuprofeno,enlazar,exacto,1,3877,Ibuprofeno,4605
39248,2,ok,Tiocolchicósido,enlazar,exacto,1,4000,Tiocolchicosido,7246
39273,1,sin_informacion,(No se encontró información),revisar,sin_match,0,,,
39274,1,sin_informacion,(No se encontró información),revisar,sin_match,0,,,
39275,1,sin_informacion,(No se encontró información),revisar,sin_match,0,,,
39313,1,ok,Nafazolina Clorhidrato,revisar,sin_match,0,,,
39324,1,ok,Olmesartán Medoxomil,enlazar,fuzzy,0.87,2576,Olmesartan Medoxomilo,1975
39325,1,ok,Olmesartán Medoxomilo,enlazar,exacto,1,2576,Olmesartan Medoxomilo,1975
39326,1,ok,Omeprazol,enlazar,exacto,1,2584,Omeprazol,130
39327,1,ok,Omeprazol,enlazar,exacto,1,2584,Omeprazol,130
39328,1,ok,Omeprazol,enlazar,exacto,1,2584,Omeprazol,130
39329,1,ok,Omeprazol,enlazar,exacto,1,2584,Omeprazol,130
39330,1,ok,Omeprazol,enlazar,exacto,1,2584,Omeprazol,130
39334,1,ok,Oxolamina,enlazar,exacto,1,4270,Oxolamina,6151
39335,1,ok,Oxolamina,enlazar,exacto,1,4270,Oxolamina,6151
39339,1,ok,Oxolamina,enlazar,exacto,1,4270,Oxolamina,6151
39343,1,sin_informacion,(No se encontró información),revisar,sin_match,0,,,
39344,1,sin_informacion,(No se encontró información),revisar,sin_match,0,,,
39352,1,sin_informacion,(No se encontró información),revisar,sin_match,0,,,
39354,1,sin_informacion,(No se encontró información),revisar,sin_match,0,,,
39356,1,ok,Solución Ringer Lactato,revisar,sin_match,0,,,
39367,1,ok,Dextrosa,enlazar,exacto,1,1055,Dextrosa,
39376,1,ok,Sultamicilina,enlazar,exacto,1,4234,Sultamicilina,3249
39392,1,ok,Terbinafina,enlazar,exacto,1,3348,Terbinafina,2184
39397,1,ok,Trimetoprim,enlazar,fuzzy,0.769,3519,Trimetoprima,3319
39397,2,ok,Sulfametoxazol,enlazar,exacto,1,3249,Sulfametoxazol,3333
39403,1,ok,Valsartán,enlazar,exacto,1,3596,Valsartan,1970
39403,2,ok,Hidroclorotiazida,enlazar,exacto,1,1739,Hidroclorotiazida,1555
39418,1,sin_informacion,(No se encontró información),revisar,sin_match,0,,,
39421,1,sin_informacion,(No se encontró información),revisar,sin_match,0,,,
39449,1,ok,Hioscina N-Butilbromuro,revisar,sin_match,0,,,
39496,1,ok,Carbonato de Calcio,enlazar,fuzzy,0.833,572,Calcio Carbonato,80
39540,1,sin_informacion,(No se encontró información),revisar,sin_match,0,,,
39547,1,sin_informacion,(No se encontró información),revisar,sin_match,0,,,
39548,1,sin_informacion,(No se encontró información),revisar,sin_match,0,,,
39550,1,sin_informacion,(No se encontró información),revisar,sin_match,0,,,
39551,1,ok,Fosfato de Sodio Monobásico,revisar,sin_match,0,,,
39551,2,ok,Fosfato de Sodio Dibásico,revisar,fuzzy,0.567,1536,Fosfato Potasico Dibasico,
39563,1,sin_informacion,(No se encontró información),revisar,sin_match,0,,,
39576,1,sin_informacion,(No se encontró información),revisar,sin_match,0,,,
39577,1,sin_informacion,(No se encontró información),revisar,sin_match,0,,,
39597,1,sin_informacion,(No se encontró información),revisar,sin_match,0,,,
39612,1,ok,Ketoprofeno,enlazar,exacto,1,4101,Ketoprofeno,4607
39613,1,ok,Dipirona,enlazar,exacto,1,1124,Dipirona,
39614,1,ok,Dexametasona,enlazar,exacto,1,1034,Dexametasona,6447
39615,1,ok,Ondansetrón,enlazar,exacto,1,2587,Ondansetron,301
39616,1,ok,Tramadol,enlazar,exacto,1,3473,Tramadol,5004
39617,1,ok,Cloruro de Sodio,enlazar,fuzzy,0.824,3995,Sodio Cloruro,7330
39618,1,ok,Ácido Ibandrónico,enlazar,fuzzy,1,1807,Ibandronico Acido,4828
39619,1,ok,Ácido Tranexámico,enlazar,fuzzy,1,3480,Tranexamico Acido,998
39620,1,ok,Aceclofenaco,enlazar,exacto,1,17,Aceclofenaco,4591
39621,1,ok,Acetaminofén,enlazar,exacto,1,34,Acetaminofen,
39622,1,ok,Acetaminofén,enlazar,exacto,1,34,Acetaminofen,
39623,1,ok,Acetaminofén,enlazar,exacto,1,34,Acetaminofen,
39624,1,ok,Acetaminofén,enlazar,exacto,1,34,Acetaminofen,
39625,1,ok,Acetaminofén,enlazar,exacto,1,34,Acetaminofen,
39626,1,ok,Acetazolamida,enlazar,exacto,1,40,Acetazolamida,6478
39627,1,ok,Acetazolamida,enlazar,exacto,1,40,Acetazolamida,6478
39628,1,ok,Aciclovir,enlazar,exacto,1,56,Aciclovir,2362
39629,1,ok,Aciclovir,enlazar,exacto,1,56,Aciclovir,2362
39630,1,ok,Aciclovir,enlazar,exacto,1,56,Aciclovir,2362
39631,1,ok,Ácido Ascórbico,enlazar,fuzzy,1,308,Ascorbico Acido,
39632,1,ok,Ácido Fólico,enlazar,fuzzy,1,1505,Folico Acido,1106
39633,1,ok,Adapaleno,enlazar,exacto,1,76,Adapaleno,2598
39633,2,ok,Clindamicina,enlazar,exacto,1,812,Clindamicina,2609
39634,1,ok,Adrenalina,enlazar,exacto,1,84,Adrenalina,
39635,1,sin_informacion,(No se encontró información),revisar,sin_match,0,,,
39636,1,ok,Albendazol,enlazar,exacto,1,108,Albendazol,5776
39637,1,ok,Albendazol,enlazar,exacto,1,108,Albendazol,5776
39638,1,ok,Alendronato Sódico,enlazar,fuzzy,0.762,123,Alendronato Sodio,
39639,1,ok,Amikacina,enlazar,exacto,1,194,Amikacina,2344
39640,1,ok,Amikacina,enlazar,exacto,1,194,Amikacina,2344
39641,1,ok,Amlodipino,enlazar,exacto,1,212,Amlodipino,1879
39642,1,ok,Amlodipino,enlazar,exacto,1,212,Amlodipino,1879
39643,1,ok,Amlodipino,enlazar,exacto,1,212,Amlodipino,1879
39644,1,ok,Amoxicilina,enlazar,exacto,1,221,Amoxicilina,3196
39645,1,ok,Amoxicilina,enlazar,exacto,1,221,Amoxicilina,3196
39646,1,ok,Amoxicilina,enlazar,exacto,1,221,Amoxicilina,3196
39647,1,ok,Anastrozol,enlazar,exacto,1,233,Anastrozol,4338
39648,1,ok,Apixabán,enlazar,exacto,1,271,Apixaban,985
39649,1,sin_informacion,(No se encontró información),revisar,sin_match,0,,,
39650,1,ok,Atenolol,enlazar,exacto,1,322,Atenolol,1811
39651,1,ok,Atenolol,enlazar,exacto,1,322,Atenolol,1811
39652,1,ok,Atenolol,enlazar,exacto,1,322,Atenolol,1811
39653,1,ok,Atorvastatina,enlazar,exacto,1,329,Atorvastatina,2018
39654,1,ok,Atorvastatina,enlazar,exacto,1,329,Atorvastatina,2018
39655,1,sin_informacion,(No se encontró información),revisar,sin_match,0,,,
39656,1,ok,Azitromicina,enlazar,exacto,1,366,Azitromicina,3366
39657,1,ok,Azitromicina,enlazar,exacto,1,366,Azitromicina,3366
39658,1,ok,Bacitracina,enlazar,exacto,1,378,Bacitracina,3464
39659,1,ok,Bisacodilo,enlazar,exacto,1,487,Bisacodilo,364
39660,1,ok,Bisoprolol Fumarato,enlazar,exacto,1,494,Bisoprolol Fumarato,1815
39661,1,ok,Bisoprolol Fumarato,enlazar,exacto,1,494,Bisoprolol Fumarato,1815
39662,1,ok,Valsartán,enlazar,exacto,1,3596,Valsartan,1970
39663,1,ok,Bromexina,revisar,fuzzy,0.615,530,Bromhexina,6110
39664,1,ok,Bromexina Clorhidrato,revisar,sin_match,0,,,
39665,1,ok,Bromhexina,enlazar,exacto,1,530,Bromhexina,6110
39666,1,ok,Carbamazepina,enlazar,exacto,1,605,Carbamazepina,5145
39667,1,ok,Carbamazepina,enlazar,exacto,1,605,Carbamazepina,5145
39668,1,ok,Carbamazepina,enlazar,exacto,1,605,Carbamazepina,5145
39669,1,ok,Carbamazepina,enlazar,exacto,1,605,Carbamazepina,5145
39670,1,ok,Cefazolina Sódico,enlazar,fuzzy,0.8,671,Cefazolina Sodica,3257
39671,1,ok,Ceftriaxona,enlazar,exacto,1,687,Ceftriaxona,3281
39672,1,ok,Ceftriaxona,enlazar,exacto,1,687,Ceftriaxona,3281
39673,1,ok,Celecoxib,enlazar,exacto,1,3850,Celecoxib,4636
39674,1,ok,Cetirizina,enlazar,exacto,1,710,Cetirizina,6544
39675,1,ok,Cilostazol,enlazar,exacto,1,746,Cilostazol,953
39676,1,ok,Cilostazol,enlazar,exacto,1,746,Cilostazol,953
39677,1,ok,Ciprofloxacina,enlazar,fuzzy,0.765,764,Ciprofloxacino,6356
39678,1,ok,Ciprofloxacina,enlazar,fuzzy,0.765,764,Ciprofloxacino,6356
39679,1,ok,Ciprofloxacina,enlazar,fuzzy,0.765,764,Ciprofloxacino,6356
39680,1,ok,Ciprofloxacina,enlazar,fuzzy,0.765,764,Ciprofloxacino,6356
39681,1,ok,Ciprofloxacina,enlazar,fuzzy,0.765,764,Ciprofloxacino,6356
39682,1,ok,Ciprofloxacino,enlazar,exacto,1,764,Ciprofloxacino,6356
39683,1,ok,Citalopram,enlazar,exacto,1,777,Citalopram,5479
39684,1,ok,Citrato de Calcio,revisar,sin_match,0,,,
39684,2,ok,Vitamina D3,enlazar,exacto,1,3735,Vitamina D3,
39685,1,ok,Clomifeno,enlazar,exacto,1,3938,Clomifeno,7174
39686,1,ok,Clopidogrel,enlazar,exacto,1,3940,Clopidogrel,936
39687,1,ok,Clopidogrel,enlazar,exacto,1,3940,Clopidogrel,936
39688,1,ok,Clopidogrel,enlazar,exacto,1,3940,Clopidogrel,936
39689,1,ok,Mebeverina,enlazar,exacto,1,2204,Mebeverina,172
39690,1,ok,Cloruro Sódico,revisar,fuzzy,0.706,3995,Sodio Cloruro,7330
39691,1,ok,Cloruro de Magnesio,enlazar,fuzzy,0.85,2161,Magnesio Cloruro,
39692,1,ok,Clotrimazol,enlazar,exacto,1,878,Clotrimazol,2720
39693,1,ok,Clotrimazol,enlazar,exacto,1,878,Clotrimazol,2720
39694,1,ok,Complejo de Vitamina B,revisar,sin_match,0,,,
39695,1,ok,Diltiazem,enlazar,exacto,1,1111,Diltiazem,1906
39696,1,sin_informacion,(No se encontró información),revisar,sin_match,0,,,
39697,1,sin_informacion,(No se encontró información),revisar,sin_match,0,,,
39698,1,sin_informacion,(No se encontró información),revisar,sin_match,0,,,
39699,1,ok,Dexametasona Fosfato Sódico,enlazar,fuzzy,0.833,1037,Dexametasona Fosfato Sodio,6447
39700,1,sin_informacion,(No se encontró información),revisar,sin_match,0,,,
39701,1,ok,Diacereína,enlazar,exacto,1,1058,Diacereina,4653
39702,1,ok,Carvedilol,enlazar,exacto,1,646,Carvedilol,1827
39703,1,ok,Diclofenaco Sódico,enlazar,exacto,1,1076,Diclofenaco Sodico,2675
39704,1,ok,Diclofenaco Potásico,revisar,fuzzy,0.6,1073,Diclofenaco,2675
39705,1,ok,Diclofenac Potásico,revisar,sin_match,0,,,
39706,1,ok,Diosmina,enlazar,exacto,1,1120,Diosmina,1765
39707,1,ok,Diosmina,enlazar,exacto,1,1120,Diosmina,1765
39707,2,ok,Hesperidina,enlazar,exacto,1,1729,Hesperidina,1778
39708,1,ok,Diosmina,enlazar,exacto,1,1120,Diosmina,1765
39708,2,ok,Hesperidina,enlazar,exacto,1,1729,Hesperidina,1778
39709,1,ok,Dobutamina,enlazar,exacto,1,1131,Dobutamina,1327
39710,1,ok,Domperidona,enlazar,exacto,1,1139,Domperidona,290
39711,1,ok,Domperidona,enlazar,exacto,1,1139,Domperidona,290
39712,1,ok,Domperidona,enlazar,exacto,1,1139,Domperidona,290
39713,1,ok,Doxiciclina,enlazar,exacto,1,1156,Doxiciclina,49
39714,1,ok,Enalapril,enlazar,exacto,1,1227,Enalapril,1922
39715,1,ok,Enalapril Maleato,enlazar,exacto,1,1228,Enalapril Maleato,1922
39715,2,ok,Hidroclorotiazida,enlazar,exacto,1,1739,Hidroclorotiazida,1555
39716,1,ok,Eritromicina,enlazar,exacto,1,1271,Eritromicina,2610
39717,1,ok,Escitalopram,enlazar,exacto,1,1282,Escitalopram,5485
39718,1,ok,Escitalopram,enlazar,exacto,1,1282,Escitalopram,5485
39719,1,ok,Escitalopram,enlazar,exacto,1,1282,Escitalopram,5485
39720,1,ok,Escitalopram,enlazar,exacto,1,1282,Escitalopram,5485
39721,1,ok,Escitalopram,enlazar,exacto,1,1282,Escitalopram,5485
39722,1,ok,Escitalopram,enlazar,exacto,1,1282,Escitalopram,5485
39723,1,ok,Fexofenadina Clorhidrato,revisar,sin_match,0,,,
39724,1,ok,Flavoxato,enlazar,exacto,1,1461,Flavoxato,2969
39725,1,ok,Flavoxato,enlazar,exacto,1,1461,Flavoxato,2969
39726,1,ok,Flavoxato Clorhidrato,revisar,sin_match,0,,,
39727,1,ok,Fluconazol,enlazar,exacto,1,1468,Fluconazol,3475
39728,1,ok,Fluconazol,enlazar,exacto,1,1468,Fluconazol,3475
39729,1,ok,Fluconazol,enlazar,exacto,1,1468,Fluconazol,3475
39730,1,ok,Fluconazol,enlazar,exacto,1,1468,Fluconazol,3475
39731,1,ok,Fluconazol,enlazar,exacto,1,1468,Fluconazol,3475
39732,1,ok,Flunarizina,enlazar,exacto,1,1476,Flunarizina,5640
39733,1,ok,Fluoxetina,enlazar,exacto,1,1490,Fluoxetina,5478
39734,1,ok,Furosemida,enlazar,exacto,1,1564,Furosemida,1608
39735,1,ok,Gentamicina,enlazar,exacto,1,1614,Gentamicina,6641
39736,1,ok,Gentamicina,enlazar,exacto,1,1614,Gentamicina,6641
39737,1,ok,Glibenclamida,enlazar,exacto,1,1633,Glibenclamida,601
39738,1,ok,Glibenclamida,enlazar,exacto,1,1633,Glibenclamida,601
39739,1,ok,Glimepirida,enlazar,exacto,1,1649,Glimepirida,612
39740,1,ok,Irbesartán,enlazar,exacto,1,1912,Irbesartan,1971
39741,1,ok,Irbesartán,enlazar,exacto,1,1912,Irbesartan,1971
39742,1,ok,Itraconazol,enlazar,exacto,1,1938,Itraconazol,3476
39743,1,ok,Ketoprofeno,enlazar,exacto,1,4101,Ketoprofeno,4607
39744,1,ok,Ketorolaco Trometamol,enlazar,exacto,1,1957,Ketorolaco Trometamol,1161
39745,1,ok,Ketorolaco Trometamina,revisar,fuzzy,0.731,1957,Ketorolaco Trometamol,1161
39746,1,ok,Ketorolaco Trometamina,revisar,fuzzy,0.731,1957,Ketorolaco Trometamol,1161
39747,1,ok,Lamotrigina,enlazar,exacto,1,1991,Lamotrigina,5159
39748,1,ok,Lamotrigina,enlazar,exacto,1,1991,Lamotrigina,5159
39749,1,ok,Lercanidipino,enlazar,exacto,1,2044,Lercanidipino,1891
39750,1,ok,Letrozol,enlazar,exacto,1,4105,Letrozol,7242
39751,1,ok,Levetiracetam,enlazar,exacto,1,2056,Levetiracetam,5164
39752,1,ok,Levofloxacina,enlazar,fuzzy,0.75,2067,Levofloxacino,6358
39753,1,ok,Levofloxacino,enlazar,exacto,1,2067,Levofloxacino,6358
39754,1,ok,Levofloxacino,enlazar,exacto,1,2067,Levofloxacino,6358
39755,1,ok,Levofloxacino,enlazar,exacto,1,2067,Levofloxacino,6358
39756,1,ok,Levofloxacino,enlazar,exacto,1,2067,Levofloxacino,6358
39757,1,ok,Levofloxacino,enlazar,exacto,1,2067,Levofloxacino,6358
39758,1,ok,Levofloxacino,enlazar,exacto,1,2067,Levofloxacino,6358
39759,1,ok,Levofloxacino,enlazar,exacto,1,2067,Levofloxacino,6358
39760,1,ok,Levonorgestrel,enlazar,exacto,1,4107,Levonorgestrel,2839
39761,1,ok,Levotiroxina Sódico,enlazar,fuzzy,0.818,2079,Levotiroxina Sodica,3113
39762,1,ok,Levotiroxina Sódico,enlazar,fuzzy,0.818,2079,Levotiroxina Sodica,3113
39763,1,ok,Levotiroxina Sódico,enlazar,fuzzy,0.818,2079,Levotiroxina Sodica,3113
39764,1,ok,Loperamida,enlazar,exacto,1,2121,Loperamida,482
39765,1,ok,Loperamida,enlazar,exacto,1,2121,Loperamida,482
39766,1,ok,Loratadina,enlazar,exacto,1,2125,Loratadina,6257
39767,1,ok,Loratadina,enlazar,exacto,1,2125,Loratadina,6257
39768,1,ok,Losartán,enlazar,exacto,1,2131,Losartan,1968
39768,2,ok,Hidroclorotiazida,enlazar,exacto,1,1739,Hidroclorotiazida,1555
39769,1,ok,Losartán,enlazar,exacto,1,2131,Losartan,1968
39769,2,ok,Hidroclorotiazida,enlazar,exacto,1,1739,Hidroclorotiazida,1555
39770,1,ok,Magnesio Glicinato,revisar,sin_match,0,,,
39771,1,sin_informacion,(No se encontró información),revisar,sin_match,0,,,
39772,1,ok,Medroxiprogesterona,enlazar,exacto,1,2213,Medroxiprogesterona,2842
39773,1,ok,Meloxicam,enlazar,exacto,1,2230,Meloxicam,4602
39774,1,ok,Meloxicam,enlazar,exacto,1,2230,Meloxicam,4602
39775,1,ok,Memantina,enlazar,exacto,1,2231,Memantina,5594
39776,1,ok,Memantina,enlazar,exacto,1,2231,Memantina,5594
39777,1,ok,Memantina,enlazar,exacto,1,2231,Memantina,5594
39778,1,ok,Meropenem,enlazar,exacto,1,4112,Meropenem,7345
39779,1,ok,Metformina,enlazar,exacto,1,2280,Metformina,598
39780,1,ok,Metformina,enlazar,exacto,1,2280,Metformina,598
39781,1,ok,Metformina,enlazar,exacto,1,2280,Metformina,598
39782,1,ok,Metformina,enlazar,exacto,1,2280,Metformina,598
39783,1,ok,Metformina,enlazar,exacto,1,2280,Metformina,598
39784,1,ok,Metoclopramida,enlazar,exacto,1,2307,Metoclopramida,288
39785,1,ok,Metoclopramida,enlazar,exacto,1,2307,Metoclopramida,288
39786,1,ok,Metronidazol,enlazar,exacto,1,2320,Metronidazol,2719
39787,1,ok,Metronidazol,enlazar,exacto,1,2320,Metronidazol,2719
39788,1,ok,Metronidazol,enlazar,exacto,1,2320,Metronidazol,2719
39789,1,ok,Metronidazol,enlazar,exacto,1,2320,Metronidazol,2719
39790,1,ok,Metronidazol,enlazar,exacto,1,2320,Metronidazol,2719
39791,1,ok,Betahistina,enlazar,exacto,1,453,Betahistina,5638
39792,1,ok,Mirtazapina,enlazar,exacto,1,2352,Mirtazapina,5507
39793,1,ok,Mirtazapina,enlazar,exacto,1,2352,Mirtazapina,5507
39794,1,ok,Moxifloxacino,enlazar,exacto,1,2384,Moxifloxacino,6360
39795,1,ok,Naproxeno,enlazar,exacto,1,2418,Naproxeno,2796
39796,1,ok,Losartán,enlazar,exacto,1,2131,Losartan,1968
39796,2,ok,Hidroclorotiazida,enlazar,exacto,1,1739,Hidroclorotiazida,1555
39797,1,ok,Nifedipino,enlazar,exacto,1,4045,Nifedipino,1883
39798,1,ok,Nitrofurantoína,enlazar,exacto,1,2518,Nitrofurantoina,3455
39799,1,ok,Nitrofurantoína,enlazar,exacto,1,2518,Nitrofurantoina,3455
39800,1,ok,Nitrofurantoína,enlazar,exacto,1,2518,Nitrofurantoina,3455
39801,1,ok,Nitrofurazona,enlazar,exacto,1,2519,Nitrofurazona,
39802,1,ok,Prednisolona,enlazar,exacto,1,2873,Prednisolona,3087
39803,1,ok,Olanzapina,enlazar,exacto,1,2569,Olanzapina,5280
39804,1,ok,Olmesartán Medoxomil,enlazar,fuzzy,0.87,2576,Olmesartan Medoxomilo,1975
39804,2,ok,Hidroclorotiazida,enlazar,exacto,1,1739,Hidroclorotiazida,1555
39805,1,ok,Olmesartán Medoxomilo,enlazar,exacto,1,2576,Olmesartan Medoxomilo,1975
39806,1,ok,Olmesartán Medoxomilo,enlazar,exacto,1,2576,Olmesartan Medoxomilo,1975
39807,1,ok,Olmesartán Medoxomilo,enlazar,exacto,1,2576,Olmesartan Medoxomilo,1975
39808,1,ok,Omeprazol,enlazar,exacto,1,2584,Omeprazol,130
39809,1,ok,Omeprazol,enlazar,exacto,1,2584,Omeprazol,130
39810,1,ok,Omeprazol,enlazar,exacto,1,2584,Omeprazol,130
39811,1,ok,Lisado Bacteriano,revisar,sin_match,0,,,
39812,1,ok,Ondansetrón,enlazar,exacto,1,2587,Ondansetron,301
39813,1,ok,Ondansetrón,enlazar,exacto,1,2587,Ondansetron,301
39814,1,ok,Orlistat,enlazar,exacto,1,2598,Orlistat,536
39815,1,ok,Oxcarbazepina,enlazar,exacto,1,2610,Oxcarbazepina,5146
39816,1,ok,Oxolamina,enlazar,exacto,1,4270,Oxolamina,6151
39817,1,ok,Pantoprazol,enlazar,exacto,1,2656,Pantoprazol,131
39818,1,ok,Paracetamol,enlazar,exacto,1,1,Paracetamol,18
39819,1,ok,Paracetamol,enlazar,exacto,1,1,Paracetamol,18
39820,1,ok,Paroxetina,enlazar,exacto,1,2676,Paroxetina,5480
39821,1,ok,Pregabalina,enlazar,exacto,1,2880,Pregabalina,5166
39822,1,ok,Pentoxifilina,enlazar,exacto,1,2729,Pentoxifilina,1671
39823,1,ok,Piracetam,enlazar,exacto,1,2781,Piracetam,5550
39824,1,ok,Prednisolona,enlazar,exacto,1,2873,Prednisolona,3087
39825,1,ok,Prednisolona,enlazar,exacto,1,2873,Prednisolona,3087
39826,1,ok,Prednisolona,enlazar,exacto,1,2873,Prednisolona,3087
39827,1,ok,Prednisolona,enlazar,exacto,1,2873,Prednisolona,3087
39828,1,ok,Prednisona,enlazar,exacto,1,2879,Prednisona,3088
39829,1,ok,Pregabalina,enlazar,exacto,1,2880,Pregabalina,5166
39830,1,sin_informacion,(No se encontró información),revisar,sin_match,0,,,
39831,1,ok,Propranolol,enlazar,exacto,1,2912,Propranolol,1796
39832,1,ok,Quetiapina,enlazar,exacto,1,2948,Quetiapina,5281
39833,1,ok,Quetiapina,enlazar,exacto,1,2948,Quetiapina,5281
39834,1,ok,Quetiapina,enlazar,exacto,1,2948,Quetiapina,5281
39835,1,ok,Quetiapina,enlazar,exacto,1,2948,Quetiapina,5281
39836,1,ok,Ranitidina,enlazar,exacto,1,2971,Ranitidina,116
39837,1,ok,Ranitidina,enlazar,exacto,1,2971,Ranitidina,116
39838,1,ok,Ranitidina,enlazar,exacto,1,2971,Ranitidina,116
39839,1,ok,Hidroxicloroquina,enlazar,exacto,1,1758,Hidroxicloroquina,5711
39840,1,ok,Rivaroxabán,enlazar,exacto,1,3046,Rivaroxaban,984
39841,1,ok,Rivaroxabán,enlazar,exacto,1,3046,Rivaroxaban,984
39842,1,ok,Rivaroxabán,enlazar,exacto,1,3046,Rivaroxaban,984
39843,1,ok,Rosuvastatina,enlazar,exacto,1,3060,Rosuvastatina,2020
39844,1,ok,Rosuvastatina,enlazar,exacto,1,3060,Rosuvastatina,2020
39845,1,ok,Rosuvastatina,enlazar,exacto,1,3060,Rosuvastatina,2020
39846,1,ok,Rosuvastatina,enlazar,exacto,1,3060,Rosuvastatina,2020
39847,1,ok,Sertralina,enlazar,exacto,1,3156,Sertralina,5481
39848,1,ok,Sertralina,enlazar,exacto,1,3156,Sertralina,5481
39849,1,ok,Sertralina,enlazar,exacto,1,3156,Sertralina,5481
39850,1,ok,Sertralina,enlazar,exacto,1,3156,Sertralina,5481
39851,1,ok,Sucralfato,enlazar,exacto,1,4236,Sucralfato,148
39852,1,ok,Sucralfato,enlazar,exacto,1,4236,Sucralfato,148
39853,1,ok,Tacrolimus,enlazar,exacto,1,3274,Tacrolimus,2646
39854,1,ok,Tamsulosina,enlazar,exacto,1,3293,Tamsulosina,3009
39855,1,ok,Tamsulosina,enlazar,exacto,1,3293,Tamsulosina,3009
39856,1,ok,Tamsulosina,enlazar,exacto,1,3293,Tamsulosina,3009
39857,1,ok,Teofilina,enlazar,exacto,1,3340,Teofilina,6052
39858,1,ok,Timolol,enlazar,exacto,1,4196,Timolol,1797
39859,1,ok,Tiocolchicósido,enlazar,exacto,1,4000,Tiocolchicosido,7246
39860,1,ok,Tiocolchicósido,enlazar,exacto,1,4000,Tiocolchicosido,7246
39861,1,ok,Tiocolchicósido,enlazar,exacto,1,4000,Tiocolchicosido,7246
39862,1,ok,Tizanidina,enlazar,exacto,1,3440,Tizanidina,4786
39863,1,ok,Trimebutina,enlazar,exacto,1,3514,Trimebutina,173
39864,1,ok,Valsartán,enlazar,exacto,1,3596,Valsartan,1970
39865,1,ok,Valsartán,enlazar,exacto,1,3596,Valsartan,1970
39866,1,ok,Valsartán,enlazar,exacto,1,3596,Valsartan,1970
39866,2,ok,Hidroclorotiazida,enlazar,exacto,1,1739,Hidroclorotiazida,1555
39867,1,ok,Valsartán,enlazar,exacto,1,3596,Valsartan,1970
39868,1,ok,Vildagliptina,enlazar,exacto,1,3644,Vildagliptina,652
39869,1,ok,"Complejo Vitamina B1, B2, B6, B12",revisar,sin_match,0,,,
39870,1,ok,Vitamina C,enlazar,exacto,1,3732,Vitamina C,
39871,1,ok,Voriconazol,enlazar,exacto,1,3752,Voriconazol,3477
39872,1,ok,Acetaminofén,enlazar,exacto,1,34,Acetaminofen,
39873,1,ok,Azitromicina,enlazar,exacto,1,366,Azitromicina,3366
39874,1,ok,Bisoprolol,enlazar,exacto,1,3830,Bisoprolol,1815
39875,1,ok,Bisoprolol,enlazar,exacto,1,3830,Bisoprolol,1815
39876,1,ok,Bisoprolol,enlazar,exacto,1,3830,Bisoprolol,1815
39876,2,ok,Hidroclorotiazida,enlazar,exacto,1,1739,Hidroclorotiazida,1555
39877,1,ok,Cetirizina,enlazar,exacto,1,710,Cetirizina,6544
39878,1,ok,Claritromicina,enlazar,exacto,1,801,Claritromicina,3365
39879,1,ok,Cloruro de Magnesio,enlazar,fuzzy,0.85,2161,Magnesio Cloruro,
39880,1,ok,Diclofenac Dietilamino,revisar,fuzzy,0.72,1074,Diclofenaco Dietilamina,2675
39881,1,ok,Empagliflozina,enlazar,exacto,1,1225,Empagliflozina,667
39882,1,ok,Montelukast,enlazar,exacto,1,2375,Montelukast,6078
39883,1,ok,Hidroclorotiazida,enlazar,exacto,1,1739,Hidroclorotiazida,1555
39884,1,ok,Losartán,enlazar,exacto,1,2131,Losartan,1968
39885,1,ok,Meloxicam,enlazar,exacto,1,2230,Meloxicam,4602
39886,1,ok,Metformina,enlazar,exacto,1,2280,Metformina,598
39887,1,ok,Acetaminofén,enlazar,exacto,1,34,Acetaminofen,
39888,1,ok,Montelukast,enlazar,exacto,1,2375,Montelukast,6078
39889,1,ok,Quetiapina,enlazar,exacto,1,2948,Quetiapina,5281
39890,1,ok,Quetiapina Hemifumarato,enlazar,exacto,1,2950,Quetiapina Hemifumarato,5281
39891,1,ok,Quetiapina,enlazar,exacto,1,2948,Quetiapina,5281
39892,1,ok,Simvastatina,enlazar,exacto,1,3181,Simvastatina,2014
39893,1,ok,Salbutamol,enlazar,exacto,1,3105,Salbutamol,5962
39894,1,ok,Salbutamol,enlazar,exacto,1,3105,Salbutamol,5962
39895,1,ok,Sertralina,enlazar,exacto,1,3156,Sertralina,5481
39896,1,ok,Sultamicilina,enlazar,exacto,1,4234,Sultamicilina,3249
39897,1,ok,Albendazol,enlazar,exacto,1,108,Albendazol,5776
39898,1,sin_informacion,(No se encontró información),revisar,sin_match,0,,,
39899,1,ok,Azitromicina,enlazar,exacto,1,366,Azitromicina,3366
39900,1,ok,Budesonida,enlazar,exacto,1,541,Budesonida,496
39901,1,ok,Butilbromuro de Hioscina,revisar,sin_match,0,,,
39902,1,ok,Clindamicina,enlazar,exacto,1,812,Clindamicina,2609
39903,1,ok,Clortalidona,enlazar,exacto,1,869,Clortalidona,1583
39904,1,ok,Clotrimazol,enlazar,exacto,1,878,Clotrimazol,2720
39905,1,ok,Dapagliflozina,enlazar,exacto,1,964,Dapagliflozina,665
39906,1,ok,Diclofenaco Sódico,enlazar,exacto,1,1076,Diclofenaco Sodico,2675
39907,1,ok,Clotrimazol,enlazar,exacto,1,878,Clotrimazol,2720
39908,1,ok,Fluconazol,enlazar,exacto,1,1468,Fluconazol,3475
39909,1,ok,Gabapentina,enlazar,exacto,1,1571,Gabapentina,5065
39910,1,ok,Glutamina,enlazar,exacto,1,1671,Glutamina,1221
39910,2,ok,Vitamina B12,enlazar,exacto,1,3726,Vitamina B12,714
39911,1,ok,Hidrocortisona Sódico,revisar,fuzzy,0.682,1740,Hidrocortisona,3090
39912,1,ok,Ketoprofeno,enlazar,exacto,1,4101,Ketoprofeno,4607
39913,1,ok,Mupirocina,enlazar,exacto,1,2388,Mupirocina,5901
39914,1,ok,Omeprazol,enlazar,exacto,1,2584,Omeprazol,130
39915,1,ok,Pentoxifilina,enlazar,exacto,1,2729,Pentoxifilina,1671
39916,1,ok,Ranitidina,enlazar,exacto,1,2971,Ranitidina,116
39917,1,ok,Diosmina,enlazar,exacto,1,1120,Diosmina,1765
39917,2,ok,Hesperidina,enlazar,exacto,1,1729,Hesperidina,1778
