producto_id,nombre,sku,fuente,enlazada,ref_id,atc_id
37335,ACICLOVIR CREMA 5 %,ME43512,PROPILENGLICOL - PARAFINA LIQUIDA LIGERA - PARAFINA BLANDA BLANCA - FOSFATO DE HIDROGENO D,Sodio Hidrogeno Carbonato,3199,
37375,AGUA DESTILADA ESTERIL SOLUCION INYECTABLE,HO1694,AGUA DESTILADA,Agua Para Preparaciones Inyectables,104,6883
37400,ALOPURINOL 100 MG X 30 TABLETAS,ME44004,ALLOPURINOL,Alopurinol,156,4801
37647,CAMPAL 1 % GEL,ME43646,DICLOFENAC DIETILAMONIO,Diclofenaco Dietilamina,1074,2675
37768,CALCITREX D3 1500 MG - 200 UI X 30 TABLETAS,ME33790,CITRATO DE CALCIO,Vitamina D3,3735,
37880,DERAIN 15 % CREMA,ME25685,EXTRACTO ACUOSO DE TRITICUM VULGARE,Azelaico Acido,361,2619
37981,DORIXINA FLEX 125 MG - 5 MG X 20 COMPRIMIDOS RECUBIERTOS,ME32119/4,CLONIXINATO DE LISINA - CICLOBENZAPRINA CLORHIDRATO,Clonixino Lisina,831,1222
37982,DORIXINA FLEX 125 MG - 5 MG X 5 COMPRIMIDOS RECUBIERTOS,ME32119/2,CLONIXINATO DE LISINA - CICLOBENZAPRINA CLORHIDRATO,Clonixino Lisina,831,1222
37983,DORIXINA FLEX 125 MG - 5 MG X 10 COMPRIMIDOS RECUBIERTOS,ME32119/3,CLONIXINATO DE LISINA - CICLOBENZAPRINA CLORHIDRATO,Clonixino Lisina,831,1222
38079,FERGANIC FOLIC 40 MG - 360 MCG / 15 ML X 20 JARABE,ME33240/3,PROTEINA FERRICA - ACIDO FOLICO,Proteinas,2929,792
38080,FERGANIC FOLIC 40 MG - 360 MCG / 15 ML X 1 JARABE,ME33240/2,PROTEINA FERRICA - ACIDO FOLICO,Proteinas,2929,792
38081,FERGANIC FOLIC 40 MG - 360 MCG / 15 ML X 30 JARABE,ME33240/4,PROTEINA FERRICA - ACIDO FOLICO,Proteinas,2929,792
38105,FLEMIBAR 20 MG - 2500 MG / 5 ML X 3 AMPOLLAS,HO24421,N-BUTILBROMURO DE HIOSCINA,Ambroxol,181,5950
38133,FOSFOLIT 21.6 G - 8.1 G / 45 ML SOLUCION ORAL,ME41993,FOSFATO DIBASICO DE SODIO,Fosfato Monosodio Dihidrato,1535,
38133,FOSFOLIT 21.6 G - 8.1 G / 45 ML SOLUCION ORAL,ME41993,FOSFATO DIBASICO DE SODIO,Fosfato Disodio,1531,
38173,GLUCONATO FERROSO (50 MG / 15 ML DE HIERRO ELEMENTAL) SOLUCION ORAL,ME37958,GLUCONATO FERROSO,Gluconato Hierro,1658,
38264,IZABAN 10 MG X 30 COMPRIMIDOS RECUBIERTOS,ME43469,EMPAGLIFLOZINA - DICLOFENAC DIETILAMONIO - MALEATO DE TRIMEBUTINA,Diclofenaco Dietilamina,1074,2675
38270,KELAC 30 MG / ML X 1 AMPOLLA,HO30748/2,KETOROLAC TROMETAMINA,Ketorolaco Trometamol,1957,1161
38271,KELAC 30 MG / ML X 3 AMPOLLAS,HO30748/3,KETOROLAC TROMETAMINA,Ketorolaco Trometamol,1957,1161
38272,KELAC 30 MG / ML X 4 AMPOLLAS,HO30748/4,KETOROLAC TROMETAMINA,Ketorolaco Trometamol,1957,1161
38295,KETOREL 30 MG X 4 COMPRIMIDOS ORODISPERSABLE,ME42483,KETOROLAC TROMETAMINA,Ketorolaco Trometamol,1957,1161
38299,KETOROLAC TROMETAMINA 20 MG X 10 COMPRIMIDOS,ME36886,KETOROLAC TROMETAMINA,Ketorolaco Trometamol,1957,1161
38304,KLAS 100 MG X 20 CAPSULAS,ME25409,ACEBROFILINA,Claritromicina,801,3365
38306,LACTBET 3000 U X 10 CAPSULAS,ME36925/2,LACTASA,Tilactasa,4288,545
38307,LACTBET 3000 U X 20 CAPSULAS,ME36925/3,LACTASA,Tilactasa,4288,545
38453,METFORMINA CLORHIDRATO 850 MG X 30 TABLETAS RECUBIERTAS,ME43925/4,CLORHIDRATO DE METFORMINA CD 95% - METFORMINA CLORHIDRATO,(+)-tetrabenazina,3360,5286
38454,METFORMINA CLORHIDRATO 850 MG X 14 TABLETAS RECUBIERTAS,ME43925/2,CLORHIDRATO DE METFORMINA CD 95% - METFORMINA CLORHIDRATO,(+)-tetrabenazina,3360,5286
38455,METFORMINA CLORHIDRATO 850 MG X 28 TABLETAS RECUBIERTAS,ME43925/3,CLORHIDRATO DE METFORMINA CD 95% - METFORMINA CLORHIDRATO,(+)-tetrabenazina,3360,5286
38603,OMEPRAZOL 20 MG X 10 CAPSULAS GASTRORRESISTENTES,ME43675/4,OMEPRAZOL  - OMEPRAZOL PELLET 7.5%,(+)-tetrabenazina,3360,5286
38604,OMEPRAZOL 20 MG X 20 CAPSULAS GASTRORRESISTENTES,ME43675/5,OMEPRAZOL  - OMEPRAZOL PELLET 7.5%,(+)-tetrabenazina,3360,5286
38605,OMEPRAZOL 20 MG X 30 CAPSULAS GASTRORRESISTENTES,ME43675/6,OMEPRAZOL  - OMEPRAZOL PELLET 7.5%,(+)-tetrabenazina,3360,5286
38606,OMEPRAZOL 20 MG X 7 CAPSULAS GASTRORRESISTENTES,ME43675/2,OMEPRAZOL  - OMEPRAZOL PELLET 7.5%,(+)-tetrabenazina,3360,5286
38607,OMEPRAZOL 20 MG X 8 CAPSULAS GASTRORRESISTENTES,ME43675/3,OMEPRAZOL  - OMEPRAZOL PELLET 7.5%,(+)-tetrabenazina,3360,5286
38640,PASIM PLUS 10 MG - 500 MG X 10 COMPRIMIDOS RECUBIERTOS,ME43713,ACETAMINOFEN DC 90% - N-BUTILBROMURO DE HIOSCINA - ACETAMINOFEN,(+)-tetrabenazina,3360,5286
38642,PASIM 10 MG / ML SOLUCION ORAL,ME41590,N-BUTILBROMURO DE HIOSCINA,Butilescopolamina Bromuro,553,237
38643,PASOLAX POLVO PARA SOLUCION ORAL,ME42399,POLIETILENGLICOL 3350,Senosidos A-b,3144,
38658,PERTEN 1 % GEL TOPICO,ME40673,TERBINAFINA,Clotrimazol,878,2720
38662,PIMADOL 10 MG X 10 TABLETAS RECUBIERTAS,ME44538,N-BUTILBROMURO DE HIOSCINA,Butilescopolamina Bromuro,553,237
38671,PLIDAN COMPUESTO 10 MG / 125 MG X 10 COMPRIMIDOS RECUBIERTOS,ME31051,CLONIXINATO DE LISINA,Clonixino Lisina,831,1222
38672,PLIDAN COMPUESTO 15 MG / 2 ML - 100 MG / 2 ML X 1 AMPOLLA,HO31052/2,CLONIXINATO DE LISINA,Clonixino Lisina,831,1222
38673,PLIDAN COMPUESTO 15 MG / 2 ML - 100 MG / 2 ML X 2 AMPOLLAS,HO31052/3,CLONIXINATO DE LISINA,Clonixino Lisina,831,1222
38704,PROTOSULFIL 1 % CREMA,ME23774,SULFADIAZINA DE PLATA,Sulfadiazina Argentica,3246,2349
38809,SULFADIAZINA DE PLATA 1 % CREMA,ME28901,SULFADIAZINA DE PLATA,Sulfadiazina Argentica,3246,2349
38810,SULFATO DE MAGNESIO 10 % SOLUCION INYECTABLE,HO37696,SULFATO DE MAGNESIO,Citrato Magnesio,788,
38988,PRAMIPEXOL 1 MG X 28 TABLETAS,ME44211,ESTEARATO DE MAGNESIO - POVIDONA - MANITOL - AEROSIL - AGUA PURIFICADA - ALMIDON DE MAIZ -,Citrato Magnesio,788,
39088,ATROVERAN 10 MG X 10 TABLETAS RECUBIERTAS,ME36258,N-BUTILBROMURO DE HIOSCINA,Butilescopolamina Bromuro,553,237
39089,ATROVERAN FORTE 20 MG TABLETAS RECUBIERTAS,ME44273,N-BUTILBROMURO DE HIOSCINA,Butilescopolamina Bromuro,553,237
39098,BIOCOR 20 MG X 30 TABLETAS RECUBIERTAS,ME41690,OLMESARTAN MEDOXOMILO,Bisoprolol,3830,1815
39182,DICLOFENAC DIETILAMINO 1.16 % GEL,ME31107,DICLOFENAC DIETILAMONIO,Diclofenaco Dietilamina,1074,2675
39193,DIKLASON 1.16 % GEL,ME38499,DICLOFENAC DIETILAMONIO,Diclofenaco Dietilamina,1074,2675
39216,FERGANIC FOLIC 40 MG - 350 MCG X 24 TABLETAS MASTICABLES,ME33238/4,PROTEINA FERRICA - ACIDO FOLICO,Proteinas,2929,792
39217,FERGANIC FOLIC 40 MG - 350 MCG X 14 TABLETAS MASTICABLES,ME33238/2,PROTEINA FERRICA - ACIDO FOLICO,Proteinas,2929,792
39218,FERGANIC FOLIC 40 MG - 350 MCG X 30 TABLETAS MASTICABLES,ME33238/5,PROTEINA FERRICA - ACIDO FOLICO,Proteinas,2929,792
39219,FERGANIC FOLIC 40 MG - 350 MCG X 20 TABLETAS MASTICABLES,ME33238/3,PROTEINA FERRICA - ACIDO FOLICO,Proteinas,2929,792
39222,FLOMED 0.15 % - 0.25 % SOLUCION TOPICA BUCAL,ME41147,BENCIDAMINA CLORHIDRATO,Cetilpiridinio,3925,2533
39273,KLINCOSAL 262 MG - 100 MG X 30 TABLETAS MASTICABLES SABOR A UVA,ME40973,SUBCARBONATO DE BISMUTO - CARBONATO DE CALCIO,Metronidazol,2320,2719
39274,KLINCOSAL 262 MG - 500 MG / 15 ML SUSPENSION ORAL SABOR A FRESA,ME42263,SUBCARBONATO DE BISMUTO - CARBONATO DE CALCIO,Metronidazol,2320,2719
39275,KLINCOSAL 262 MG - 500 MG / 15 ML SUSPENSION ORAL SABOR A UVA,ME42264,SUBCARBONATO DE BISMUTO - CARBONATO DE CALCIO,Metronidazol,2320,2719
39305,MIGRADORIXINA 125 MG - 1 MG COMPRIMIDOS RECUBIERTOS,ME33482,CLONIXINATO DE LISINA - TARTRATO DE ERGOTAMINA,Clonixino Lisina,831,1222
39340,PERTEN 1 % CREMA,ME37330,TERBINAFINA,Clotrimazol,878,2720
39343,PROTOSULFIL 1 % POLVO,MI25491,SULFADIAZINA DE PLATA,Sulfadiazina Argentica,3246,2349
39352,REHIDROSOL 45 MEQ / L SOLUCION ELECTROLITICA USO ORAL SABOR A FRAMBUESA,ME42185,CITRATO DE POTASIO MONOHIDRATO - CITRATO DE SODIO DIHIDRATO - CLORURO DE SODIO,Sales de Rehidratación Oral,4293,476
39354,REHIDROSOL 60 MEQ / L SOLUCION ELECTROLITICA USO ORAL SABOR A MANZANA,ME42186,CLORURO DE POTASIO - CITRATO DE SODIO DIHIDRATO - CLORURO DE SODIO,Sales de Rehidratación Oral,4293,476
39418,ACRYLARM 0.2 % GEL OFTALMICO,ME32679,ACIDO POLIACRILICO,Hialuronico Acido,1733,
39449,HIOSCINA N-BUTILBROMURO 10 MG X 10 TABLETAS RECUBIERTAS,ME43037,N-BUTILBROMURO DE HIOSCINA,Butilescopolamina Bromuro,553,237
39461,SOLUCION PARA DIALISIS PERITONEAL CON DEXTROSA AL 1.5 % BAJA EN MAGNESIO,ME34036,CLORURO DE SODIO - CLORURO DE MAGNESIO,Citrato Magnesio,788,
39469,DUNIXI 10 MG X 30 COMPRIMIDOS RECUBIERTOS,ME44385,DAPAGLIFOZINA,Dapagliflozina,964,665
39489,DOLAK 30 MG X 4 COMPRIMIDOS SUBLINGUALES,ME38932/4,KETOROLAC TROMETAMINA,Ketorolaco Trometamol,1957,1161
39490,DOLAK 30 MG X 1 COMPRIMIDO SUBLINGUAL,ME38932/2,KETOROLAC TROMETAMINA,Ketorolaco Trometamol,1957,1161
39491,DOLAK 30 MG X 2 COMPRIMIDOS SUBLINGUALES,ME38932/3,KETOROLAC TROMETAMINA,Ketorolaco Trometamol,1957,1161
39507,DOLOGINEX 125 MG - 10 MG X 10 COMPRIMIDOS RECUBIERTOS,ME31488,CLONIXINATO DE LISINA - PROPINOX,Clonixino Lisina,831,1222
39518,GLIDEX 500 MG X 30 TABLETAS RECUBIERTAS,ME43923,CLORHIDRATO DE METFORMINA CD 95% - METFORMINA CLORHIDRATO,(+)-tetrabenazina,3360,5286
39519,GLIDEX 850 MG X 30 TABLETAS RECUBIERTAS,ME43924,CLORHIDRATO DE METFORMINA CD 95% - METFORMINA CLORHIDRATO,(+)-tetrabenazina,3360,5286
39524,BIOCORTIN 500 MG X 1 AMPOLLA,HO44584,SUCCINATO SODICO DE HIDROCORTISONA,Bisoprolol,3830,1815
39550,NEMAX 16 % - 6 % SOLUCION RECTAL,ME43190,FOSFATO DE SODIO DIBASICO,Fosfato Disodio,1531,
39550,NEMAX 16 % - 6 % SOLUCION RECTAL,ME43190,FOSFATO DE SODIO DIBASICO,Fosfato Monosodio Dihidrato,1535,
39551,FOSFATO DE SODIO MONOBASICO 16 % - FOSFATO DE SODIO DIBASICO 6 %,MI44357,FOSFATO DE SODIO DIBASICO ANHIDRO - FOSFATO DE SODIO MONOBASICO ANHIDRO,Fosfato Monosodio Dihidrato,1535,
39564,DUSTALOX 0.5 % SOLUCION OFTALMICA,ME41980,KETOROLAC TROMETAMINA,Ketorolaco Trometamol,1957,1161
39577,SILVEDERMA 1 % CREMA,ME30785,SULFADIAZINA DE PLATA,Sulfadiazina Argentica,3246,2349
39597,UDOX 75 MG X 10 CAPSULAS,ME39978,DICLOFENAC COLESTIRAMINA,Venlafaxina,3626,5512
39600,FLOGAREN 1.16 % GEL,ME43973,DICLOFENAC DIETILAMONIO,Diclofenaco Dietilamina,1074,2675
39633,ADAPALENO - CLINDAMICINA 0.1 % - 1 % GEL,,Adapaleno,Clindamicina,812,2609
39635,AGUA OXIG ALVA INYECTABLE,,Agua Oxig Alva,Peroxido De Hidrogeno,4053,30
39638,ALENDRONATO SODICO 70 MG X 4 COMPRIMIDOS,,Alendronico Acido,Alendronato Sodio,123,
39649,ATAPEC 100 MG X 30 TABLETAS RECUBIERTAS,,Atapec,Quetiapina,2948,5281
39664,BROMEXINA CLORHIDRATO 4 MG / 5 ML JARABE,,Bromexina,Bromhexina,530,6110
39684,CITRATO CA VIT D3 TABLETAS,,Citrato Ca Vit D3,Vitamina D3,3735,
39691,CLORURO MAGNES 25 G LOCION,,Cloruro Magnes,Magnesio Cloruro,2161,
39697,PORTU 4 MG X 100 COMPRIMIDOS,,Portu,Clemastina,4296,6185
39698,SODICO 4 MG / 1 ML X 10 INYECTABLE,,Sodico,Dexametasona,1034,6447
39699,DEXAMETASONA FOSFATO SODICO 8 MG / 2 ML SOLUCION INYECTABLE,,Sodico,Dexametasona Fosfato Sodio,1037,6447
39700,SODICO 8 MG / 2 ML X 10 INYECTABLE,,Sodico,Dexametasona,1034,6447
39708,DIOSMINA-HESPERIDINA 450 MG-50 MG COMPRIMIDOS RECUBIERTOS,,Diosmina Hesper,Hesperidina,1729,1778
39768,LOSARTAN HCT 50 MG X 30 COMPRIMIDOS,,Losartan Hct,Hidroclorotiazida,1739,1555
39769,LOSARTAN HCT 50 MG X 15 COMPRIMIDOS,,Losartan Hct,Hidroclorotiazida,1739,1555
39796,LOSARTAN HCT TABR 50 MG X 30 COMPRIMIDOS,,Losartan Hct Tabr,Hidroclorotiazida,1739,1555
39804,OLMESARTAN MEDOXOMIL 40 MG - HIDROLOCOTIAZIDA 12.5 MG X 30 TABLETAS RECUBIERTAS,,Olmesartan Medoxomil,Hidroclorotiazida,1739,1555
39830,PREVERAL DEXTRO REFORM 120 ML JARABE,,Preveral Dextro Reform,Dextrometorfano,1053,6140
39830,PREVERAL DEXTRO REFORM 120 ML JARABE,,Preveral Dextro Reform,Guaifenesina,1694,6096
39866,VALSARTAN HCT TABREC 80 MG X 30 TABLETAS,,Valsartan Hct Tabrec,Hidroclorotiazida,1739,1555
39869,BITEX COMPLEJO VITAMINA B1 B2 B6 B12 NATURALIFES X 30 TABLETAS,,Bitex Complejo Vitamina B1 B2 B6 B12 Naturalifes,Tiamina,3384,710
39869,BITEX COMPLEJO VITAMINA B1 B2 B6 B12 NATURALIFES X 30 TABLETAS,,Bitex Complejo Vitamina B1 B2 B6 B12 Naturalifes,Piridoxina,2789,729
39869,BITEX COMPLEJO VITAMINA B1 B2 B6 B12 NATURALIFES X 30 TABLETAS,,Bitex Complejo Vitamina B1 B2 B6 B12 Naturalifes,Cianocobalamina,724,1115
39870,VITAMINA MANDARINA TIRA TABLETA MASTICABLE UNIDADES 500 MG X 10 TABLETAS,,Vitamina Mandarina Tira Tableta Masticable Unidades,Vitamina C,3732,
39876,BISOPROLOL HCT 2.5 MG X 15 COMPRIMIDOS,,Bisoprolol Hct,Hidroclorotiazida,1739,1555
39879,CLORURO MAGNES 25 G INYECTABLE,,Cloruro Magnes,Magnesio Cloruro,2161,
39880,DICLOFENAC DIETILAMINO 1.16 % GEL,,Diclofenac Dietilam,Diclofenaco Dietilamina,1074,2675
39898,ANGIOFLUX 250LSU X 25 CAPSULAS,,Angioflux 250lsu,Diosmina,1120,1765
39898,ANGIOFLUX 250LSU X 25 CAPSULAS,,Angioflux 250lsu,Hesperidina,1729,1778
39901,HIOSCINA N-BUTILBROMURO 10 MG X 10 TABLETAS RECUBIERTAS,,Butilbrom Hioscina,Butilescopolamina Bromuro,553,237
39910,GLUTAMINA VIT B12 X 60 INYECTABLE,,Glutamina Vit B12,Vitamina B12,3726,714
39917,DIOSMINA HESPER 450 MG X 30 TABLETAS,,Diosmina Hesper,Hesperidina,1729,1778
37302,ACIDO IBANDRONICO 150 MG X 1 TABLETA RECUBIERTA,ME43094,ACIDO IBANDRONICO,Acido Ibandronico Sodio Monohidrato,61,4828
37335,ACICLOVIR CREMA 5 %,ME43512,PROPILENGLICOL - PARAFINA LIQUIDA LIGERA - PARAFINA BLANDA BLANCA - FOSFATO DE HIDROGENO D,Parafina Blanda,2668,361
37335,ACICLOVIR CREMA 5 %,ME43512,PROPILENGLICOL - PARAFINA LIQUIDA LIGERA - PARAFINA BLANDA BLANCA - FOSFATO DE HIDROGENO D,Parafina Liquida,2669,359
37482,APLACAL 750 MG X 80 TABLETAS MASTICABLES SABOR A BANANA,ME42366/3,CARBONATO DE CALCIO,Calcio Carbonato,572,80
37483,APLACAL 750 MG X 10 TABLETAS MASTICABLES SABOR A BANANA,ME42366/2,CARBONATO DE CALCIO,Calcio Carbonato,572,80
37506,ASTRIMOL 2.5 MG X 30 TABLETAS RECUBIERTAS,ME43710,FUMARATO DE BISOPROLOL,Bisoprolol,3830,1815
37562,BENZODIAZOL 0.25 MG - 5 MG X 16 PASTILLAS SABOR A MENTA,ME16799,CLORURO DE DECUALINIO - LIDOCAINA,Decualinio,994,2518
37572,BETAMETASONA - GENTAMICINA - CLOTRIMAZOL 0.5 MG - 1 MG - 10 MG CREMA,ME42631,BETAMETASONA DIPROPIONATO - SULFATO DE GENTAMICINA - CLOTRIMAZOL,Gentamicina,1614,6641
37585,BIPROLIL HCT 5 MG - 6.25 MG X 30 COMPRIMIDOS RECUBIERTOS,ME44259/3,HIDROCLOROTIAZIDA - FUMARATO DE BISOPROLOL,Bisoprolol,3830,1815
37586,BIPROLIL HCT 5 MG - 6.25 MG X 15 COMPRIMIDOS RECUBIERTOS,ME44259/2,HIDROCLOROTIAZIDA - FUMARATO DE BISOPROLOL,Bisoprolol,3830,1815
37588,BISOBLOC H 5 MG - 6.25 MG TABLETAS RECUBIERTAS,ME40280,FUMARATO DE BISOPROLOL - HIDROCLOROTIAZIDA,Bisoprolol,3830,1815
37593,BISOPROLOL FUMARATO 10 MG X 30 TABLETAS RECUBIERTAS,ME43801,FUMARATO DE BISOPROLOL,Bisoprolol,3830,1815
37594,BISOPROLOL FUMARATO 5 MG X 30 TABLETAS RECUBIERTAS,ME44328,FUMARATO DE BISOPROLOL,Bisoprolol,3830,1815
37610,BROFLEMA 4 MG - 5 ML JARABE,ME43576,CLORHIDRATO DE BROMHEXINA,Bromhexina,530,6110
37614,CLORHIDRATO DE BROMEXINA 8 MG / 5 ML JARABE.,ME26069,CLORHIDRATO DE BROMHEXINA,Bromhexina,530,6110
37618,BROMURO DE IPRATROPIO 20 MCG / DOSIS SOLUCION PARA INHALACION ORAL,ME44085,BROMURO DE IPRATROPIO,Bromuro De Ipratropio Monohidratado,537,4951
37625,BUCOXOLGAR 3 MG - 1 MG X 12 TABLETAS MASTICABLES SABOR A MIEL LIMON,ME41132,BENCIDAMINA CLORHIDRATO - CLORURO DE CETILPIRIDINIO,Cetilpiridinio,3925,2533
37632,BUPIVACAINA 50 MG / 10 ML SOLUCION INYECTABLE,HO43908,CLORHIDRATO DE BUPIVACAINA,Bupivacaina,545,4925
37637,CALCIBON 200 MG X 30 TABLETAS RECUBIERTOS,ME30197,CITRATO DE CALCIO TETRAHIDRATADO,Calcio Carbonato,572,80
37684,CARBONATO DE LITIO 300 MG X 20 CAPSULAS,ME32430,CARBONATO DE LITIO,Litio,4183,5297
37685,CARBONATO DE LITIO 300 MG X 20 CAPSULAS,ME1642,CARBONATO DE LITIO,Litio,4183,5297
37739,CICLOFTAL1 % SOLUCION OFTALMICA,ME27924,CLORHIDRATO DE CICLOPENTOLATO,Ciclopentolato,732,6511
37768,CALCITREX D3 1500 MG - 200 UI X 30 TABLETAS,ME33790,CITRATO DE CALCIO,Calcio,571,93
37783,CLINDAMICINA 300 MG X 16 CAPSULAS,ME44654,CLORHIDRATO DE CLINDAMICINA,Clindamicina,812,2609
37809,CLOPTAN 75 MG X 30 TABLETAS RECUBIERTAS,ME43778,CLOPIDOGREL BISULFATO,Clopidogrel,3940,936
37814,DOPALEN 200 MG X 30 CAPSULAS DE LIBERACION PROLONGADA,ME43585/4,CLORHIDRATO DE MEBEVERINA - CLORHIDRATO DE MEBEVERINA,Mebeverina,2204,172
37815,DOPALEN 200 MG X 10 CAPSULAS DE LIBERACION PROLONGADA,ME43585/2,CLORHIDRATO DE MEBEVERINA - CLORHIDRATO DE MEBEVERINA,Mebeverina,2204,172
37816,DOPALEN 200 MG X 20 CAPSULAS DE LIBERACION PROLONGADA,ME43585/3,CLORHIDRATO DE MEBEVERINA - CLORHIDRATO DE MEBEVERINA,Mebeverina,2204,172
37946,DIKLASON 1.8 MG / ML SUSPENSION ORAL,ME34580,DICLOFENACO ÁCIDO,Diclofenaco,1073,2675
37949,DILUXEN 60 MG X 20 TABLETAS,ME42159,BROMURO DE PIRIDOSTIGMINA,Piridostigmina,2787,5604
37979,DONEPEZILO CLORHIDRATO 10 MG X 56 CAPSULAS,ME44460/3,CLORHIDRATO DE DONEPEZILO - CLORHIDRATO DE DONEPEZILO,Donepezilo,4026,5588
37980,DONEPEZILO CLORHIDRATO 10 MG X 10 CAPSULAS,ME44460/2,CLORHIDRATO DE DONEPEZILO - CLORHIDRATO DE DONEPEZILO,Donepezilo,4026,5588
37992,TAMSULON DUO 0.5 MG - 0.4 MG X 10 CAPSULAS DE LIBERACION PROLONGADA,ME44389/2,DUTASTERIDE - CLORHIDRATO DE TAMSULOSINA,Tamsulosina,3293,3009
37993,TAMSULON DUO 0.5 MG - 0.4 MG X 30 CAPSULAS DE LIBERACION PROLONGADA,ME44389/3,DUTASTERIDE - CLORHIDRATO DE TAMSULOSINA,Tamsulosina,3293,3009
38001,LERCANIDIPINA CLORHIDRATO – ENALAPRIL MALEATO 10 MG – 20 MG X 30 COMPRIMIDOS RECUBIERTOS,ME43620,MALEATO DE ENALAPRIL - CLORHIDRATO DE LERCANIDIPINO,Lercanidipino,2044,1891
38001,LERCANIDIPINA CLORHIDRATO – ENALAPRIL MALEATO 10 MG – 20 MG X 30 COMPRIMIDOS RECUBIERTOS,ME43620,MALEATO DE ENALAPRIL - CLORHIDRATO DE LERCANIDIPINO,Enalapril,1227,1922
38002,LERCANIDIPINA CLORHIDRATO - ENALAPRIL MALEATO 10 MG - 10 MG X 30 COMPRIMIDOS RECUBIERTOS,ME43619,MALEATO DE ENALAPRIL - CLORHIDRATO DE LERCANIDIPINO,Lercanidipino,2044,1891
38002,LERCANIDIPINA CLORHIDRATO - ENALAPRIL MALEATO 10 MG - 10 MG X 30 COMPRIMIDOS RECUBIERTOS,ME43619,MALEATO DE ENALAPRIL - CLORHIDRATO DE LERCANIDIPINO,Enalapril,1227,1922
38007,ENALAPRIL MALEATO - HIDROCLOROTIAZIDA 20 MG - 12.5 MG TABLETAS,ME44613,HIDROCLOROTIAZIDA - MALEATO DE ENALAPRIL,Enalapril,1227,1922
38132,FOSFATO DE POTASIO MONOBASICO 1 MEQ / ML SOLUCION INYECTABLE I.V.,HO21515,FOSFATO DE POTASIO MONOBASICO,Potasio Fosfato,2851,
38170,GLIPTIN 500 MG - 50 MG X 10 COMPRIMIDOS RECUBIERTOS,ME44696/2,METFORMINA CLORHIDRATO - SITAGLIPTINA FOSFATO MONOHIDRATADO,Sitagliptina,3184,651
38171,GLIPTIN 500 MG - 50 MG X 30 COMPRIMIDOS RECUBIERTOS,ME44696/3,METFORMINA CLORHIDRATO - SITAGLIPTINA FOSFATO MONOHIDRATADO,Sitagliptina,3184,651
38184,GYNOMET 750 MG - 200 MG X 7 OVULOS,ME43566,NITRATO DE MICONAZOL - METRONIDAZOL,Miconazol,2332,456
38187,HEPAFOL B12 X 30 TABLETAS RECUBIERTAS,ME28801,ACIDO FOLICO - SULFATO DE COBRE,Cobre,3857,6733
38204,IBANDROMET 150 MG X 1 TABLETA RECUBIERTA,ME38784,ACIDO IBANDRONICO,Acido Ibandronico Sodio Monohidrato,61,4828
38212,IBUN 600 MG X 10 TABLETAS RECUBIERTAS,ME44745,IBUPROFENO DC 90,Ibuprofeno,3877,4605
38264,IZABAN 10 MG X 30 COMPRIMIDOS RECUBIERTOS,ME43469,EMPAGLIFLOZINA - DICLOFENAC DIETILAMONIO - MALEATO DE TRIMEBUTINA,Trimebutina,3514,173
38308,LARFACAINA 2 MG - 1.5 MG X 16 PASTILLAS SABOR A TUTTI - FRUTTI,ME16175,CLORURO DE CETILPIRIDINIO - CLORHIDRATO DE LIDOCAINA,Lidocaina,2081,1297
38308,LARFACAINA 2 MG - 1.5 MG X 16 PASTILLAS SABOR A TUTTI - FRUTTI,ME16175,CLORURO DE CETILPIRIDINIO - CLORHIDRATO DE LIDOCAINA,Cetilpiridinio,3925,2533
38315,LECHE DE MAGNESIA 8.5 % SUSPENSION SABOR ORIGINAL,ME352,HIDROXIDO DE MAGNESIO,Magnesio Hidroxido,2164,408
38321,DIHIDROLIP 20 MG X 10 COMPRIMIDOS RECUBIERTOS,ME44041/2,CLORHIDRATO DE LERCANIDIPINO,Lercanidipino,2044,1891
38322,LERCANIDIPINO 20 MG X 30 COMPRIMIDOS RECUBIERTOS,ME44041/3,CLORHIDRATO DE LERCANIDIPINO,Lercanidipino,2044,1891
38323,LERCANIDIPINO CLOHIDRATO 10 MG X 30 TABLETAS RECUBIERTAS,ME43991,CLORHIDRATO DE LERCANIDIPINO,Lercanidipino,2044,1891
38324,LERCANIDIPNO 20 MG X 30 TABLETAS RECUBIERTAS,ME44311,CLORHIDRATO DE LERCANIDIPINO,Lercanidipino,2044,1891
38354,LIDOCAINA 2 % CON ADRENALINA 1: 80.000 SOLUCION INYECTABLE,HO43916,ADRENALINA - CLORHIDRATO DE LIDOCAINA,Lidocaina,2081,1297
38359,LIPEND 10 MG X 30 COMPRIMIDOS RECUBIERTOS,ME44241,CLORHIDRATO DE LERCANIDIPINO,Lercanidipino,2044,1891
38360,LIPEND 20 MG X 30 COMPRIMIDOS RECUBIERTOS,ME44242,CLORHIDRATO DE LERCANIDIPINO,Lercanidipino,2044,1891
38420,MADECASSOL 1 % UNGUENTO,ME14881,Centella asiatica,Centella Asiatica Exto,703,6619
38421,MAALOX 460 MG - 400 MG / 4.3 ML X 30 SUSPENSION,ME37893,HIDROXIDO DE ALUMINIO - HIDROXIDO DE MAGNESIO,Magnesio Hidroxido,2164,408
38421,MAALOX 460 MG - 400 MG / 4.3 ML X 30 SUSPENSION,ME37893,HIDROXIDO DE ALUMINIO - HIDROXIDO DE MAGNESIO,Aluminio Hidroxido,173,78
38432,MAXIFUR 50 MG X 30 CAPSULAS,ME44317,NITROFURANTOINA MACROCRISTALES,Nitrofurantoina,2518,3455
38467,METOCLOPRAMIDA 10 MG / 2 ML X 3 AMPOLLAS,HO44684,CLORHIDRATO DE METOCLOPRAMIDA ,Metoclopramida,2307,288
38484,METRONIDAZOL - MICONAZOL 750 MG - 200 MG X 6 OVULOS,ME43956,METRONIDAZOL - NITRATO DE MICONAZOL,Miconazol,2332,456
38532,TRASS (NAPROXENO SODICO 500 MG + SUMATRIPTAN 85 MG) X 10 TABLETAS RECUBIERTAS,ME43615,SUCCINATO DE SUMATRIPTAN - NAPROXENO SODICO,Sumatriptan,3262,5090
38564,NITROFURANTOINA 50 MG X 10 TABLETAS RECUBIERTAS,ME44220/2,NITROFURANTOINA MACROCRISTALES,Nitrofurantoina,2518,3455
38565,NITROFURANTOINA 50 MG X 30 TABLETAS RECUBIERTAS,ME44220/3,NITROFURANTOINA MACROCRISTALES,Nitrofurantoina,2518,3455
38623,SUEROLITO ZINC 75 MEQ / L SOLUCION ELECTROLITICA USO ORAL SABOR A FRUTAS TROPICALES,ME44637,CLORURO DE SODIO - CITRATO DE SODIO DIHIDRATO - DEXTROSA ANHIDRA - GLUCONATO DE ZINC - CLO,Zinc,4009,164
38624,ORALZINC SALES DE REHIDRATACION X 1 POLVO PARA SOLUCION ORAL SABOR A COCO,ME41670,CITRATO DE SODIO DIHIDRATO - CLORURO DE POTASIO - CLORURO DE SODIO - DEXTROSA ANHIDRA - SU,Zinc Sulfato Heptahidrato,3783,
38630,OXIDREN 150 MG X 1 COMPRIMIDO RECUBIERTO,ME38580,RISEDRONATO SODICO,Risedronato Sodio,3037,
38665,PINAVIX 100 MG X 30 COMPRIMIDOS RECUBIERTOS,ME40606/3,BROMURO DE PINAVERIO,Pinaverio,2772,218
38666,PINAVIX 100 MG X 20 COMPRIMIDOS RECUBIERTOS,ME40606/2,BROMURO DE PINAVERIO,Pinaverio,2772,218
38682,PRENIL 3 MG / 1 ML SOLUCION ORAL,ME44096,FOSFATO SODICO DE PREDNISOLONA,Prednisolona,2873,3087
38724,REUMAQUINE 200 MG X 20 TABLETAS RECUBIERTAS,ME44650,SULFATO DE HIDROXICLOROQUINA,Hidroxicloroquina,1758,5711
38774,SELENE 400 UI - 70 MCG X 30 CAPSULAS BLANDAS,ME33722,VITAMINA E - SELENIO,Vitamina A,3724,6805
38775,SELENE 100 UI - 70 MCG X 60 CAPSULAS BLANDAS,ME37708,VITAMINA E - SELENIO,Vitamina A,3724,6805
38790,SIGLUTAN 50 MG-500 MG X 30 TABLETAS RECUBIERTAS,ME44582,SITAGLIPTINA FOSFATO MONOHIDRATADO - METFORMINA CLORHIDRATO,Sitagliptina,3184,651
38791,SILDENAFILO 50 MG X 1 TABLETA RECUBIERTA,ME43690/2,CITRATO DE SILDENAFIL,Sildenafilo,3165,2984
38792,SILDENAFILO 50 MG X 2 TABLETAS RECUBIERTAS,ME43690/3,CITRATO DE SILDENAFIL,Sildenafilo,3165,2984
38793,SILDENAFILO 50 MG X 4 TABLETAS RECUBIERTAS,ME43690/4,CITRATO DE SILDENAFIL,Sildenafilo,3165,2984
38802,METFORMINA CLORHIDRATO - SITAGLIPTINA 850 MG - 50 MG X 28 TABLETAS RECUBIERTAS,ME44367,SITAGLIPTINA FOSFATO MONOHIDRATADO - METFORMINA CLORHIDRATO,Sitagliptina,3184,651
38883,TORIVAS 50 MG X 30 TABLETAS RECUBIERTAS,ME41710,BROMURO DE PINAVERIO,Pinaverio,2772,218
38892,TRIMBUTOP 200 MG X 10 COMPRIMIDOS,ME43627,MALEATO DE TRIMEBUTINA,Trimebutina,3514,173
38909,URODUTAN 200 MG X 10 TABLETAS RECUBIERTAS,ME43520,CLORHIDRATO DE FLAVOXATO,Flavoxato,1461,2969
38968,VITAMINA E 400 UI X 30 CAPSULAS BLANDAS,ME32842/2,VITAMINA E,Vitamina A,3724,6805
38969,VITAMINA E 400 UI X 50 CAPSULAS BLANDAS,ME32842/3,VITAMINA E,Vitamina A,3724,6805
38974,HISTAGRIP FORTE X 10 TABLETAS RECUBIERTAS,ME36327,ACETAMINOFEN - CLORHIDRATO DE PSEUDOEFEDRINA,Pseudoefedrina,2938,5911
38980,VONAU FLASH 4 MG TABLETAS DE DESINTEGRACION ORAL X 10 TABLETAS,ME44590,CLORHIDRATO DE ONDANSETRON DIHIDRATADO,Ondansetron,2587,301
38988,PRAMIPEXOL 1 MG X 28 TABLETAS,ME44211,ESTEARATO DE MAGNESIO - POVIDONA - MANITOL - AEROSIL - AGUA PURIFICADA - ALMIDON DE MAIZ -,Pramipexol,2861,5212
38989,YONALIN 4 MG / ML SOLUCION ORAL GOTAS,ME43770,DEXTROMETORFANO BROMHIDRATO MONOHIDRATO,Dextrometorfano,1053,6140
38993,VITADYN C ZINC 500 MG - 7.5 MG X 30 CAPSULAS,ME43669/2,SULFATO DE ZINC HEPTAHIDRATO - ACIDO ASCORBICO,Zinc Sulfato Heptahidrato,3783,
38994,VITADYN C ZINC 500 MG - 7.5 MG X 60 CAPSULAS,ME43669/3,SULFATO DE ZINC HEPTAHIDRATO - ACIDO ASCORBICO,Zinc Sulfato Heptahidrato,3783,
39025,AIREX 0.05 % SOLUCION NASAL,ME43679,CLORHIDRATO DE OXIMETAZOLINA,Oximetazolina,2622,5850
39026,OLOCOF 0.02 % SOLUCION OFTALMICA,ME44293,CLORHIDRATO DE OLOPATADINA,Olopatadina,2579,6542
39039,BISOPROLOL FUMARATO - AMLODIPINA 5 MG - 10 MG COMPRIMIDOS,ME44262,AMLODIPINA - FUMARATO DE BISOPROLOL,Bisoprolol,3830,1815
39054,ANTAAR 2.5 MG X 30 TABLETAS RECUBIERTAS,ME40060/3,FUMARATO DE BISOPROLOL,Bisoprolol,3830,1815
39055,ANTAAR 2.5 MG X 10 TABLETAS RECUBIERTAS,ME40060/2,FUMARATO DE BISOPROLOL,Bisoprolol,3830,1815
39056,ANTAAR 5 MG X 30 TABLETAS RECUBIERTAS,ME40058,FUMARATO DE BISOPROLOL,Bisoprolol,3830,1815
39064,APLACAL 750 MG TABLETAS MASTICABLES SABOR A FRAMBUESA X 10 TABLETAS,ME42368/2,CARBONATO DE CALCIO,Calcio Carbonato,572,80
39065,APLACAL 750 MG TABLETAS MASTICABLES SABOR A FRAMBUESA X 80 TABLETAS,ME42368/3,CARBONATO DE CALCIO,Calcio Carbonato,572,80
39066,APLACAL 750 MG X 10 TABLETAS MASTICABLES SABOR A MENTA,ME42365/2,CARBONATO DE CALCIO,Calcio Carbonato,572,80
39067,APLACAL 750 MG X 120 TABLETAS MASTICABLES SABOR A MENTA,ME42365/4,CARBONATO DE CALCIO,Calcio Carbonato,572,80
39068,APLACAL 750 MG X 80 TABLETAS MASTICABLES SABOR A MENTA,ME42365/3,CARBONATO DE CALCIO,Calcio Carbonato,572,80
39069,APLACAL 750 MG X 80 TABLETAS MASTICABLES SABOR A MANDARINA,ME42367,CARBONATO DE CALCIO,Calcio Carbonato,572,80
39079,ASTRIMOL 5 MG X 30 TABLETAS RECUBIERTAS,ME43853,FUMARATO DE BISOPROLOL,Bisoprolol,3830,1815
39100,CARIBAN FORTE 20 MG - 20 MG X 20 COMPRIMIDOS RECUBIERTOS DE LIBERACION CONTROLADA,ME44036,CLORHIDRATO DE PIRIDOXINA - SUCCINATO DE DOXILAMINA - CLORHIDRATO DE PIRIDOXINA - SUCCINAT,Piridoxina,2789,729
39100,CARIBAN FORTE 20 MG - 20 MG X 20 COMPRIMIDOS RECUBIERTOS DE LIBERACION CONTROLADA,ME44036,CLORHIDRATO DE PIRIDOXINA - SUCCINATO DE DOXILAMINA - CLORHIDRATO DE PIRIDOXINA - SUCCINAT,Doxilamina,1159,6189
39102,BIOTALOL HCT 2.5 MG - 6.25 MG COMPRIMIDOS RECUBIERTOS,ME43579,HIDROCLOROTIAZIDA - FUMARATO DE BISOPROLOL,Bisoprolol,3830,1815
39112,BONAMES 150 MG X 1 TABLETA RECUBIERTA,ME37009,ACIDO IBANDRONICO,Acido Ibandronico Sodio Monohidrato,61,4828
39159,TERAGRIPFORTE DIA 650 MG - 30 MG X 20 TABLETAS RECUBIERTAS,ME34030,ACETAMINOFEN - CLORHIDRATO DE PSEUDOEFEDRINA - PARACETAMOL,Pseudoefedrina,2938,5911
39190,LERCANIDIPINO 10 MG X 10 COMPRIMIDOS RECUBIERTOS,ME43966,ACETAMINOFEN - CLORHIDRATO DE LERCANIDIPINO,Lercanidipino,2044,1891
39197,DUOVENT 0.4 MG - 1 MG AEROSOL,ME28504,BROMURO DE IPRATROPIO - FENOTEROL BROMHIDRATO,Bromuro De Ipratropio Monohidratado,537,4951
39197,DUOVENT 0.4 MG - 1 MG AEROSOL,ME28504,BROMURO DE IPRATROPIO - FENOTEROL BROMHIDRATO,Fenoterol,4239,2787
39220,FLENOX 30 MG / 5 ML SOLUCION ORAL,ME38610,CLORHIDRATO DE AMBROXOL,Ambroxol,181,5950
39264,ISOSPRAY PLUS 0.15 % - 0.25 % SOLUCION,ME39925,CLORURO DE CETILPIRIDINIO,Cetilpiridinio,3925,2533
39265,IVAGAN FORTE X 100 TABLETAS RECUBIERTAS,ME33620,ACETAMINOFEN - MESILATO DE DIHIDROERGOTAMINA - CAFEINA,Dihidroergotamina,4241,5079
39281,LANOLZINC 15 % - 11 % POMADA,ME6400,OXIDO DE ZINC - ACEITE DE HIGADO DE BACALAO,Zinc Oxido,4011,2205
39305,MIGRADORIXINA 125 MG - 1 MG COMPRIMIDOS RECUBIERTOS,ME33482,CLONIXINATO DE LISINA - TARTRATO DE ERGOTAMINA,Ergotamina,1267,5080
39311,OTOCORT 1 MG - 5 MG - 5000 UI / ML SUSPENSION OTICA,ME43662,DEXAMETASONA FOSFATO SÓDICO - SULFATO DE NEOMICINA - SULFATO DE POLIMIXINA B,Neomicina,2433,1177
39311,OTOCORT 1 MG - 5 MG - 5000 UI / ML SUSPENSION OTICA,ME43662,DEXAMETASONA FOSFATO SÓDICO - SULFATO DE NEOMICINA - SULFATO DE POLIMIXINA B,Polimixina B,2832,6638
39331,ORALZINC SALES DE REHIDRATACION POLVO PARA SOLUCION ORAL SABOR A MANDARINA,ME41671,CITRATO DE SODIO DIHIDRATO - CLORURO DE POTASIO - CLORURO DE SODIO - DEXTROSA ANHIDRA CRIS,Zinc Sulfato Heptahidrato,3783,
39365,SITALUX 100 MG X 30 TABLETAS RECUBIERTAS,ME43701,SITAGLIPTINA FOSFATO MONOHIDRATADO,Sitagliptina,3184,651
39366,SITAGLIS MET 50 MG - 850 MG COMPRIMIDOS RECUBIERTOS,ME40535,SITAGLIPTINA FOSFATO MONOHIDRATADO - METFORMINA CLORHIDRATO,Sitagliptina,3184,651
39369,SUEROLITO ZINC 75 MEQ / L SOLUCION ELECTROLITICA USO ORAL SABOR A CHICLE,ME44642,CITRATO DE SODIO DIHIDRATO - CLORURO DE POTASIO - CLORURO DE SODIO - DEXTROSA ANHIDRA - GL,Zinc,4009,164
39370,SUEROLITO ZINC 75 MEQL / L SOLUCION ELECTROLITICA USO ORAL SABOR A COCO,ME44638,DEXTROSA ANHIDRA - CITRATO DE SODIO DIHIDRATO - CLORURO DE POTASIO - CLORURO DE SODIO - GL,Zinc,4009,164
39371,SUEROLITO ZINC 75 MEQ / L SOLUCION ELECTROLITICA USO ORAL SABOR A FRESA,ME44639,CLORURO DE POTASIO - CITRATO DE SODIO DIHIDRATO - CLORURO DE SODIO - DEXTROSA ANHIDRA - GL,Zinc,4009,164
39372,SUEROLITO ZINC 75 MEQ / L SOLUCION ELECTROLITICA USO ORAL SABOR A MANDARINA,ME44641,GLUCONATO DE ZINC - CLORURO DE POTASIO - DEXTROSA ANHIDRA - CLORURO DE SODIO,Zinc,4009,164
39373,SUEROLITO ZINC 75 MEQ / L SOLUCION ELECTROLITICA USO ORAL SABOR A UVA,ME44640,CLORURO DE POTASIO - CLORURO DE SODIO - CITRATO DE SODIO DIHIDRATO - DEXTROSA ANHIDRA - GL,Zinc,4009,164
39374,SUEROLITO ZINC 75 MEQ / L SOLUCION ELECTROLITICA USO ORAL SABOR A MANZANA,ME44643,GLUCONATO DE ZINC - CLORURO DE SODIO - GLUCONATO DE ZINC - CITRATO DE SODIO DIHIDRATO - CL,Zinc,4009,164
39383,TAMOA 250 MG COMPRIMIDOS MASTICABLES,ME39471,PAMOATO DE PIRANTEL ,Pirantel,2783,5786
39414,YONAL 15 MG / 5 ML SOLUCION ORAL,ME28666,DEXTROMETORFANO BROMHIDRATO MONOHIDRATO,Dextrometorfano,1053,6140
39443,BIOTALOL HCT 10 MG - 6.25 MG COMPRIMIDOS RECUBIERTOS,ME43578,HIDROCLOROTIAZIDA - FUMARATO DE BISOPROLOL,Bisoprolol,3830,1815
39450,NAFAZOLINA CLORHIDRATO 0.012 % SOLUCION OFTALMICA,ME44027,CLORHIDRATO DE NAFAZOLIN,Nafazolina,2399,5853
39451,GYNOTRAN 15 %-4 % CREMA VAGINAL,ME36249,METRONIDAZOL - NITRATO DE MICONAZOL,Miconazol,2332,456
39456,NASIN 0.05 % SOLUCION NASAL,ME18142,CLORHIDRATO DE OXIMETAZOLINA,Oximetazolina,2622,5850
39457,DOLMOBROX 15 MG / 5 ML SOLUCION ORAL,ME44393,DEXTROMETORFANO BROMHIDRATO MONOHIDRATO,Dextrometorfano,1053,6140
39488,ALIVETOS 3 MG - 15 MG / 5 ML SOLUCION ORAL,ME44089,CLORFENAMINA MALEATO - DEXTROMETORFANO BROMHIDRATO MONOHIDRATO,Dextrometorfano,1053,6140
39489,DOLAK 30 MG X 4 COMPRIMIDOS SUBLINGUALES,ME38932/4,KETOROLAC TROMETAMINA,Ketorolaco,1956,4590
39490,DOLAK 30 MG X 1 COMPRIMIDO SUBLINGUAL,ME38932/2,KETOROLAC TROMETAMINA,Ketorolaco,1956,4590
39491,DOLAK 30 MG X 2 COMPRIMIDOS SUBLINGUALES,ME38932/3,KETOROLAC TROMETAMINA,Ketorolaco,1956,4590
39493,DOPRIL 3 MG / ML SOLUCION ORAL,ME43652,FOSFATO SODICO DE PREDNISOLONA,Prednisolona,2873,3087
39496,CARBONATO DE CALCIO 750 MG X 20 TABLETAS MASTICABLES SABOR MENTA,ME42542,CARBONATO DE CALCIO,Calcio Carbonato,572,80
39520,PEDIALYTE ZINC 60 MEQ SOLUCION ELECTROLITICA DE USO ORAL SABOR A UVA X 60 SOLUCION ORAL,ME42581,GLUCOSA MONOHIDRATO - CITRATO DE SODIO DIHIDRATO - CLORURO DE SODIO - CLORURO DE POTASIO -,Zinc,4009,164
39524,BIOCORTIN 500 MG X 1 AMPOLLA,HO44584,SUCCINATO SODICO DE HIDROCORTISONA,Hidrocortisona,1740,3090
39528,IVABRADINA 5 MG X 30 TABLETAS RECUBIERTAS,ME44524,CLORHIDRATO DE IVABRADINA,Ivabradina,1939,1423
39540,MAXIFURFORTE 100 MG X 30 CAPSULAS,ME44316,NITROFURANTOINA MACROCRISTALES,Nitrofurantoina,2518,3455
39547,ACECOL 600 MG X 100 POLVO PARA SOLUCION ORAL,ME44057/3,N-ACETILCISTEINA,Acetilcisteina,42,6736
39548,ACECOL 600 MG X 10 POLVO PARA SOLUCION ORAL,ME44057/2,N-ACETILCISTEINA,Acetilcisteina,42,6736
39559,BIOTADIN 0.2 % SOLUCION OFTALMICA,ME44305,CLORHIDRATO DE OLOPATADINA,Olopatadina,2579,6542
39578,SIMULTAN DUO 50 MG - 850 MG X 30 COMPRIMIDOS RECUBIERTOS,ME43590,METFORMINA CLORHIDRATO - SITAGLIPTINA FOSFATO MONOHIDRATADO,Sitagliptina,3184,651
39599,VAXIDUO 100 MG - 400 MG X 7 OVULOS VAGINALES,ME42255,FOSFATO DE CLINDAMICINA - KETOCONAZOL,Clindamicina,812,2609
39603,REHIDROSOL ZINC 60 MEQ / L SOLUCION ELECTROLITICA USO ORAL SABOR A MANZANA X 30 SOLUCION ORAL,ME42702,CLORURO DE SODIO - GLUCONATO DE ZINC - CLORURO DE POTASIO - CITRATO DE SODIO DIHIDRATO,Zinc,4009,164
39618,ACIDO IBANDRONICO 150 MG X 1 TABLETA RECUBIERTA,,Acido Ibandronico Sodio Monohidrato,Ibandronico Acido,1807,4828
39665,BROMHEXINA PED4MG 5 ML / 120 ML JARABE,,Bromhexina Ped4mg,Bromhexina,530,6110
39678,CIPROFLOXACINA INF INY200MG CRDIST 100 ML INYECTABLE,,Ciprofloxacina Inf Iny200mg Crdist,Ciprofloxacino,764,6356
39689,CLORHID MEBEVERINA 200 MG X 30 CAPSULAS,,Clorhid Mebeverina,Mebeverina,2204,172
39690,CLORURO SODICO 0.9 % INYECTABLE,,Cloruro Sodico,Sodio Cloruro,3995,7330
39708,DIOSMINA-HESPERIDINA 450 MG-50 MG COMPRIMIDOS RECUBIERTOS,,Diosmina Hesper,Diosmina,1120,1765
39713,DOXICICLINA 100 MG X 10 CAPSULAS,,Doxiciclina Hiclato,Doxiciclina,1156,49
39724,FLAVOXUNI FLAVOXATO 200 MG X 20 COMPRIMIDOS,,Flavoxuni Flavoxato,Flavoxato,1461,2969
39744,KETOROLACO TROMETAMOL 30 MG / ML X 10 AMPOLLAS,,Ketorolaco,Ketorolaco Trometamol,1957,1161
39746,KETOROLACO TROMETAMINA 20 MG X 10 COMPRIMIDOS,,Ketorolaco Trometamina,Ketorolaco,1956,4590
39752,LEVOFLOXACINA INF CRDIST 500 MG / 100 ML INYECTABLE,,Levofloxacina Inf Crdist,Levofloxacino,2067,6358
39765,LOPERAMIDA PORTU 2 MG X 100 COMPRIMIDOS,,Loperamida Portu,Loperamida,2121,482
39768,LOSARTAN HCT 50 MG X 30 COMPRIMIDOS,,Losartan Hct,Losartan,2131,1968
39769,LOSARTAN HCT 50 MG X 15 COMPRIMIDOS,,Losartan Hct,Losartan,2131,1968
39780,METFORMINA LP 1000 MG X 30 TABLETAS,,Metformina Lp,Metformina,2280,598
39796,LOSARTAN HCT TABR 50 MG X 30 COMPRIMIDOS,,Losartan Hct Tabr,Losartan,2131,1968
39798,NITROFURANTOINA LAPROFF 100 MG X 300 TABLETAS,,Nitrofurantoina Laproff,Nitrofurantoina,2518,3455
39814,CRISPLUS ORLISTAT ELEA ZUOZ 120 MG X 30 CAPSULAS,,Crisplus Orlistat Elea Zuoz,Orlistat,2598,536
39818,PARACETAMOL PORTU 100 MG / 10 ML SOLUCION ORAL,,Paracetamol Portu,Paracetamol,1,18
39831,PROPRANOLOL CLORH 40 MG X 20 TABLETAS,,Propranolol Clorh,Propranolol,2912,1796
39832,QUETIAPINA FARMAMED 100 MG X 10 TABLETAS,,Quetiapina Farmamed,Quetiapina,2948,5281
39855,TAMSULOSINA TAMSUHEM 0.4 MG X 10 CAPSULAS,,Tamsulosina Tamsuhem,Tamsulosina,3293,3009
39861,TIOCOLCHICOSIDO IMP 4 MG / 2 ML X 2 INYECTABLE,,Tiocolchicosido Imp,Tiocolchicosido,4000,7246
39866,VALSARTAN HCT TABREC 80 MG X 30 TABLETAS,,Valsartan Hct Tabrec,Valsartan,3596,1970
39876,BISOPROLOL HCT 2.5 MG X 15 COMPRIMIDOS,,Bisoprolol Hct,Bisoprolol,3830,1815
39877,ZYRTEC DICLORHIDRATO CETIRIZINA GSK FARMA 1 MG / 1 ML SOLUCION ORAL,,Zyrtec Diclorhidrato Cetirizina Gsk Farma,Cetirizina,710,6544
39892,CYNT SIMVASTATINA 20 MG X 20 COMPRIMIDOS,,Cynt Simvastatina,Simvastatina,3181,2014
39893,SALBUTAMOL INH 100 MCG INHALACION,,Salbutamol Inh,Salbutamol,3105,5962
39894,SALBUTAMOL INH 100 MCG LOCION,,Salbutamol Inh,Salbutamol,3105,5962
39904,CLOTRIMAZOL VAG 20 G CREMA,,Clotrimazol Vag,Clotrimazol,878,2720
39907,DYMAZOL CLOTRIMAZOL OVULOS VAGINAL 200 MG X 3 OVULOS,,Dymazol Clotrimazol Ovulos Vaginal,Clotrimazol,878,2720
39910,GLUTAMINA VIT B12 X 60 INYECTABLE,,Glutamina Vit B12,Glutamina,1671,1221
39913,DALCITRIN MUPIROCINA UNGUENTO,,Dalcitrin Mupirocina,Mupirocina,2388,5901
39917,DIOSMINA HESPER 450 MG X 30 TABLETAS,,Diosmina Hesper,Diosmina,1120,1765
