producto_id,nombre,molecula,ref_id,ref_nombre,metodo,atc_id,conflictua_con_otra_lista
37378,AIRFEN 0.05% SOLUCION NASAL,Oximetazolina,2622,Oximetazolina,exacto,5850,no
37456,ANALPER PLUS 500 MG,Acetaminofén,34,Acetaminofen,exacto,,no
37456,ANALPER PLUS 500 MG,Hioscina (Butilescopolamina),553,Butilescopolamina Bromuro,alias_cima,237,no
37464,ANGRIP X 8 COMPRIMIDOS,Acetaminofén,34,Acetaminofen,exacto,,no
37464,ANGRIP X 8 COMPRIMIDOS,Cafeína,564,Cafeina,exacto,5546,no
37464,ANGRIP X 8 COMPRIMIDOS,Clorfeniramina,847,Clorfeniramina,exacto,2282,no
37465,ANGRIP X 4 COMPRIMIDOS,Acetaminofén,34,Acetaminofen,exacto,,no
37465,ANGRIP X 4 COMPRIMIDOS,Cafeína,564,Cafeina,exacto,5546,no
37465,ANGRIP X 4 COMPRIMIDOS,Clorfeniramina,847,Clorfeniramina,exacto,2282,no
37466,ANGRIP X 15 COMPRIMIDOS,Acetaminofén,34,Acetaminofen,exacto,,no
37466,ANGRIP X 15 COMPRIMIDOS,Cafeína,564,Cafeina,exacto,5546,no
37466,ANGRIP X 15 COMPRIMIDOS,Clorfeniramina,847,Clorfeniramina,exacto,2282,no
37474,ANTILAX PLUS 2 MG,Loperamida,2121,Loperamida,exacto,482,no
37474,ANTILAX PLUS 2 MG,Simeticona,3179,Simeticona,exacto,,no
37482,APLACAL 750 MG,Carbonato de Calcio,572,Calcio Carbonato,alias_cima,80,no
37483,APLACAL 750 MG,Carbonato de Calcio,572,Calcio Carbonato,alias_cima,80,no
37490,ARESAN 20 MG,Rabeprazol Sódico,2958,Rabeprazol Sodico,exacto,133,no
37491,ARESAN 20 MG,Rabeprazol Sódico,2958,Rabeprazol Sodico,exacto,133,no
37497,ASAPROL 81 MG,Ácido Acetilsalicílico,47,Acetilsalicilico Acido,alias_cima,4728,no
37498,ASAPROL 81 MG,Ácido Acetilsalicílico,47,Acetilsalicilico Acido,alias_cima,4728,no
37504,ASPRINIL 81 MG,Ácido Acetilsalicílico,47,Acetilsalicilico Acido,alias_cima,4728,no
37505,ASPRINIL 81 MG,Ácido Acetilsalicílico,47,Acetilsalicilico Acido,alias_cima,4728,no
37529,ATROVERAN 10 MG / ML,N-Butil-Bromuro de Hioscina,553,Butilescopolamina Bromuro,alias_cima,237,no
37537,AZACARD 81 MG,Ácido Acetilsalicílico,47,Acetilsalicilico Acido,alias_cima,4728,no
37538,AZACARD 81 MG,Ácido Acetilsalicílico,47,Acetilsalicilico Acido,alias_cima,4728,no
37539,AZACARD 81 MG,Ácido Acetilsalicílico,47,Acetilsalicilico Acido,alias_cima,4728,no
37561,BENZODIAZOL 0.25 MG - 5 MG,Dequalinio,1020,Dequalinio,exacto,,no
37561,BENZODIAZOL 0.25 MG - 5 MG,Lidocaína,2081,Lidocaina,exacto,1297,no
37563,BENZODIAZOL 0.25 MG - 5 MG,Dequalinio,1020,Dequalinio,exacto,,no
37563,BENZODIAZOL 0.25 MG - 5 MG,Lidocaína,2081,Lidocaina,exacto,1297,no
37564,BENZODIAZOL 0.25 MG - 5 MG,Dequalinio,1020,Dequalinio,exacto,,no
37564,BENZODIAZOL 0.25 MG - 5 MG,Lidocaína,2081,Lidocaina,exacto,1297,no
37565,BEPRODERM 0.05% - 0.1%,Betametasona,458,Betametasona,exacto,6450,no
37565,BEPRODERM 0.05% - 0.1%,Gentamicina,1614,Gentamicina,exacto,6641,no
37566,BETADINE 8% SOLUCION TOPICO BUCAL,Iodopovidona,2857,Povidona Iodada,alias_cima,2638,no
37567,BETADUO 6.430 MG - 2.631 MG / ML,Betametasona,458,Betametasona,exacto,6450,no
37570,BETAGEN SOLSPEN X 1 AMPOLLA,Betametasona,458,Betametasona,exacto,6450,no
37575,BEXILON 4 MG / 5 ML,Bromhexina,530,Bromhexina,exacto,6110,no
37609,BROFLEMA 8 MG / 5 ML,Bromhexina,530,Bromhexina,exacto,6110,no
37649,CANDER HCT 16 MG - 12.5 MG,Candesartán,588,Candesartan,exacto,1973,no
37649,CANDER HCT 16 MG - 12.5 MG,Hidroclorotiazida,1739,Hidroclorotiazida,exacto,1555,no
37650,CANDER HCT 16 MG - 12.5 MG,Candesartán,588,Candesartan,exacto,1973,no
37650,CANDER HCT 16 MG - 12.5 MG,Hidroclorotiazida,1739,Hidroclorotiazida,exacto,1555,no
37687,CARIBAN 10 MG-10 MG,Clorfeniramina,847,Clorfeniramina,exacto,2282,no
37687,CARIBAN 10 MG-10 MG,Codeína,893,Codeina,exacto,6135,no
37703,CEBION 1 G,Vitamina C (Ácido Ascórbico),308,Ascorbico Acido,alias_cima,,no
37768,CALCITREX D3 1500 MG - 200 UI,Calcio,571,Calcio,exacto,93,no
37768,CALCITREX D3 1500 MG - 200 UI,Vitamina D3,3735,Vitamina D3,exacto,,no
37785,CLODOXIN 10 MG - 100 MG,Clordiazepóxido,842,Clordiazepoxido,exacto,5313,no
37785,CLODOXIN 10 MG - 100 MG,Amitriptilina,209,Amitriptilina,exacto,5462,no
37810,CLORACE 125 - 0.5 MG / 5 ML,Clorfeniramina,847,Clorfeniramina,exacto,2282,no
37810,CLORACE 125 - 0.5 MG / 5 ML,Betametasona,458,Betametasona,exacto,6450,no
37811,CLORACE 500 MG - 4 MG,Clorfeniramina,847,Clorfeniramina,exacto,2282,no
37811,CLORACE 500 MG - 4 MG,Betametasona,458,Betametasona,exacto,6450,no
37812,CLORACE 500 MG - 4 MG,Clorfeniramina,847,Clorfeniramina,exacto,2282,no
37812,CLORACE 500 MG - 4 MG,Betametasona,458,Betametasona,exacto,6450,no
37865,DECA LENTERMINA COMPLEX,Dexametasona,1034,Dexametasona,exacto,6447,no
37866,DECALONA 4 MG / ML,Dexametasona,1034,Dexametasona,exacto,6447,no
37883,DERMAZOL 0.05% LOCION CAPILAR,Clobetasol,816,Clobetasol,exacto,2425,no
37885,DERMOVATE 0.05% CREMA,Clobetasol Propionato,817,Clobetasol Propionato,exacto,4951,no
37886,DEROVIT 1000 UI,Vitamina D (Colecalciferol),901,Colecalciferol,alias_cima,704,no
37908,PREVERAL CON DEXTROMETORFANO,Dextrometorfano,1053,Dextrometorfano,exacto,6140,no
37908,PREVERAL CON DEXTROMETORFANO,Guaifenesina,1694,Guaifenesina,exacto,6096,no
37914,DIAFORMINA 1000 MG,Metformina,2280,Metformina,exacto,598,no
37915,DIAFORMINA 500 MG,Metformina,2280,Metformina,exacto,598,no
37940,DIFENAC 1% GEL,Diclofenaco,1073,Diclofenaco,exacto,2675,no
37941,DIGLET 1000 U.I.,Vitamina D3 (Colecalciferol),901,Colecalciferol,alias_cima,704,no
37942,DIGLET 5000 U.I.,Vitamina D3 (Colecalciferol),901,Colecalciferol,alias_cima,704,no
37943,DIGLET 200 UI,Vitamina D3 (Colecalciferol),901,Colecalciferol,alias_cima,704,no
37944,DIKLASON 100 MG,Diclofenaco,1073,Diclofenaco,exacto,2675,no
37945,DIKLASON BI 150 MG,Diclofenaco,1073,Diclofenaco,exacto,2675,no
37947,DILOTEX 5 MG,Amlodipino,212,Amlodipino,exacto,1879,no
37948,DILOTEX 10 MG,Amlodipino,212,Amlodipino,exacto,1879,no
38012,ERILON 1 MG / ML LOCION,Permetrina,2740,Permetrina,exacto,5817,no
38027,ESMIRTAL 20 MG,Esomeprazol,1310,Esomeprazol,exacto,134,no
38053,EUKENE 40 MG,Olmesartán Medoxomilo,2576,Olmesartan Medoxomilo,exacto,1975,no
38058,EUTEBROL 20 MG,Citalopram,777,Citalopram,exacto,5479,no
38062,EZOLIUM 20 MG,Esomeprazol,1310,Esomeprazol,exacto,134,no
38063,EZOLIUM 40 MG,Esomeprazol,1310,Esomeprazol,exacto,134,no
38065,FARBICIL 1% CREMA,Terbinafina,3348,Terbinafina,exacto,2184,no
38066,FEBRATIC 15 MG / ML,Paracetamol,1,Paracetamol,exacto,18,no
38093,MONOSULPA X 260,Sulfadiazina de Plata,3246,Sulfadiazina Argentica,alias_cima,2349,no
38094,FISIOLIN 0.65%,Cloruro de Sodio,3995,Sodio Cloruro,alias_cima,7330,no
38100,FLAVOL 300 MG,Aciclovir,56,Aciclovir,exacto,2362,no
38105,FLEMIBAR 20 MG - 2500 MG / 5 ML,Ambroxol,181,Ambroxol,exacto,5950,no
38109,FLODONT 0.15%,Clorhexidina,848,Clorhexidina,exacto,6636,SI
38110,FLOMED 0.15% - 0.25%,Clorhexidina,848,Clorhexidina,exacto,6636,SI
38110,FLOMED 0.15% - 0.25%,Benzocaína,443,Benzocaina,exacto,1727,SI
38133,FOSFOLIT 21.6 G - 8.1 G / 45 ML,Fosfato de Sodio,3198,Sodio Fosfato,alias_cima,,SI
38136,FULGRAM 875 MG - 125 MG,Amoxicilina,221,Amoxicilina,exacto,3196,no
38136,FULGRAM 875 MG - 125 MG,Ácido Clavulánico,808,Clavulanico Acido,alias_cima,,no
38152,GENESA 3 MG-20 MCG,Drospirenona,1171,Drospirenona,exacto,2846,no
38152,GENESA 3 MG-20 MCG,Etinilestradiol,1357,Etinilestradiol,exacto,2859,no
38153,GENESA 3 MG-20 MCG,Drospirenona,1171,Drospirenona,exacto,2846,no
38153,GENESA 3 MG-20 MCG,Etinilestradiol,1357,Etinilestradiol,exacto,2859,no
38157,GENURIN 200 MG,Flavoxato,1461,Flavoxato,exacto,2969,no
38163,GLIDAN 80 MG,Gliclazida,1645,Gliclazida,exacto,609,no
38165,GLIFORMIN 850 MG,Metformina,2280,Metformina,exacto,598,no
38172,GLUCOFAGE 500 MG XR,Metformina,2280,Metformina,exacto,598,no
38178,GRATIO 500 MG,Claritromicina,801,Claritromicina,exacto,3365,no
38180,GULAPER 250 MG / 5 ML,Amoxicilina,221,Amoxicilina,exacto,3196,no
38182,GULAPER 100 MG / 5 ML,Amoxicilina,221,Amoxicilina,exacto,3196,no
38183,GYNODERAIN 0.6 G,Metronidazol,2320,Metronidazol,exacto,2719,SI
38189,HEXANTFLEM 250 MG / 5 ML,Amoxicilina,221,Amoxicilina,exacto,3196,SI
38212,IBUN 600 MG,Ibuprofeno,3877,Ibuprofeno,exacto,4605,no
38238,IDOXEN 75 MG,Venlafaxina,3626,Venlafaxina,exacto,5512,no
38239,IDOXEN 150 MG,Venlafaxina,3626,Venlafaxina,exacto,5512,no
38240,ILANA 600 MG,Isotretinoína,1934,Isotretinoina,exacto,2626,SI
38241,ILTUX 20 MG,Olmesartán Medoxomilo,2576,Olmesartan Medoxomilo,exacto,1975,no
38249,FLUTIXAIR 125 MG - 25 MCG / DOSIS,Fluticasona,1496,Fluticasona,exacto,2418,no
38249,FLUTIXAIR 125 MG - 25 MCG / DOSIS,Salmeterol,3113,Salmeterol,exacto,5972,no
38251,IPROXIN 500 MG,Ciprofloxacina,764,Ciprofloxacino,alias_cima,6356,no
38268,KATRIN 30 MG / ML,Ketorolaco,1956,Ketorolaco,exacto,4590,no
38304,KLAS 100 MG,Claritromicina,801,Claritromicina,exacto,3365,no
38317,LENTOCILIN 6.3.3,Penicilina G Sódica,2716,Penicilina G,alias_cima,,SI
38318,LEPRIT 25 MG,Hidroxicina,1770,Hidroxizina,alias_cima,5342,SI
38326,LETISAN 500 MG,Fenofibrato,1431,Fenofibrato,exacto,2031,no
38327,LETISAN 500 MG,Fenofibrato,1431,Fenofibrato,exacto,2031,no
38329,LEVAMOX 750 MG,Levofloxacino,2067,Levofloxacino,exacto,6358,no
38355,LINEZID 2 MG / ML,Linezolid,4043,Linezolid,exacto,7347,no
38356,LIOLACTIL X 20 SOBRES,Lactobacillus rhamnosus,1978,Lactobacillus Rhamnosus,exacto,,SI
38358,LIPACOMB 40 MG - 10 MG,Atorvastatina,329,Atorvastatina,exacto,2018,SI
38358,LIPACOMB 40 MG - 10 MG,Ezetimiba,1379,Ezetimiba,exacto,2080,SI
38364,LISOMUCIN 4 MG / 5 ML,Carbocisteína,613,Carbocisteina,exacto,6111,no
38365,LISOMUCIN 8 MG / 5 ML,Carbocisteína,613,Carbocisteina,exacto,6111,no
38368,LODIPIN 10 MG,Amlodipino,212,Amlodipino,exacto,1879,no
38369,LODIPIN VL 10 MG - 160 MG,Amlodipino,212,Amlodipino,exacto,1879,SI
38369,LODIPIN VL 10 MG - 160 MG,Valsartán,3596,Valsartan,exacto,1970,SI
38370,LOFLOX 400 MG,Levofloxacino,2067,Levofloxacino,exacto,6358,no
38371,LOGANIL 250 MG / 5 ML,Cefadroxilo,666,Cefadroxilo,exacto,3258,no
38372,LOGANIL 100 MG / 5 ML,Cefadroxilo,666,Cefadroxilo,exacto,3258,no
38393,LORECORT 1 MG - 0.05 MG / 5 ML,Loratadina,2125,Loratadina,exacto,6257,no
38393,LORECORT 1 MG - 0.05 MG / 5 ML,Betametasona,458,Betametasona,exacto,6450,no
38413,LOWPRES 150 MCG / ML,Desmopresina,1026,Desmopresina,exacto,3050,no
38432,MAXIFUR 50 MG,Nitrofurantoína,2518,Nitrofurantoina,exacto,3455,no
38437,MELIGEN 10 MG,Montelukast,2375,Montelukast,exacto,6078,SI
38491,MILAX 50%,Lactulosa,1987,Lactulosa,exacto,396,SI
38492,MIOVIT COMPOSITUM CON LIDOCAINA,Lidocaína,2081,Lidocaina,exacto,1297,SI
38493,MIOVIT COMPOSITUM CON LIDOCAINA,Lidocaína,2081,Lidocaina,exacto,1297,SI
38494,MIOVIT COMPOSITUM CON LIDOCAINA,Lidocaína,2081,Lidocaina,exacto,1297,SI
38507,MONTRAX 10 MG,Montelukast,2375,Montelukast,exacto,6078,no
38508,MONTRAX 10 MG,Montelukast,2375,Montelukast,exacto,6078,no
38509,MONTRAX 4 MG,Montelukast,2375,Montelukast,exacto,6078,no
38510,MONTRAX 5 MG,Montelukast,2375,Montelukast,exacto,6078,no
38511,MONTRAX 5 MG,Montelukast,2375,Montelukast,exacto,6078,no
38515,MOXIDEX 0.5 -0.1%,Moxifloxacino,2384,Moxifloxacino,exacto,6360,SI
38515,MOXIDEX 0.5 -0.1%,Dexametasona,1034,Dexametasona,exacto,6447,SI
38519,MUCLAR 30 MG - 5 MG,Ambroxol,181,Ambroxol,exacto,5950,no
38519,MUCLAR 30 MG - 5 MG,Carbocisteína,613,Carbocisteina,exacto,6111,no
38520,MUCOBROL 4 MG / 5 ML,Bromhexina,530,Bromhexina,exacto,6110,no
38523,MULTIDERM 2% UNGUENTO,Mupirocina,2388,Mupirocina,exacto,5901,no
38526,MUVETT 300 MG,Trimebutina,3514,Trimebutina,exacto,173,no
38529,NACLODIN 0.150 MG,Clonidina,829,Clonidina,exacto,6460,no
38530,NAFINA 1% CREMA,Terbinafina,3348,Terbinafina,exacto,2184,no
38545,NEULEVAL 500 MG,Levetiracetam,2056,Levetiracetam,exacto,5164,no
38546,NEULEVAL 750 MG,Levetiracetam,2056,Levetiracetam,exacto,5164,no
38557,NIPE PLUS,Nistatina,2515,Nistatina,exacto,51,SI
38557,NIPE PLUS,Neomicina,2433,Neomicina,exacto,1177,SI
38576,NOTOLAC 20 MG,Ketorolaco,1956,Ketorolaco,exacto,4590,no
38577,NOTOLAC 20 MG,Ketorolaco,1956,Ketorolaco,exacto,4590,no
38584,OFAFLAN 2 MG / ML,Metamizol (Dipirona),2271,Metamizol,alias_cima,5041,SI
38585,OFTERRA UNGUENTO OFTALMICO,Tobramicina,3442,Tobramicina,exacto,3385,SI
38585,OFTERRA UNGUENTO OFTALMICO,Dexametasona,1034,Dexametasona,exacto,6447,SI
38588,OLMECAR 40 MG,Olmesartán Medoxomilo,2576,Olmesartan Medoxomilo,exacto,1975,no
38628,OTANOL 50 MG / ML,Clorhexidina,848,Clorhexidina,exacto,6636,SI
38628,OTANOL 50 MG / ML,Benzocaína,443,Benzocaina,exacto,1727,SI
38642,PASIM 10 MG / ML,Metoclopramida,2307,Metoclopramida,exacto,288,SI
38643,PASOLAX,Fosfato de Sodio,3198,Sodio Fosfato,alias_cima,,SI
38653,PEREBRON 28 MG / 5 ML,Dextrometorfano,1053,Dextrometorfano,exacto,6140,SI
38654,PEREBRON 28 MG / 5 ML,Dextrometorfano,1053,Dextrometorfano,exacto,6140,SI
38655,PERIDONT 0.12%,Clorhexidina,848,Clorhexidina,exacto,6636,SI
38657,PERTEN 1%,Permetrina,2740,Permetrina,exacto,5817,SI
38659,PERTEN 1%,Permetrina,2740,Permetrina,exacto,5817,SI
38662,PIMADOL 10 MG,Memantina,2231,Memantina,exacto,5594,SI
38674,OTODON 2% - 5%,Cloranfenicol,838,Cloranfenicol,exacto,3188,SI
38674,OTODON 2% - 5%,Benzocaína,443,Benzocaina,exacto,1727,SI
38677,POTAX 10 MEQ,Citrato de Potasio,789,Citrato Potasio,alias_cima,,SI
38700,PRESIDERM 2% UNGUENTO,Mupirocina,2388,Mupirocina,exacto,5901,no
38701,PREVERAL CON CODEINA,Codeína,893,Codeina,exacto,6135,SI
38701,PREVERAL CON CODEINA,Guaifenesina,1694,Guaifenesina,exacto,6096,SI
38704,PROTOSULFIL 1% CREMA,Sulfadiazina de Plata,3246,Sulfadiazina Argentica,alias_cima,2349,no
38705,PROVICAR 2 G / 10 ML,Pirantel,2783,Pirantel,exacto,5786,SI
38716,OTIRILIN 4% - 1%,Cloranfenicol,838,Cloranfenicol,exacto,3188,SI
38716,OTIRILIN 4% - 1%,Benzocaína,443,Benzocaina,exacto,1727,SI
38731,RINARIS 2.5 MG - 30 MG / 5 ML,Fenilefrina,1419,Fenilefrina,exacto,1326,SI
38731,RINARIS 2.5 MG - 30 MG / 5 ML,Clorfeniramina,847,Clorfeniramina,exacto,2282,SI
38735,RINOMAX 0.25% - 0.125% - 0.25%,Oximetazolina,2622,Oximetazolina,exacto,5850,SI
38735,RINOMAX 0.25% - 0.125% - 0.25%,Difenhidramina,1083,Difenhidramina,exacto,2279,SI
38735,RINOMAX 0.25% - 0.125% - 0.25%,Benzocaína,443,Benzocaina,exacto,1727,SI
38754,ROVARTAL 40 MG,Rosuvastatina,3060,Rosuvastatina,exacto,2020,no
38763,SALBUTAN 100 MCG / DOSIS,Salbutamol,3105,Salbutamol,exacto,5962,no
38764,SARIFAN COMPOSITUM,Paracetamol,1,Paracetamol,exacto,18,SI
38764,SARIFAN COMPOSITUM,Clorfeniramina,847,Clorfeniramina,exacto,2282,SI
38764,SARIFAN COMPOSITUM,Fenilefrina,1419,Fenilefrina,exacto,1326,SI
38794,SILDEX 100 MG,Sildenafil,3165,Sildenafilo,alias_cima,2984,SI
38795,SILDEX 100 MG,Sildenafil,3165,Sildenafilo,alias_cima,2984,SI
38811,SULIXTRA 0.4 MG,Tamsulosina,3293,Tamsulosina,exacto,3009,no
38812,SULIXTRA DUO 0.4 MG - 0.5 MG,Tamsulosina,3293,Tamsulosina,exacto,3009,SI
38812,SULIXTRA DUO 0.4 MG - 0.5 MG,Dutasterida,1177,Dutasterida,exacto,3018,SI
38813,SULIXTRA DUO 0.4 MG - 0.5 MG,Tamsulosina,3293,Tamsulosina,exacto,3009,SI
38813,SULIXTRA DUO 0.4 MG - 0.5 MG,Dutasterida,1177,Dutasterida,exacto,3018,SI
38838,TAMOA 250 MG / 5 ML,Cefadroxilo,666,Cefadroxilo,exacto,3258,SI
38841,TAMSULON 0.4 MG,Tamsulosina,3293,Tamsulosina,exacto,3009,no
38845,TANTUN 0.1%,Bencidamida,415,Bencidamida,exacto,,SI
38858,TIALIN 50 MG,Sertralina,3156,Sertralina,exacto,5481,no
38859,TIALIN 50 MG,Sertralina,3156,Sertralina,exacto,5481,no
38860,TIDOR 2% - 0.5%,Timolol,4196,Timolol,exacto,1797,SI
38860,TIDOR 2% - 0.5%,Dorzolamida,1149,Dorzolamida,exacto,6480,SI
38861,TILODRIN 4 MG / ML,Dextrometorfano,1053,Dextrometorfano,exacto,6140,no
38862,TILODRIN 30 MG / 15 ML,Dextrometorfano,1053,Dextrometorfano,exacto,6140,no
38880,TONERVOL 5 MG,Nebivolol,3885,Nebivolol,exacto,1820,SI
38884,TRACEVAL 500 MG - 50 MG,Acetaminofen,34,Acetaminofen,exacto,,SI
38884,TRACEVAL 500 MG - 50 MG,Tramadol,3473,Tramadol,exacto,5004,SI
38885,TRACEVAL 325 MG - 37.5 MG,Acetaminofen,34,Acetaminofen,exacto,,SI
38885,TRACEVAL 325 MG - 37.5 MG,Tramadol,3473,Tramadol,exacto,5004,SI
38889,TRAMAL LONG 150 MG,Tramadol,3473,Tramadol,exacto,5004,no
38896,FLUTIXAIR 250 MCG -25 MCG,Fluticasona,1496,Fluticasona,exacto,2418,SI
38896,FLUTIXAIR 250 MCG -25 MCG,Salmeterol,3113,Salmeterol,exacto,5972,SI
38908,ULTAMYN 750 MG,Levofloxacino,2067,Levofloxacino,exacto,6358,SI
38910,UROSINA 0.4 MG,Tamsulosina,3293,Tamsulosina,exacto,3009,no
38912,VALPRON 250 MG / 5 ML,Ácido Valproico,3595,Valproico Acido,alias_cima,5150,no
38936,VASPITOR 40 MG,Atorvastatina,329,Atorvastatina,exacto,2018,no
38937,VASPITOR 40 MG,Atorvastatina,329,Atorvastatina,exacto,2018,no
38938,VASSLUTEN HCT 300 MG - 12.5 MG,Irbesartán,1912,Irbesartan,exacto,1971,SI
38938,VASSLUTEN HCT 300 MG - 12.5 MG,Hidroclorotiazida,1739,Hidroclorotiazida,exacto,1555,SI
38939,VASSLUTEN HCT 150 MG - 12.5 MG,Irbesartán,1912,Irbesartan,exacto,1971,SI
38939,VASSLUTEN HCT 150 MG - 12.5 MG,Hidroclorotiazida,1739,Hidroclorotiazida,exacto,1555,SI
38971,VITADYN C 500 MG,Vitamina C (Ácido Ascórbico),308,Ascorbico Acido,alias_cima,,SI
38972,VITADYN C 500 MG,Vitamina C (Ácido Ascórbico),308,Ascorbico Acido,alias_cima,,SI
38975,VITENOL CREMA,Vitamina A,3724,Vitamina A,exacto,6805,SI
38975,VITENOL CREMA,Vitamina E,3736,Vitamina E,exacto,,SI
38976,VIZERUL 75 MG,Venlafaxina,3626,Venlafaxina,exacto,5512,SI
38977,VIZERUL 75 MG,Venlafaxina,3626,Venlafaxina,exacto,5512,SI
38978,VIZERUL 150 MG / 10 ML,Venlafaxina,3626,Venlafaxina,exacto,5512,SI
38979,VOLCOFEN 75 MG / 3 ML,Diclofenaco,1073,Diclofenaco,exacto,2675,SI
38980,VONAU FLASH 4 MG,Ondansetrón,2587,Ondansetron,exacto,301,no
38991,ZILDON 10 MG,Olanzapina,2569,Olanzapina,exacto,5280,SI
38996,ZOLPIDEX 10 MG,Zolpidem,4073,Zolpidem,exacto,7323,no
38997,ZOLPIDEX 10 MG,Zolpidem,4073,Zolpidem,exacto,7323,no
39002,ZOST 50 MG,Tramadol,3473,Tramadol,exacto,5004,SI
39003,ZOST 50 MG,Tramadol,3473,Tramadol,exacto,5004,SI
39004,ZOST 50 MG,Tramadol,3473,Tramadol,exacto,5004,SI
39064,APLACAL 750 MG,Carbonato de Calcio,572,Calcio Carbonato,alias_cima,80,no
39065,APLACAL 750 MG,Carbonato de Calcio,572,Calcio Carbonato,alias_cima,80,no
39066,APLACAL 750 MG,Carbonato de Calcio,572,Calcio Carbonato,alias_cima,80,no
39067,APLACAL 750 MG,Carbonato de Calcio,572,Calcio Carbonato,alias_cima,80,no
39068,APLACAL 750 MG,Carbonato de Calcio,572,Calcio Carbonato,alias_cima,80,no
39069,APLACAL 750 MG,Carbonato de Calcio,572,Calcio Carbonato,alias_cima,80,no
39088,ATROVERAN 10 MG,N-Butil-Bromuro de Hioscina,553,Butilescopolamina Bromuro,alias_cima,237,no
39089,ATROVERAN FORTE 20 MG,N-Butil-Bromuro de Hioscina,553,Butilescopolamina Bromuro,alias_cima,237,no
39104,BIPROLIL 2.5 MG,Bisoprolol,3830,Bisoprolol,exacto,1815,no
39138,CIFARCAINA HIPERBARA AL 5%,Bupivacaína,545,Bupivacaina,exacto,4925,no
39273,KLINCOSAL 262 MG - 100 MG,Metronidazol,2320,Metronidazol,exacto,2719,no
39274,KLINCOSAL 262 MG - 500 MG / 15 ML,Metronidazol,2320,Metronidazol,exacto,2719,no
39275,KLINCOSAL 262 MG - 500 MG / 15 ML,Metronidazol,2320,Metronidazol,exacto,2719,no
39343,PROTOSULFIL 1% POLVO,Sulfadiazina de Plata,3246,Sulfadiazina Argentica,alias_cima,2349,no
39344,CARNITENE 1 G / 10 ML,L-Carnitina,2027,L-carnitina,exacto,5559,no
39418,ACRYLARM 0.2% GEL OFTALMICO,Hialuronato de Sodio,1733,Hialuronico Acido,alias_cima,,no
39540,MAXIFURFORTE 100 MG,Nitrofurantoína,2518,Nitrofurantoina,exacto,3455,no
39547,ACECOL 600 MG,Acetilcisteína,42,Acetilcisteina,exacto,6736,no
39548,ACECOL 600 MG,Acetilcisteína,42,Acetilcisteina,exacto,6736,no
39550,NEMAX 16% - 6%,Fosfato de Sodio Dibásico,1531,Fosfato Disodio,alias_cima,,no
39576,FLUDINAX 0.9%,Cloruro de Sodio,3995,Sodio Cloruro,alias_cima,7330,no
39577,SILVEDERMA 1% CREMA,Sulfadiazina de Plata,3246,Sulfadiazina Argentica,alias_cima,2349,no
39597,UDOX 75 MG,Venlafaxina,3626,Venlafaxina,exacto,5512,no
39635,AGUA OXIG ALVA INYECTABLE,Peróxido de Hidrógeno (Agua Oxigenada),4053,Peroxido De Hidrogeno,alias_cima,30,no
39655,AUGMENTIN BID 875 MG - 125 MG,Amoxicilina,221,Amoxicilina,exacto,3196,no
39655,AUGMENTIN BID 875 MG - 125 MG,Ácido Clavulánico,808,Clavulanico Acido,alias_cima,,no
39696,6 MG X 30 COMPRIMIDOS,Deflazacort,1000,Deflazacort,exacto,3094,no
39698,SODICO 4 MG / 1 ML,Dexametasona Fosfato Sódico,1034,Dexametasona,tokens_agnostico_orden,6447,no
39700,SODICO 8 MG / 2 ML,Dexametasona Fosfato Sódico,1034,Dexametasona,tokens_agnostico_orden,6447,no
39830,PREVERAL DEXTRO REFORM 120 ML,Dextrometorfano,1053,Dextrometorfano,exacto,6140,no
39830,PREVERAL DEXTRO REFORM 120 ML,Guaifenesina,1694,Guaifenesina,exacto,6096,no
39898,ANGIOFLUX 250LSU,Diosmina,1120,Diosmina,exacto,1765,no
39898,ANGIOFLUX 250LSU,Hesperidina,1729,Hesperidina,exacto,1778,no
37396,ALGOREN 10 MG X 20 TABLETAS,propranolol,2912,Propranolol,exacto,1796,no
37455,AMPLIDER 50 MG X 10 CAPSULAS BLANDAS,amilorida,198,Amilorida,exacto,1631,no
37455,AMPLIDER 50 MG X 10 CAPSULAS BLANDAS,hidroclorotiazida,1739,Hidroclorotiazida,exacto,1555,no
37471,ANTAAR 1.25 MG X 10 TABLETAS RECUBIERTAS,indapamida,1845,Indapamida,exacto,1589,no
37470,ANTAAR 1.25 MG X 30 TABLETAS RECUBIERTAS,indapamida,1845,Indapamida,exacto,1589,no
,APIRET 120 MG / 5 ML y APIRET 160 MG / 5 ML,paracetamol,1,Paracetamol,exacto,18,no
37526,ATRIMON 10 MG X 10 COMPRIMIDOS,zolpidem,4073,Zolpidem,exacto,7323,no
37534,AVELOX 400 MG X 5 COMPRIMIDOS RECUBIERTOS,moxifloxacino,2384,Moxifloxacino,exacto,6360,no
37576,BILOL 2.5 MG X 10 TABLETAS RECUBIERTAS,bisoprolol,3830,Bisoprolol,exacto,1815,no
37578,BIOCOR AMLO 40 MG - 5 MG X 30 TABLETAS RECUBIERTAS,bisoprolol,3830,Bisoprolol,exacto,1815,no
37578,BIOCOR AMLO 40 MG - 5 MG X 30 TABLETAS RECUBIERTAS,amlodipino,212,Amlodipino,exacto,1879,no
37577,BIOCOR AMLO 20 MG - 5 MG X 30 TABLETAS RECUBIERTAS,bisoprolol,3830,Bisoprolol,exacto,1815,no
37577,BIOCOR AMLO 20 MG - 5 MG X 30 TABLETAS RECUBIERTAS,amlodipino,212,Amlodipino,exacto,1879,no
39098,BIOCOR 20 MG X 30 TABLETAS RECUBIERTAS,bisoprolol,3830,Bisoprolol,exacto,1815,no
39524,BIOCORTIN 500 MG X 1 AMPOLLA,bisoprolol,3830,Bisoprolol,exacto,1815,no
37579,BIOCOR 40 MG X 30 TABLETAS RECUBIERTAS,bisoprolol,3830,Bisoprolol,exacto,1815,no
39443,BIOTALOL HCT 10 MG - 6.25 MG COMPRIMIDOS RECUBIERTOS,bisoprolol,3830,Bisoprolol,exacto,1815,no
37581,BIOTALOL 2.5 MG X 30 COMPRIMIDOS RECUBIERTOS,bisoprolol,3830,Bisoprolol,exacto,1815,no
39102,BIOTALOL HCT 2.5 MG - 6.25 MG COMPRIMIDOS RECUBIERTOS,bisoprolol,3830,Bisoprolol,exacto,1815,no
37582,BIOTALOL 1.25 MG X 30 COMPRIMIDOS RECUBIERTOS,bisoprolol,3830,Bisoprolol,exacto,1815,no
37583,BIOTALOL 10 MG X 30 COMPRIMIDOS RECUBIERTOS,bisoprolol,3830,Bisoprolol,exacto,1815,no
39101,BIOTALOL PE 10 MG - 5 MG COMPRIMIDOS RECUBIERTOS,bisoprolol,3830,Bisoprolol,exacto,1815,no
39103,BIOTALOL PE 5 MG - 10 MG COMPRIMIDOS RECUBIERTOS,bisoprolol,3830,Bisoprolol,exacto,1815,no
37580,BIOTALOL 2.5 MG X 10 COMPRIMIDOS RECUBIERTOS,bisoprolol,3830,Bisoprolol,exacto,1815,no
37584,BIPRIN 300 MG X 10 CAPSULAS BLANDAS,piridoxina (vitamina B6),2789,Piridoxina,alias_cima,729,no
37637,CALCIBON 200 MG X 30 TABLETAS RECUBIERTOS,calcio carbonato,572,Calcio Carbonato,exacto,80,no
37645,CALOXPIRINA 81 MG X 30 TABLETAS ENTERICAS,ácido acetilsalicílico,47,Acetilsalicilico Acido,alias_cima,4728,no
37646,CALOXPIRINA 81 MG X 100 TABLETAS ENTERICAS,ácido acetilsalicílico,47,Acetilsalicilico Acido,alias_cima,4728,no
37648,CAMPAL 50 MG X 20 TABLETAS ENTERICAS,captopril,604,Captopril,exacto,1921,no
37665,CANFIR 500 MG X 30 COMPRIMIDOS RECUBIERTOS DE LIBERACION PROLONGADA,cefalexina,668,Cefalexina,exacto,3254,no
37731,CETRAL D 5 MG - 60 MG / 5 ML SOLUCION ORAL,cetirizina,710,Cetirizina,exacto,6544,no
37731,CETRAL D 5 MG - 60 MG / 5 ML SOLUCION ORAL,pseudoefedrina,2938,Pseudoefedrina,exacto,5911,no
,CIFARCAINA AL 1% y AL 2%,lidocaína,2081,Lidocaina,exacto,1297,no
37750,CIPROFLOX 500 MG X 12 TABLETAS RECUBIERTAS,ciprofloxacino,764,Ciprofloxacino,exacto,6356,no
37771,CLARIX 0.25 MG / ML SOLUCION NASAL,claritromicina,801,Claritromicina,exacto,3365,no
37775,CLENBUNAL 0.014 MG / ML SOLUCION ORAL,clenbuterol,4235,Clenbuterol,exacto,5974,no
37787,CLOFEN 1.8 MG / ML SUSPENSION ORAL,diclofenaco,1073,Diclofenaco,exacto,2675,no
37825,CO-SULTRIN 40 MG - 200 MG / 5 ML X 20 SUSPENSION,trimetoprim,3519,Trimetoprima,alias_cima,3319,no
37825,CO-SULTRIN 40 MG - 200 MG / 5 ML X 20 SUSPENSION,sulfametoxazol,3249,Sulfametoxazol,exacto,3333,no
37834,COLYPAN 200 MG X 10 TABLETAS,trimebutina,3514,Trimebutina,exacto,173,no
37838,CORAZEM 60 MG X 20 TABLETAS RECUBIERTAS,diltiazem,1111,Diltiazem,exacto,1906,no
37844,CORENTEL 1.25 MG X 30 COMPRIMIDOS RECUBIERTOS,bisoprolol,3830,Bisoprolol,exacto,1815,no
39161,CORENTEL H 5 MG - 6.25 MG COMPRIMIDOS RECUBIERTOS,bisoprolol,3830,Bisoprolol,exacto,1815,no
37846,CORENTEL 5 MG X 10 COMPRIMIDOS RECUBIERTOS,bisoprolol,3830,Bisoprolol,exacto,1815,no
39160,CORENTEL H 10 MG - 6.25 MG COMPRIMIDOS RECUBIERTOS,bisoprolol,3830,Bisoprolol,exacto,1815,no
37842,CORENTEL 10 MG X 30 COMPRIMIDOS RECUBIERTOS,bisoprolol,3830,Bisoprolol,exacto,1815,no
37843,CORENTEL 1.25 MG X 10 COMPRIMIDOS RECUBIERTOS,bisoprolol,3830,Bisoprolol,exacto,1815,no
37841,CORENTEL 10 MG X 10 COMPRIMIDOS RECUBIERTOS,bisoprolol,3830,Bisoprolol,exacto,1815,no
37845,CORENTEL 5 MG X 30 COMPRIMIDOS RECUBIERTOS,bisoprolol,3830,Bisoprolol,exacto,1815,no
37860,DALCITRIN 2 % UNGUENTO,miconazol nitrato,2333,Miconazol Nitrato,exacto,456,no
37869,DECOBEL 8 MG / 2 ML SOLUCION INYECTABLE,dexametasona,1034,Dexametasona,exacto,6447,no
37876,DENCOFEN 1.16 % CREMA EN BASE GEL,diclofenaco dietilamina,1074,Diclofenaco Dietilamina,exacto,2675,no
37878,DENUAL 150 MG X 1 COMPRIMIDO RECUBIERTO,ácido ibandrónico,1807,Ibandronico Acido,alias_cima,4828,no
37880,DERAIN 15 % CREMA,ácido azelaico,361,Azelaico Acido,alias_cima,2619,no
37918,DIAGESIC 1.8 MG / ML SUSPENSION ORAL,diclofenaco,1073,Diclofenaco,exacto,2675,no
37959,DIPLOZ 1 MG X 30 TABLETAS RECUBIERTAS,clonazepam,828,Clonazepam,exacto,5143,no
37961,DOBET 2 % - 0.5 % SOLUCION OFTALMICA,ketoconazol,1954,Ketoconazol,exacto,2726,no
37961,DOBET 2 % - 0.5 % SOLUCION OFTALMICA,betametasona,458,Betametasona,exacto,6450,no
37962,DOBRACID 300 MG X 30 COMPRIMIDOS RECUBIERTOS DE LIBERACION PROLONGADA,ácido ursodesoxicólico,3559,Ursodeoxicolico Acido,alias_cima,328,no
37963,DOBRACID 300 MG X 10 COMPRIMIDOS RECUBIERTOS DE LIBERACION PROLONGADA,ácido ursodesoxicólico,3559,Ursodeoxicolico Acido,alias_cima,328,no
37969,DOLAK 10 MG X 10 COMPRIMIDOS,ketorolaco,1956,Ketorolaco,exacto,4590,no
37968,DOLAK 10 MG X 20 COMPRIMIDOS,ketorolaco,1956,Ketorolaco,exacto,4590,no
39489,DOLAK 30 MG X 4 COMPRIMIDOS SUBLINGUALES,ketorolaco,1956,Ketorolaco,exacto,4590,no
37970,DOLAK 20 MG X 10 COMPRIMIDOS RECUBIERTOS,ketorolaco,1956,Ketorolaco,exacto,4590,no
39490,DOLAK 30 MG X 1 COMPRIMIDO SUBLINGUAL,ketorolaco,1956,Ketorolaco,exacto,4590,no
39491,DOLAK 30 MG X 2 COMPRIMIDOS SUBLINGUALES,ketorolaco,1956,Ketorolaco,exacto,4590,no
37971,DOLCAN 9 MG / 5 ML SUSPENSION ORAL,ibuprofeno,3877,Ibuprofeno,exacto,4605,no
37990,DUROVAL 50 MG X 3 TABLETAS RECUBIERTAS,sildenafilo,3165,Sildenafilo,exacto,2984,no
37991,DUROVAL 50 MG X 10 TABLETAS RECUBIERTAS,sildenafilo,3165,Sildenafilo,exacto,2984,no
37988,DUROVAL 50 MG X 2 TABLETAS RECUBIERTAS,sildenafilo,3165,Sildenafilo,exacto,2984,no
37989,DUROVAL 50 MG X 1 TABLETA RECUBIERTA,sildenafilo,3165,Sildenafilo,exacto,2984,no
38109,FLODONT 0.15 % ENJUAGUE BUCAL,bencidamina,416,Bencidamina,exacto,62,SI
38110,FLOMED 0.15 % - 0.25 % SOLUCION TOPICA BUCAL ATOMIZADORA,benzydamina,416,Bencidamina,alias_cima,62,SI
38110,FLOMED 0.15 % - 0.25 % SOLUCION TOPICA BUCAL ATOMIZADORA,cetilpiridinio,3925,Cetilpiridinio,exacto,2533,SI
39222,FLOMED 0.15 % - 0.25 % SOLUCION TOPICA BUCAL,benzydamina,416,Bencidamina,alias_cima,62,no
39222,FLOMED 0.15 % - 0.25 % SOLUCION TOPICA BUCAL,cetilpiridinio,3925,Cetilpiridinio,exacto,2533,no
38133,FOSFOLIT 21.6 G - 8.1 G / 45 ML SOLUCION ORAL,fosfato disódico,1531,Fosfato Disodio,alias_cima,,SI
38183,GYNODERAIN 0.6 G X 6 OVULOS,clindamicina fosfato,813,Clindamicina Fosfato,exacto,2609,SI
38189,HEXANTFLEM 250 MG / 5 ML SOLUCION ORAL,cefalexina,668,Cefalexina,exacto,3254,SI
38240,ILANA 600 MG X 1 CAPSULA BLANDA VAGINAL,ibuprofeno,3877,Ibuprofeno,exacto,4605,SI
38317,LENTOCILIN 6.3.3 X 1 AMPOLLA,bencilpenicilina benzatínica,424,Bencilpenicilina-benzatina,alias_cima,3220,SI
38317,LENTOCILIN 6.3.3 X 1 AMPOLLA,bencilpenicilina sódica,423,Bencilpenicilina Sodica,exacto,3220,SI
38318,LEPRIT 25 MG X 30 TABLETAS,quetiapina,2948,Quetiapina,exacto,5281,SI
38437,MELIGEN 10 MG X 30 TABLETAS RECUBIERTAS,melatonina,2219,Melatonina,exacto,5417,SI
38494,MIOVIT COMPOSITUM CON LIDOCAINA X 6 AMPOLLAS,tiamina,3384,Tiamina,exacto,710,SI
38494,MIOVIT COMPOSITUM CON LIDOCAINA X 6 AMPOLLAS,piridoxina,2789,Piridoxina,exacto,729,SI
38494,MIOVIT COMPOSITUM CON LIDOCAINA X 6 AMPOLLAS,cianocobalamina,724,Cianocobalamina,exacto,1115,SI
38492,MIOVIT COMPOSITUM CON LIDOCAINA X 3 AMPOLLAS,tiamina,3384,Tiamina,exacto,710,SI
38492,MIOVIT COMPOSITUM CON LIDOCAINA X 3 AMPOLLAS,piridoxina,2789,Piridoxina,exacto,729,SI
38492,MIOVIT COMPOSITUM CON LIDOCAINA X 3 AMPOLLAS,cianocobalamina,724,Cianocobalamina,exacto,1115,SI
38493,MIOVIT COMPOSITUM CON LIDOCAINA X 1 AMPOLLA,tiamina,3384,Tiamina,exacto,710,SI
38493,MIOVIT COMPOSITUM CON LIDOCAINA X 1 AMPOLLA,piridoxina,2789,Piridoxina,exacto,729,SI
38493,MIOVIT COMPOSITUM CON LIDOCAINA X 1 AMPOLLA,cianocobalamina,724,Cianocobalamina,exacto,1115,SI
,MONTRAX 4 MG y 5 MG,montelukast,2375,Montelukast,exacto,6078,no
,NEULEVAL 500 MG y 750 MG,levofloxacino,2067,Levofloxacino,exacto,6358,no
38557,NIPE PLUS GRANULADO PARA SUSPENSION SABOR A FRUTAS TROPICALES,nifedipino,4045,Nifedipino,exacto,1883,SI
38557,NIPE PLUS GRANULADO PARA SUSPENSION SABOR A FRUTAS TROPICALES,enalapril,1227,Enalapril,exacto,1922,SI
38584,OFAFLAN 2 MG / ML SUSPENSION ORAL,ketorolaco trometamol,1957,Ketorolaco Trometamol,exacto,1161,SI
38585,OFTERRA UNGUENTO OFTALMICO,eritromicina,1271,Eritromicina,exacto,2610,SI
38628,OTANOL 50 MG / ML SOLUCION OTICA,dimenhidrinato,1113,Dimenhidrinato,exacto,6190,SI
38642,PASIM 10 MG / ML SOLUCION ORAL,simeticona,3179,Simeticona,exacto,,SI
38643,PASOLAX POLVO PARA SOLUCION ORAL,senósidos,3144,Senosidos A-b,alias_cima,,SI
38653,PEREBRON 28 MG / 5 ML JARABE SABOR A FRAMBUESA,ambroxol,181,Ambroxol,exacto,5950,SI
38654,PEREBRON 28 MG / 5 ML JARABE SABOR MIEL - LIMON,ambroxol,181,Ambroxol,exacto,5950,SI
38655,PERIDONT 0.12 % SOLUCION TOPICA BUCAL,clorhexidina digluconato,850,Clorhexidina Digluconato,exacto,6636,SI
38657,PERTEN 1 % SOLUCION TOPICA,clotrimazol,878,Clotrimazol,exacto,2720,SI
38658,PERTEN 1 % GEL TOPICO,clotrimazol,878,Clotrimazol,exacto,2720,no
38659,PERTEN 1 % SOLUCION ATOMIZADORA PARA USO TOPICO,clotrimazol,878,Clotrimazol,exacto,2720,SI
39340,PERTEN 1 % CREMA,clotrimazol,878,Clotrimazol,exacto,2720,no
38662,PIMADOL 10 MG X 10 TABLETAS RECUBIERTAS,ketorolaco trometamol,1957,Ketorolaco Trometamol,exacto,1161,SI
38674,OTODON 2 % - 5 % SOLUCION GOTAS USO OTICO.,lidocaína,2081,Lidocaina,exacto,1297,SI
38674,OTODON 2 % - 5 % SOLUCION GOTAS USO OTICO.,fenazona,1407,Fenazona,exacto,5040,SI
38677,POTAX 10 MEQ X 100 TABLETAS DE LIBERACION PROLONGADA,cloruro de potasio,874,Cloruro De Potasio,exacto,775,SI
38701,PREVERAL CON CODEINA JARABE,prometazina,2899,Prometazina,exacto,2273,SI
38705,PROVICAR 2 G / 10 ML SOLUCION ORAL,levocarnitina,2062,Levocarnitina,exacto,841,SI
38716,OTIRILIN 4 % - 1 % SOLUCION OTICA,lidocaína,2081,Lidocaina,exacto,1297,SI
38716,OTIRILIN 4 % - 1 % SOLUCION OTICA,fenazona,1407,Fenazona,exacto,5040,SI
38731,RINARIS 2.5 MG - 30 MG / 5 ML X 10 SOLUCION ORAL,cetirizina,710,Cetirizina,exacto,6544,SI
38731,RINARIS 2.5 MG - 30 MG / 5 ML X 10 SOLUCION ORAL,pseudoefedrina,2938,Pseudoefedrina,exacto,5911,SI
38735,RINOMAX 0.25 % - 0.125 % - 0.25 % SOLUCION NASAL,neomicina,2433,Neomicina,exacto,1177,SI
38735,RINOMAX 0.25 % - 0.125 % - 0.25 % SOLUCION NASAL,fenilefrina,1419,Fenilefrina,exacto,1326,SI
38735,RINOMAX 0.25 % - 0.125 % - 0.25 % SOLUCION NASAL,clorfeniramina,847,Clorfeniramina,exacto,2282,SI
38764,SARIFAN COMPOSITUM 0.01 G - 0.25 G X 20 TABLETAS RECUBIERTAS,cafeína,564,Cafeina,exacto,5546,SI
38764,SARIFAN COMPOSITUM 0.01 G - 0.25 G X 20 TABLETAS RECUBIERTAS,ergotamina,1267,Ergotamina,exacto,5080,SI
38838,TAMOA 250 MG / 5 ML X 6 SUSPENSION,pirantel,2783,Pirantel,exacto,5786,SI
38845,TANTUN 0.1 % SOLUCION DUCHA VAGINAL,bencidamina,416,Bencidamina,exacto,62,SI
38860,TIDOR 2 % - 0.5 % SOLUCION OFTALMICA,hidrocortisona,1740,Hidrocortisona,exacto,3090,SI
38880,TONERVOL 5 MG X 30 TABLETAS,escitalopram,1282,Escitalopram,exacto,5485,SI
38884,TRACEVAL 500 MG - 50 MG X 20 TABLETAS,paracetamol,1,Paracetamol,exacto,18,SI
38885,TRACEVAL 325 MG - 37.5 MG X 20 TABLETAS RECUBIERTAS,paracetamol,1,Paracetamol,exacto,18,SI
38896,FLUTIXAIR 250 MCG -25 MCG / DOSIS X 120 SUSPENSION PARA INHALACION ORAL,fluticasona propionato,1498,Fluticasona Propionato,exacto,4951,SI
38908,ULTAMYN 750 MG X 10 TABLETAS RECUBIERTAS,levetiracetam,2056,Levetiracetam,exacto,5164,SI
39410,VITADYN C 500 MG X 30 TABLETAS MASTICABLES SABOR A FRESA,ácido ascórbico (vitamina C),308,Ascorbico Acido,tokens_agnostico_orden,,no
38975,VITENOL CREMA,Retinol,4137,Retinol,exacto,5898,SI
38976,VIZERUL 75 MG X 10 COMPRIMIDOS RECUBIERTOS,clopidogrel,3940,Clopidogrel,exacto,936,SI
38977,VIZERUL 75 MG X 20 COMPRIMIDOS RECUBIERTOS,clopidogrel,3940,Clopidogrel,exacto,936,SI
38978,VIZERUL 150 MG / 10 ML X 10 SOLUCION ORAL,clopidogrel,3940,Clopidogrel,exacto,936,SI
38979,VOLCOFEN 75 MG / 3 ML X 1 AMPOLLA,diclofenaco sódico,1076,Diclofenaco Sodico,exacto,2675,SI
38991,ZILDON 10 MG X 30 TABLETAS RECUBIERTAS,aripiprazol,289,Aripiprazol,exacto,5304,SI
39002,ZOST 50 MG X 1 COMPRIMIDO,losartán potásico,2132,Losartan Potasico,exacto,1968,SI
39003,ZOST 50 MG X 2 COMPRIMIDOS,losartán potásico,2132,Losartan Potasico,exacto,1968,SI
39004,ZOST 50 MG X 4 COMPRIMIDOS,losartán potásico,2132,Losartan Potasico,exacto,1968,SI
