producto_id	nombre	molecula (corregida)	candidatos_en_vademecum (corregido)
38075	FERGANIC 40 MG	Hierro (como Sulfato Ferroso)	Hierro (II) Sulfato | Hierro Sulfato Desecado
38076	FERGANIC 40 MG	Hierro (como Sulfato Ferroso)	Hierro (II) Sulfato | Hierro Sulfato Desecado
38077	FERGANIC 40 MG	Hierro (como Sulfato Ferroso)	Hierro (II) Sulfato | Hierro Sulfato Desecado
38078	FERGANIC 20 MG / ML	Hierro (como Sulfato Ferroso)	Hierro (II) Sulfato | Hierro Sulfato Desecado
38082	FERGANIC 40 MG / 15 ML	Hierro (como Sulfato Ferroso)	Hierro (II) Sulfato | Hierro Sulfato Desecado
38083	FERGANIC 100 MG / 5 ML	Hierro (como Sulfato Ferroso)	Hierro (II) Sulfato | Hierro Sulfato Desecado
39550	NEMAX 16% - 6%	Fosfato de Sodio Monobásico	Fosfato Monosódico Dihidrato | Sodio Fosfato
38133	FOSFOLIT 21.6 G - 8.1 G / 45 ML SOLUCION ORAL	Fosfato Monosódico	Fosfato Monosódico Dihidrato | Sodio Fosfato
38491	MILAX 50 % X 20 SOLUCION ORAL	Macrogol	Macrogol 3350 | Macrogol 4000
