id,nombre,sinonimos,atc_id,descripcion
3803,[177lu]-dota0-tyr3-octreotato,,,
3369,"[tetrakis (2-metoxi-2-metilpropil-1-isocianuro) Cobre (i)], Tetrafluoroborato De",,,
3800,"1,2-diaminoetano",,,
3802,"13-cis-retinoico, Acido",,,
3804,18-beta-glicirrinetico Acido,,,
3806,2-cda,,,
3807,2-pirrolidonacetamida,,,
3808,2-sulfanilaminopirimidina,,,
3809,"2,5-diaminotolueno",,,
3811,"2,6-diamino-3-fenilazopiridina",,,
4232,256u87,,,
3813,"3,4 Diaminopiridina",,,
3812,3(carboximetil Tio) Alanina,,,
4015,3tc,,,
3814,4 Aminopiridina,,,
3815,4-epiadriamicina,,,
3817,5-asa,,,
3818,6-alfa Etilquenodesoxicolico Acido,,,
374,A-84538,,,
8,Abedul Extracto Seco Corteza (5-10 : 1): Solvente De Extraccion: N-heptano 95% (p/p),,,
31,Acelerador Serico De Conversion De Protombina,,,
33,Acetamidocaproico Acido,,,
34,Acetaminofen,,,
36,Acetato Magnesio Tetrahidrato,,,
37,Acetato Potasio,,,
38,Acetato Sodio,,,
39,Acetato Sodio Trihidrato,,,
41,Acetico Acido,,,
45,Acetileno,,,
48,Acetiltirosina,,,
53,Achillea Millefolium,,,
54,Acibar,,,
55,Acicloguanosina,,,
58,Acido Dimercaptosuccinico,,,
63,Acido Oxoglurico,,,
64,Acido Parahidroxibenzoico,,,
67,Acidos Omega 3,,,
68,Acidos Omega 3 Esteres Etilicos,,,
71,Aclidinio Bromuro,,,
74,Actaea Racemosa,,,
79,Adenosilcobalamina,,,
80,Adenosilcobamida,,,
83,Adeps Lanae,,,
84,Adrenalina,,,
85,Adriamicina,,,
87,Aesculus Hippocastanum,,,
88,Aesculus Hippocastanum Tintura Madre,,,
95,Aglutinogeno De Fimbrias De Toxoide Pertussis,,,
96,Agni Casti Fruto Extracto Seco,,,
97,Agnus Castus Exto Seco,,,
101,Agropyrum Repens,,,
102,Agropyrum Repens Exto Seco,,,
103,Agua Oxigenada,,,
105,Aire Ambiental,,,
106,Alanina,,,
107,Alantoina,,,
112,Alcachofa,,,
114,Alcaravea,,,
116,Alcohol Etilico,,,
117,Alcohol Pantotenilico,,,
118,Alcohol Tricloro Butilico Terciario,,,
123,Alendronato Sodio,,,
124,Alendronato Sodio Monohidrato,,,
125,Alendronato Sodio Trihidrato,,,
127,Alfa Amilcinamaldehido,,,
129,Alfa-cetoglutarico Acido,,,
137,Alginato Sodio,,,
140,Alilguayacol,,,
149,Almendras Amargas,,,
152,Aloe Capensis,,,
153,Aloe Ferox Mill.,,,
154,Aloe Ferox Polvo,,,
157,Aloysia Citriodora,,,
161,Alquilbencildimetilamonio,,,
162,Alquitran Hulla,,,
163,Alquitran Mineral,,,
166,Althaea Officinalis L Exto Liquido,,,
165,Althaea Officinalis L.,,,
167,Althaea Officinalis L. Extracto Seco,,,
168,Althea Officinalis L.,,,
171,Aluminio Aminoacetato Basico,,,
172,Aluminio Fosfato,,,
174,Aluminio Hidroxido Coloidal,,,
176,Aluminio Potasio Sulfato,,,
179,Amapola De California,,,
183,Ametocaina,,,
184,Ametopterina,,,
188,Amidotrizoato Calcio,,,
189,Amidotrizoato Meglumina,,,
190,Amidotrizoato Sodio,,,
191,Amidotrizoico Acido,,,
197,Amilmetacresol,,,
200,Aminoacetico Acido,,,
202,Aminolevulinato Metilo,,,
204,Aminolevulinico Hidrocloruro,,,
205,Aminosidina,,,
215,Ammoidina,,,
218,Amonio Molibdato,,,
235,Andusomeran,,,
236,Aneurina,,,
237,Angelica Arcangelica,,,
238,Angelica Archangelica Raiz,,,
244,Ansamicina,,,
247,Anticuerpo Humanizado Frente Al Antigeno De Maduracion De Celulas B Conjugado Con Maleimidocaproil Monometil Auristatin F,,,
248,"Anticuerpo Monoclonal Biespecifico Contra Cd3 Y Bcma, De Isotipo Igg2k Humanizado Y Modificado En La Region Fc",,,
249,Antigeno De Una Cepa Similar A B  (linaje Victoria),,,
250,Antigeno De Una Cepa Similar A B  (linaje Yamagata),,,
251,Antigeno Hepatitis A,,,
252,Antigeno Oligosacarido Meningococo Grupo A,,,
253,Antigeno Oligosacarido Meningococo Grupo C,,,
254,Antigeno Oligosacarido Meningococo Grupo W135,,,
255,Antigeno Oligosacarido Meningococo Grupo Y,,,
256,Antigeno Polisacarido Meningococo Gr W-135,,,
257,Antigeno Polisacarido Meningococo Gr Y,,,
258,Antigeno Polisacarido Meningococo Grupo A,,,
259,Antigeno Polisacarido Meningococo Grupo C,,,
260,Antigeno Recombinante De La Glicoproteina E (ge) Del Virus De La Varicela Zoster (vvz),,,
261,Antigeno Salmonella Typhi Polisacarido Capsular Vi,,,
262,Antigeno Superficie Hepatitis B,,,
263,Antigenos Superficie Virus Gripe,,,
266,Antraquinona,,,
267,Antraquinona Glucosidos,,,
269,Apap,,,
270,Apio De Montaña,,,
280,Aquocobalamina,,,
281,Arabinosido Citosina,,,
282,Arandano Rojo,,,
283,Arandano Rojo Purificado Extracto Seco,,,
284,Arctostaphylos Uva Ursi (gayuba) Extracto Seco 10 %,,,
285,Arctostaphylos Uva-ursi,,,
291,Arnica Montana,,,
292,Arnica Montana Extracto Liquido,,,
293,"Arnm Con Caperuza Que Codifica La Proteina Espiga Del Sars-cov-2, Variante Omicron Xfg",,,
294,Arnm Que Codifica El Dominio N-terminal Y El Dominio De Union Al Receptor De La Glicoproteina De La Espicula De Sars-cov 2 (xbb.1.5.),,,
295,"Arnm Que Codifica La Hemaglutinina Del Virus De La Gripe A, Subtipo H1n1, Cepa A/wisconsin/67/2022",,,
296,"Arnm Que Codifica La Hemaglutinina Del Virus De La Gripe A, Subtipo H3n2, Cepaa/darwin/6/2021",,,
297,"Arnm Que Codifica La Hemaglutinina Del Virus De La Gripe B, Cepa B/austria/1359417/2021",,,
307,Ascorbato Sodio,,,
308,Ascorbico Acido,,,
312,Asiaticosido,,,
314,Asparagina Monohidrato,,,
316,Asparragin Aminohidrolasa,,,
317,Aspartato Arginina,,,
318,Aspartico Acido,,,
337,Atropa Belladonna,,,
338,Atropa Belladonna Tintura Madre,,,
351,Avibactam,,,
352,Avibactam Sodio,,,
353,Avxs-101,,,
354,Axeroftol,,,
358,Azahar,,,
360,Azd9291,,,
364,Azidotimidina,,,
370,Azul De Metileno,,,
371,Azul Disperso,,,
509,B-piridin-carboxilico,,,
375,Bacillus Pfeiffer,,,
376,Bacilo Calmette-guerin Subcepa Moscu,,,
377,"Bacilo Calmette-guerin,cepa Danesa 1331, Vivo Atenuado",,,
382,Balsamo Nicaragua,,,
383,Balsamo Peru,,,
384,Balsamo Tolu,,,
385,Balsamo Tolu Exto Fluido,,,
388,Bardana,,,
391,Bario Sulfato,,,
397,Bcg Atenuado,,,
398,Bcg Cultivo Vivo Desecado,,,
3823,Bcnu,,,
406,Belladona Exto Blando,,,
414,Bencenocarboxilico Acido,,,
415,Bencidamida,,,
419,Bencilparaben,,,
428,Bendrofluazida,,,
431,Benoxinato,,,
433,Benserazida,,,
434,Benserazida Hidrocloruro,,,
439,Benzhidramina,,,
441,Benzoato Sodio,,,
3825,Benzoilo Peroxido,,,
446,Bergamota,,,
449,Besilesomab,,,
450,Beta Glucuronidasa Humana Recombinante,,,
451,Beta-dimetilaminoetil Benzhidril Eter,,,
452,"Beta-dimetilaminoetil Benzhidril Eter 1,3-dimetil-8-cloroxantina",,,
464,Beta-picolinico,,,
468,Betula Alba,,,
469,Betula Pendula R.,,,
470,Betula Pendula R. Extracto Seco,,,
477,Bicisato Dihidrocloruro,,,
479,Bictegravir Sodio,,,
3826,Bim-23014,,,
488,Bisbutiamina,,,
489,Bisibutiamina,,,
490,Bismalva,,,
491,Bismuto Subcitrato,,,
492,Bismuto Subcitrato Coloidal,,,
493,Bismuto Subcitrato Potasio,,,
3831,Bithiol,,,
3832,Bituminol,,,
3833,"Bm 06,022",,,
3834,Bms-186295,,,
3835,Bms-224818,,,
3836,Bmy-28142,,,
3837,Boldo,,,
500,Bordetella Pertussis Hemaglutinina Filamentosa,,,
501,Bordetella Pertussis Pertactina,,,
502,Bordetella Pertussis Pertactina (prot.memb.externa 69kd),,,
503,Bordetella Pertussis Proteina Meb Externa 69kd,,,
504,Bordetella Pertussis Toxoide,,,
510,Brea Hulla,,,
511,Brea Mineral,,,
513,Bretovameran,,,
3840,Brl 42810,,,
3841,Brl 43694,,,
535,Bromovinildesoxiuridina,,,
536,Bromprofenpiridamina,,,
3842,Bronopol,,,
539,Brovanexina,,,
540,Brovanexina Hidrocloruro,,,
3843,Broxime,,,
3844,Brozime,,,
554,Butilparaben,,,
3847,Bythyol,,,
562,Cacahuete,,,
563,"Cacahuete Polvo Desengrasado, Semillas",,,
567,Cajeputol,,,
573,Calcio Cloruro,,,
574,Calcio Cloruro Anhidro,,,
575,Calcio Cloruro Dihidrato,,,
580,Calcitonina Salmon Sintetica,,,
582,Camelia Thea Link,,,
583,Camellia Sinensis,,,
584,Camomila,,,
590,Canela,,,
602,Capsicum,,,
603,Capsicum Oleorresina,,,
608,Carbetapentano,,,
610,Carbidopa,,,
611,Carbidopa Monohidrato,,,
615,Carbolico Acido,,,
616,Carbomero,,,
618,Carbon Adsorbente,,,
619,Carbon Cafe,,,
621,Carbon Ultraactivo,,,
622,Carbonildiamida,,,
623,Carbono-99m Tc (aerosol),,,
625,Carbopol,,,
627,Cardo Bendito,,,
628,Cardo Mariano,,,
634,Carmelosa Sodica,,,
635,Carmin De Indigo,,,
638,Carnitina Hidrocloruro,,,
639,Carnosina,,,
640,Carragahen,,,
641,Carragenano,,,
644,Carum Carvi L.,,,
645,Carum Carvi L. Fruto,,,
647,Cas 276,,,
652,Cassia Angustifolia,,,
653,Cassia Angustifolia Exto,,,
654,Cassia Angustifolia Exto Liquido,,,
655,Cassia Angustifolia Frutos,,,
656,Cassia Angustifolia Frutos Extracto Seco,,,
657,Cassia Angustifolia Hoja O Foliola,,,
658,Cassia Angustifolia Polvo,,,
3848,Cb-154,,,
661,Cbdca,,,
662,Cdp-colina,,,
663,Cedazuridina,,,
3916,Cedro,,,
3923,Cefonicid Sodico,,,
686,Ceftolozano Sulfato,,,
692,Celidonia  Mayor,,,
693,Celulas Cd3+ Autologas Transducidas Anti Cd19,,,
694,"Celulas Epiteliales Corneales Humanas Autologas, Expandidas Ex Vivo, Entre Las Que Se Encuentran Celulas Madre",,,
695,Celulas T Autologas Transducidas Con El Vector Lentiviral Que Contienen El Receptor Antigeno Quimerico Directo Anti-cd19,,,
696,"Celulas T Cd4+ Y Cd8+ Autologas Derivadas De Sangre Periferica Y Activadas Con Anticuerpos Especificos De Cd3 Y Cd28, Transducidas Con Un Vector Retroviral, Que Expresa El Receptor Quimerico Especifico De Cd19 Que Incluye Dominios De Cd28/cd3-zeta, Y Cult",,,
698,Cemivameran,,,
702,Centaurium Umbellatum,,,
704,Cepa Similar A A/astrakhan/3212/2020 (h5n8) (cber-rg8a),,,
705,Cerio Nitrato,,,
3852,Cetilpiridinio Bromuro,,,
709,Cetiltrimetilamonio,,,
713,Ceto Fenilalanina Calcica,,,
714,Ceto Isoleucina,,,
715,Ceto Isoleucina Calcica,,,
716,Ceto Leucina,,,
717,Ceto Leucina Calcica,,,
718,Ceto Valina,,,
719,Ceto Valina Calcica,,,
721,Chelidonia Majus,,,
722,Chelidonium Majus,,,
723,Chumbera,,,
3929,Ci 42051,,,
3930,Ci 906,,,
3931,Ci 912,,,
3935,Ci-981,,,
730,Ciclohexanohexilmexafosfato,,,
731,Ciclohexilbenzotiazil Sulfenamida,,,
739,Cilantro,,,
740,Cilantro Exto Liquido,,,
742,Cilastatina Sodica,,,
748,Cimebrina,,,
749,Cimicifuga Racemosa,,,
750,Cimicifuga Racemosa Exto Seco,,,
753,Cinamaldehido,,,
754,Cinamilico Alcohol,,,
761,Cinnamomum Zeylanicum Corteza,,,
774,Cisteamina,,,
776,Cistina,,,
783,Citidina-5-monofosfato Disodio,,,
784,Citisina,,,
786,Citosina Arabinosido,,,
787,Citrato Acido Sodio,,,
788,Citrato Magnesio,,,
789,Citrato Potasio,,,
790,Citrato Sodico Dihidrato,,,
791,Citrato Sodio,,,
792,Citrato Trisodio,,,
794,Citrico Acido Anhidro,,,
795,Citrico Acido Monohidrato,,,
796,Citrina,,,
797,Citrulina,,,
798,Citrulina Malato,,,
799,Citrus Bergamia,,,
804,Clavo,,,
805,Clavulanato Potasio,,,
806,Clavulanato Potasio Diluido Con Celulosa Microcristalina,,,
807,Clavulanato Potasio Diluido Con Silice Coloidal Hidratada,,,
808,Clavulanico Acido,,,
821,Clocinizina Dihidrocloruro,,,
3939,Clonixino,,,
839,Clorazepato Dipotasio,,,
840,Clorazepico Acido,,,
3853,Clorbutol,,,
841,Clorcinazina,,,
844,Cloretona,,,
853,Clorhistapiridamina,,,
3854,Clorobutol,,,
861,Cloroprofenpiridamida,,,
865,Clorpiprazina,,,
873,Cloruro De Hierro (iii) Hexahidrato,,,
875,Clostridiopeptidasa,,,
876,"Clostridium Tetani, Toxoide",,,
3855,Cnicus Benedictus C. Linneo,,,
882,Coal Tar,,,
884,Cobalto Cloruro,,,
887,Cobre Carbonato,,,
888,Cobre Cloruro Dihidrato,,,
889,Cobre Sulfato Pentahidrato,,,
890,Cocarbina,,,
891,Cocarboxilasa,,,
892,Cocarboxilasa Tetrahidrato,,,
896,Coenzima B1,,,
897,Coenzima B12,,,
898,Cola De Caballo,,,
899,Cola Raton,,,
905,Colico Acido,,,
906,Colina Citidin-5-difosfato,,,
907,Colistimetato Sodio,,,
908,Colleja,,,
909,Colofonia,,,
910,Complejo Coagulante Antiinhibidor,,,
914,Concentrado De Protombina Activada,,,
916,Condroitina,,,
917,Condroitina Sulfato Sodio,,,
919,Conjugado Haemophilus Influenzae Prp-neisseria Meningitidis Ompc,,,
920,Conjugado Prp-ompc,,,
921,Coriandro,,,
922,Coriandro Sativum,,,
926,Cosintropina,,,
927,Cosmolina,,,
3944,Cp-690550,,,
928,Crataegus Oxiacanta-crataegus Monogina,,,
929,Crataegus Oxyacantha,,,
930,Crataegus Oxyacantha Exto Seco,,,
932,Crecimiento Hormona,,,
933,Crisantaspasa,,,
935,Cromato Cr-51  Sodio,,,
936,Cromo Cloruro Hexahidrato,,,
940,Curcuma,,,
941,Curcuma Exto Seco,,,
942,Cynara Scolymus L.,,,
943,Cynara Scolymus L. Extracto Seco,,,
944,Cynodon Dactylon,,,
988,D-b-b-dimetilcisteina,,,
990,D-camfor,,,
4025,D-norgestrel,,,
1163,D-pantenol,,,
958,Damoctocog Alfa Pegol,,,
987,Davesomeran,,,
992,Decicaina,,,
3859,Dehidrobenzoperidol,,,
1003,Dehidroepiandrosterona,,,
1009,Delta 9 Tetrahidrocannabinol,,,
4016,Dengue Virus,,,
1014,"Dengue Virus, Vivo Atenuado Serotipo 1",,,
1015,"Dengue Virus, Vivo Atenuado Serotipo 2",,,
1016,"Dengue Virus, Vivo Atenuado Serotipo 3",,,
1017,"Dengue Virus, Vivo Atenuado Serotipo 4",,,
1020,Dequalinio,,,
4019,Dexnorgestrel,,,
1052,Dextroamfetamina,,,
1055,Dextrosa,,,
1056,Dha,,,
1060,Diacetoxi-difenil-piridilmetano,,,
1061,Diafenilsulfona,,,
1064,Dibencocida,,,
1065,Dibencozamida,,,
1066,Dibenzotiazil Disulfida,,,
1067,Dibotermina Alfa,,,
1069,Dibucaina,,,
1070,Diciclomina,,,
1078,Dicloro-oxiquinaldina,,,
4021,Diente De Leon,,,
1080,Difasin,,,
1085,Difenilguanidina,,,
1087,Difenilmetoxi-8-isopropilnortropano,,,
1088,Difenilmetoxi-8-isopropilnortropano Mesilato,,,
1089,Difilina,,,
1106,Dihidrohidroxicodeinona,,,
1110,Dihidroxisuccinico Acido,,,
4024,Diosmetin 7 Rutinosido,,,
1122,Dipentametilenetiuramio Disulfuro,,,
1124,Dipirona,,,
1130,Dobesilico Acido,,,
1136,Dodecilsulfato,,,
4027,Dpt,,,
1167,Drosera,,,
1168,Drosera Rotundifolia,,,
1169,Drosera Tintura,,,
1170,Drosera Tintura Madre,,,
3947,Dtic,,,
1181,Eburnamonina,,,
1182,Echinacea Angustifolia,,,
1183,Echinacea Angustifolia Exto Seco,,,
1184,Echinacea Angustifolia Tintura Madre,,,
1191,Edotreotida,,,
1195,Edtaciclina,,,
1196,Efanesoctocog Alfa,,,
1203,Efmoroctocog Alfa,,,
1209,Elasomeran,,,
3948,Eleutherococcus Senticosus,,,
1240,Enzima De Streptococcus Pyogenes (hmed-ides) Recombinante Que Degrada Igg,,,
1252,Epoetina Dseta (epoetin Zeta),,,
1253,Epoetina Zeta (epoetin Theta),,,
1256,Eptacog Alfa Activado,,,
1257,Eptacog Beta Activado,,,
4076,Equiseto Menor,,,
1260,Equisetum Arvense,,,
1261,Equisetum Arvense Exto Seco,,,
3864,Erbio Er-169,,,
1263,Erbio Er-169 Citrato,,,
1280,Eschscholtzia Californica Cham.,,,
1286,Esencia  Pimpinella Anisum,,,
1287,Esencia Almendras Amargas,,,
1288,Esencia Bergamota,,,
1289,Esencia Canela,,,
1290,Esencia Cedro,,,
1291,Esencia Clavo,,,
1292,Esencia De Azahar,,,
1293,Esencia De Oregano,,,
1294,Esencia Eucalipto,,,
1295,Esencia Hierba Luisa,,,
1296,Esencia Limon,,,
1297,Esencia Melaleuca Viridiflora,,,
1298,Esencia Melissa Oficinalis,,,
1299,Esencia Naranja,,,
1300,Esencia Niauli,,,
1301,Esencia Pino,,,
1302,Esencia Rosmarinus Officinalis,,,
1303,Esencia Tomillo,,,
1304,Esencia Trementina,,,
1305,Esencia Vainillla,,,
1315,Espaglumico Acido,,,
1319,Espirolactona,,,
4078,Espliego,,,
1322,Estaño Cloruro Dihidrato,,,
1323,Esteatita,,,
1326,Estigmas De Maiz,,,
3952,Estroncio Cloruro,,,
1347,Eter Glicerico Del Guayacol,,,
1348,Etidronato Disodio,,,
1350,Etilendiamina,,,
1351,Etilendiamina Dihidrocloruro,,,
1352,Etilfenil Barbiturico,,,
1354,Etilico Alcohol,,,
1355,Etilmercuritiosalicilato Sodio,,,
1356,Etilparaben,,,
4031,Etiodol,,,
1358,Etocaina,,,
1365,Eucalipto,,,
1366,Eucaliptol,,,
1367,Eucalyptus Globulus Hojas,,,
4083,Eugenol,,,
1368,Evernia Prunastri (l.) Ach.,,,
1375,Extracto Alergenico De Dermatophagoides Farinae,,,
1376,Extracto Alergenico De Dermatophagoides Pteronyssinus,,,
1378,Extracto Seco De Hiedra 10 %,,,
1380,Factor Antihemofilico B,,,
1381,Factor Antihemofilico Viii,,,
1382,Factor De Crecimiento Nervioso Humano Recombinante,,,
1383,Factor Estabilizador De Fibrina,,,
1385,Factor Ii,,,
1386,Factor Inhibidor De Liberacion De Hormona Del Crecimiento,,,
1388,Factor P-p,,,
1389,Factor Stuart,,,
1392,Factor Viii Humano,,,
1400,Famtozinameran,,,
1406,Feiba,,,
1412,Fenico Acido,,,
1413,Fenilalanina,,,
1414,Fenilazodiaminopiridina,,,
1416,Fenilbutirato De Glicerilo,,,
1417,Fenilbutirato Sodio,,,
1418,Fenilbutirico Acido,,,
1422,Feniletilbarbiturico,,,
1423,Feniletilmalonilcarbamida,,,
1425,Fenilmetano,,,
1442,Ferrocolina Citrato,,,
1457,Fitato Sodio,,,
1458,Fitico Acido,,,
4157,Fk-506,,,
1460,Flavoglucosido,,,
1504,Foeniculum Vulgare,,,
1506,Foliculo Estimulante Hormona,,,
1507,Folinato Calcio,,,
1508,Folinico Acido,,,
1514,Formil Paraminobencenosulfanilamidotiazol,,,
1515,Formilsulfamidotiazol,,,
1516,Formilsulfanilamidotiazol,,,
1518,Formolparaminobenceno Sulfanilamidotiazol,,,
1519,Formolsulfanilamidotiazol,,,
1520,Formosulfamidotiazol,,,
1528,Foscarbidopa,,,
1531,Fosfato Disodio,,,
1532,Fosfato Disodio Anhidro,,,
1533,Fosfato Disodio Dihidrato,,,
1534,Fosfato Disodio Dodecahidrato,,,
1535,Fosfato Monosodio Dihidrato,,,
1536,Fosfato Potasico Dibasico,,,
1541,Fosfonomicina,,,
1543,Fosnetupitant,,,
1549,Fragaria Vesca,,,
1550,Frambuesa,,,
1553,Frangula,,,
1557,Frusemida,,,
4161,Fsh,,,
1558,Ftorafur,,,
4162,Fty720,,,
3956,Fucus Vesiculosus,,,
3957,Fucus Vesiculosus Exto Seco,,,
1560,Fumarato De Dimetilo,,,
1562,Fumarato Hierro,,,
1567,Fusidato Sodio,,,
1568,Fusidico Acido,,,
1594,G-amino-b-hidroxibutirico Acido,,,
1595,G-aminobutirico Acido,,,
3873,G-hidroxibutirico,,,
1574,Gadobenato Dimeglumina,,,
1575,Gadobenico Acido,,,
1581,Gadoterico Acido,,,
1584,Gadoxetato Disodio,,,
1585,Gadoxetico Acido,,,
1592,Galio 68ga Cloruro,,,
1598,Gamma-hidroxibutirico,,,
1596,Gammaglobulina Antihemofilica A,,,
1597,Gammaglobulina Antihemofilica B,,,
1604,Gaxilosa,,,
1605,Gayuba,,,
1606,Gayuba Exto,,,
1609,Gelatina Succinato,,,
1610,Gelatina Tanato,,,
1616,Geraniol,,,
1617,Germanio 68ge,,,
1618,Germanio 68ge Cl,,,
1620,Gimeracilo,,,
1621,Ginkgo Biloba,,,
1622,Ginkgo Biloba Exto,,,
1623,Ginkgo Biloba Extracto Seco,,,
4088,Ginseng,,,
1624,Ginseng Siberiano,,,
1634,Gliburida,,,
1635,Glicerilguayacol Eter,,,
1636,"Glicerilo, Trinitrato De",,,
1639,Glicerofosfato Sodio,,,
1640,Glicerofosforico Acido,,,
1646,Glicocola,,,
1647,"Glicoproteina F Del Virus Respiratorio Sincitial En Su Conformacion Prefusion, Arnm Monocatenario Protegido En El Extremo 5′ Que Codifica Para",,,
1648,Glidiazinamida,,,
1650,Glipentida,,,
1657,Gluconato Calcio Monohidrato,,,
1658,Gluconato Hierro,,,
1659,Gluconato Sodio,,,
1660,Gluconico Acido,,,
1669,Glutamato Magnesio Hidrobromuro,,,
1670,Glutamico Acido,,,
1673,Glycine Max (l.)merr,,,
1674,Glycine Max (l.)merr Exto Seco,,,
1675,Glycyrrhiza Glabra,,,
1676,Glycyrrhiza Glabra Raiz,,,
4089,Gomenol,,,
1679,Gonadotrofina Menopausica Humana,,,
1681,Gonadotropina Corionica Humana,,,
4167,Gp 47-680,,,
4168,Gp 48933,,,
4169,Gp-45840,,,
4170,Gr-43175,,,
1686,Grama,,,
1691,Grazoprevir Monohidrato,,,
1692,Grindelia,,,
1693,Grindelia Tintura,,,
4171,Gs 7977,,,
1697,Guarana,,,
1698,Guayacol Gliceril Eter,,,
1699,Guayacolato De Glicerilo,,,
1701,H Influenzae,,,
1786,H.influenzae Tipo B Polisacarido Conjugado Toxoide Tetanico,,,
1703,Haemophilus Influenzae Tipo B,,,
1705,Hamamelis,,,
1706,Hamamelis Agua,,,
1707,Hamamelis Hojas,,,
1708,Hamamelis Virginiana,,,
1709,Harpagophytum Exto Seco,,,
1710,Harpagophytum Procumbens,,,
1712,Hedera Helix L.,,,
1713,Hedera Helix L. Extracto Seco,,,
1716,Hemina,,,
1717,Hemitiamina,,,
1733,Hialuronico Acido,,,
1736,Hidrazida Del Acido Isonicotinico,,,
1737,Hidrazida Del Acido Piridin-4-carboxilico,,,
1738,Hidrazinoftalazina,,,
1757,Hidroxicitronelal,,,
1760,Hidroxicobalamina,,,
1762,Hidroxietilalmidon,,,
1765,Hidroxipolietoxidodecano,,,
1768,Hidroxitricarbalilico Acido,,,
1778,Hierba Luisa,,,
1781,Hierro (ii) Sulfato,,,
1780,Hierro Cloruro Tetrahidrato,,,
1783,Hierro Sulfato Desecado,,,
1784,Hierro-citrato-colina (ferricitrato Colina),,,
4175,Hinojo,,,
1787,Hioscina,,,
3960,Hiperico,,,
3961,Hipericon,,,
1789,Hisopo Oficinal,,,
1792,Histidina,,,
1793,Histidina Hidrocloruro,,,
1794,"Histidina, Hidrocloruro De, Monohidrato",,,
4176,Hki-272,,,
4093,Hoe 490,,,
1795,Hoja De Frambueso Exto Seco,,,
1796,Homomirteniloxitrietilamina,,,
1797,Hormona Crecimiento,,,
1798,Hormona Foliculo Estimulante,,,
1799,Hormona Gonadotrofina Menopausica Humana,,,
1800,Hormona Paratiroidea,,,
4177,Humulus Lupulus,,,
1801,Humulus Lupulus Extracto Seco,,,
1802,Humulus Lupulus Tintura Madre,,,
1803,Hwa 486,,,
1804,Hypericum Perforatum,,,
1805,Hypericum Perforatum  Exto Seco,,,
1808,Iberis Amara,,,
3962,Ici D1694,,,
3964,"Ici-176,334",,,
3965,"Ici-204,636",,,
3963,Ici-d1033,,,
1816,Icosapento De Etilo,,,
1831,Imelasomeran,,,
1835,Imipenem Monohidrato,,,
1848,"Indio (i111), Oxinato De",,,
1849,"Indio (i111), Pentetato De",,,
3967,Indio 111 Cloruro,,,
1853,Inhibidor De La Alfa-1 Proteinasa,,,
1854,Inhibidor De La C1 Esterasa,,,
1860,Inmunoglobulina Conejo Anti-linfocitos T Humanos,,,
1861,Inmunoglobulina Conejo Antitimocitos Humanos,,,
1862,Inmunoglobulina G Humana,,,
1864,Inmunoglobulina Humana Anti-d,,,
1865,Inmunoglobulina Humana Antihepatitis B,,,
1866,Inmunoglobulina Humana Antirrabica,,,
1867,Inmunoglobulina Humana Antitetanica,,,
1868,Inmunoglobulina Humana Normal,,,
1869,Inmunoglobulina Humana Polivalente,,,
1883,Insulina Isofana,,,
1884,Insulina Isofana Humana Prb,,,
1888,Insulina Soluble Neutra,,,
1889,Insulina Soluble Neutra Humana Prb,,,
1901,Iodoclorohidroxiquina,,,
1902,Iodoclorohidroxiquinoleina,,,
1903,Iodoclorooxiquinoleina,,,
3968,Iodometilnorcolesterol,,,
4040,Ioduro (123i) Sodio,,,
4041,Ioduro (131i) Sodio,,,
1904,Ioflupano 123i,,,
4099,Isoeugenol,,,
1920,Isoleucina,,,
1922,Isonicotinico Acido Hidrazida,,,
1923,Isonicotinilhidrazina,,,
1927,Isopropil Alcohol,,,
1928,Isopropilantipirina,,,
1930,Isopropilico Alcohol,,,
4100,Isoproterenol,,,
1932,Isosorbida Dinitrato,,,
1933,Isosorbida Mononitrato,,,
1949,Juglans Regia,,,
1950,Juglans Regia Tintura Madre,,,
1989,L-alanil-l-glutamina,,,
2004,L-arginina Hidrocloruro,,,
4178,L-ohp,,,
2136,L-tetraiodotironina,,,
1963,Lactato Calcio,,,
1965,Lactato Magnesio,,,
1966,Lactato Sodio,,,
1970,Lactobacillus Acidophilus,,,
1971,Lactobacillus Antibiotico Resistentes,,,
1972,Lactobacillus Biphidus,,,
1973,Lactobacillus Bulgaricus,,,
1974,Lactobacillus Gasseri,,,
1975,Lactobacillus Lactis,,,
1976,Lactobacillus Plantarum,,,
1977,Lactobacillus Plantarum P 17630,,,
1978,Lactobacillus Rhamnosus,,,
1979,Lactobacilos Acidofilos,,,
1980,Lactobionico Acido,,,
1981,Lactobiosa,,,
1982,Lactoflavina,,,
1983,Lactogluconato Calcio,,,
1984,Lactogluconico Acido,,,
1985,Lactona Del Acido Pilocarpinico,,,
1995,Lanolina,,,
1996,"Lanolina, Alcoholes De",,,
2008,Las W-090,,,
2013,Latiazen,,,
2014,Laurel Cerezo,,,
2015,Laurel Cerezo Agua,,,
2018,Laurilsulfoacetato,,,
2019,Laurilsulfoacetato Sodio,,,
2021,Lavanda,,,
2023,Lavandula Angustifolia Mill.,,,
2024,Lavandula Officinalis Chaix,,,
2025,Lavandula Spica  L.,,,
4042,Ldk378,,,
2028,Lea29y,,,
4103,Lee-011,,,
2041,Leonorus Cardiaca L,,,
2042,Lepidium Latifolium L Sumidad Florida,,,
2043,Lepidium Latifolium L Sumidad Florida Polvo,,,
2050,Leucomicina-a3,,,
2051,Leuprolida,,,
2055,Levarterenol,,,
3969,Levistico,,,
2057,Levisticum Officinale Koch.,,,
2069,Levofolinico Acido,,,
4106,Levomentol,,,
4172,Lgx-818,,,
4181,Limon,,,
2089,Lino Semilla,,,
2090,Linum Usitatissimum (semilla),,,
2097,Lipoproteina Recombinante Fhbp De Neisseria Meningitidis Del Serogrupo B (rlp2086; Subfamilia A),,,
2098,Lipoproteina Recombinante Fhbp De Neisseria Meningitidis Del Serogrupo B (rlp2086; Subfamilia B),,,
2099,Lippia Triphilla,,,
2113,Llanten Menor,,,
4213,Lm-1158,,,
2114,Lobelia Inflata,,,
2115,Lobelia Inflata Tintura,,,
2120,Lonoctocog Alfa,,,
3972,Lutecio (177) Cloruro,,,
2148,Lutecio (177lu) Psma-617,,,
4214,Ly 146032,,,
4215,Ly-170053,,,
2179,M-amsa,,,
3880,M-dihidroxibenceno,,,
2158,Magnesio Bromuro,,,
2161,Magnesio Cloruro,,,
2162,Magnesio Cloruro Hexahidrato,,,
2163,Magnesio Fluoruro,,,
2165,Magnesio Ioduro,,,
2166,Magnesio Orotato Dihidrato,,,
2172,Maiz,,,
2173,Maiz Exto Seco,,,
2174,Malico Acido,,,
2175,Maltodextrina,,,
2177,Malva Officinalis,,,
2178,Malvavisco,,,
2180,Manganeso,,,
2183,Manganeso (cloruro De) Tetrahidrato,,,
2181,Manganeso Carbonato,,,
2182,Manganeso Cloruro,,,
2184,Manganeso Sulfato Monohidrato,,,
2189,Manzana,,,
2190,Manzana Exto Liquido,,,
2191,Manzanilla,,,
2199,Mateina,,,
2200,Matricaria Chamomilla   L.rydb.,,,
2201,Matricaria Recutita L.rauschert,,,
4116,Me1207,,,
2208,Meclicina,,,
4109,Mek-3475,,,
2225,Melissa Officinalis,,,
2226,Melissa Officinalis Extracto Seco,,,
2227,Melissa Officinalis Hojas,,,
2234,Menotropina,,,
2238,Menta Piperita Hoja,,,
2239,Mentha Pulegium,,,
4110,Mentol,,,
2240,Meperidina,,,
2241,Mepifilina,,,
2248,Meracovateina,,,
2253,Mercaptobenzotiazol,,,
2254,Mercaptobenzotiazol Morfolinil,,,
2258,Mercuriotiolato,,,
3973,Mercurocromo,,,
2262,Mertiolato Sodio,,,
2270,Metaminodiazepoxido,,,
2272,Metamizol Magnesico,,,
2273,Metamizol Magnesico Hexahidrato,,,
2276,Metano,,,
2282,Metilandrostenolona,,,
3881,Metilbenceno,,,
2284,Metilcloroisotiazolinona,,,
2285,Metildibromo-glutaronitrilo,,,
2288,Metilergobasina,,,
2291,Metilergonovina,,,
2297,Metilparaben,,,
2298,Metilpolisiloxano,,,
2302,Metimazol,,,
2303,Metionil G-csf Recombinante Humano,,,
2315,Metoxaleno,,,
2318,Metoxisaleno,,,
2354,Mirtecaina,,,
2355,Mirtecaina Laurilsulfato,,,
4205,Mk 787,,,
4206,Mk 791,,,
4207,Mk 906,,,
4208,Mk-383,,,
4209,Mk-507,,,
4216,Mln 9708,,,
2367,Molibdato (99mo) De Sodio,,,
3882,Molibdeno,,,
2373,Monacolina K Lactona,,,
4185,Monuril,,,
2382,Moroctocog Alfa,,,
2387,Mpdl3280a,,,
2390,Muramidasa,,,
2391,Musgo De Encina,,,
3884,Myrcludex B,,,
2392,Myristica Fragans Fruto,,,
2525,N-metil-d-glucamina,,,
2526,N-metilglucamina,,,
2527,N-n-dimetilbiguanida,,,
2401,Nafronil,,,
2402,Naftazolina,,,
2405,Naftionato T,,,
2406,Naftizina,,,
2420,Naranja,,,
2421,Naranjo Flor,,,
2424,Narcotina,,,
2427,Navelbina,,,
4117,Ne-58095,,,
2447,Netupitant,,,
2448,Neumococo Antigeno Polisacarido Capsular,,,
2449,Neumococo Antigeno Polisacarido Capsular Serotipo 1,,,
2450,Neumococo Antigeno Polisacarido Capsular Serotipo 10a,,,
2451,Neumococo Antigeno Polisacarido Capsular Serotipo 11a,,,
2452,Neumococo Antigeno Polisacarido Capsular Serotipo 12f,,,
2453,Neumococo Antigeno Polisacarido Capsular Serotipo 14,,,
2454,Neumococo Antigeno Polisacarido Capsular Serotipo 15a,,,
2455,Neumococo Antigeno Polisacarido Capsular Serotipo 15b,,,
2456,Neumococo Antigeno Polisacarido Capsular Serotipo 16f,,,
2457,Neumococo Antigeno Polisacarido Capsular Serotipo 17f,,,
2458,Neumococo Antigeno Polisacarido Capsular Serotipo 18c,,,
2459,Neumococo Antigeno Polisacarido Capsular Serotipo 19a,,,
2460,Neumococo Antigeno Polisacarido Capsular Serotipo 19f,,,
2461,Neumococo Antigeno Polisacarido Capsular Serotipo 2,,,
2462,Neumococo Antigeno Polisacarido Capsular Serotipo 20,,,
2463,Neumococo Antigeno Polisacarido Capsular Serotipo 20a,,,
2464,Neumococo Antigeno Polisacarido Capsular Serotipo 22f,,,
2465,Neumococo Antigeno Polisacarido Capsular Serotipo 23a,,,
2466,Neumococo Antigeno Polisacarido Capsular Serotipo 23b,,,
2467,Neumococo Antigeno Polisacarido Capsular Serotipo 23f,,,
2468,Neumococo Antigeno Polisacarido Capsular Serotipo 24f,,,
2469,Neumococo Antigeno Polisacarido Capsular Serotipo 3,,,
2470,Neumococo Antigeno Polisacarido Capsular Serotipo 31,,,
2471,Neumococo Antigeno Polisacarido Capsular Serotipo 33f,,,
2472,Neumococo Antigeno Polisacarido Capsular Serotipo 35b,,,
2473,Neumococo Antigeno Polisacarido Capsular Serotipo 4,,,
2474,Neumococo Antigeno Polisacarido Capsular Serotipo 5,,,
2475,Neumococo Antigeno Polisacarido Capsular Serotipo 6a,,,
2476,Neumococo Antigeno Polisacarido Capsular Serotipo 6b,,,
2477,Neumococo Antigeno Polisacarido Capsular Serotipo 7f,,,
2478,Neumococo Antigeno Polisacarido Capsular Serotipo 8,,,
2479,Neumococo Antigeno Polisacarido Capsular Serotipo 9n,,,
2480,Neumococo Antigeno Polisacarido Capsular Serotipo 9v,,,
2481,Neurotoxina De Clostridium Botulinum Tipo A 148.2 Kda,,,
2482,Neurotoxina De Clostridium Botulinum Tipo E 150 Kda,,,
2485,Niacina,,,
2486,Niacinamida,,,
2490,Nicotamida,,,
2498,Niflumico Acido,,,
2504,Nipagin,,,
4118,Niquel,,,
2506,Niquel Sulfato,,,
2507,Niquel Sulfato Hexahidrato,,,
3977,Nitrico Oxido,,,
4048,Nitrito Sodio,,,
2519,Nitrofurazona,,,
2523,Nitroso Acido,,,
2531,Nonacog Beta Pegol,,,
2532,Nonacog Gamma,,,
2533,Nonaetilenglicol Monododecil Eter,,,
2534,Nopoxamina,,,
2535,Noradrenalina,,,
2536,Noramidopirina Metanosulfonico Acido,,,
2542,Noretindrona,,,
2551,Novaminsulfona,,,
2552,Novocaina,,,
2553,Nuez Moscada,,,
2554,O-acetoxibenzoico,,,
2568,O-hidroxibenzamida,,,
3888,O-hidroxibenzoico,,,
3978,O-metoxifenil Gliceril Eter,,,
2556,Occitocina,,,
2559,Octafluoropropano,,,
2571,Olea Europea,,,
4123,Oleogomenol,,,
2572,Olezarsen,,,
2590,Opuntia Ficus Indica,,,
2591,Oregano,,,
2592,Oregano Tintura,,,
4173,Org-32489,,,
4174,Org-9426,,,
2593,Origanum,,,
2594,Origanum Majorana,,,
2595,Origanum Vulgare,,,
2600,Ornitina Hidrocloruro,,,
2601,Orthosiphon Stamineus  Benth  Hoja,,,
2607,Oteracilo,,,
2608,Oteracilo Potasico,,,
2611,Oxibato Sodio,,,
2612,Oxibico Acido,,,
2620,Oxidronato Sodio,,,
2621,Oxidronico Acido,,,
2625,Oxipolietoxidodecano,,,
2629,Oxoprolina,,,
2630,Oxpentilfilina,,,
2645,P-amino Benzoato De 2-(dietilamino)etilo,,,
2646,P-aminobencensulfonamida,,,
2647,P-aminobenzoato De Etilo,,,
2652,P-anilinsulfonamida,,,
2754,P-hidroxibenzoato De Butilo,,,
2756,P-hidroxibenzoato De Metilo,,,
2757,P-hidroxibenzoato De Propilo,,,
2858,P-oxibenzoato De Metilo,,,
2943,P-sulfamido Anilina,,,
2859,"P,p-sulfodianilina",,,
2649,Panax Ginseng,,,
2650,Pancreatina,,,
2651,Pancrin,,,
2659,Pantotenato Calcio,,,
2660,Pantotenato Sodio,,,
2661,Pantotenico Acido,,,
2662,Pantotenol,,,
2665,Parafenilendiamina,,,
2666,Parafenilendiamina Difenil,,,
2667,Parafenilendiamina Isopropilfenil,,,
2670,Parathormona,,,
2675,Parotina,,,
2680,Parpona,,,
2681,Partenolida,,,
2684,Passiflora Incarnata,,,
2685,Passiflora Incarnata Exto Seco,,,
2686,Passiflora Incarnata Parte Aerea Extracto Seco,,,
2687,Passiflora Incarnata Sumidad,,,
2688,Passiflora Incarnata Tintura Madre,,,
2690,Patiromer Sorbitex Calcio,,,
2706,Pelargonium Sidoides,,,
2707,Pelargonium Sidoides Extracto Liquido De Raiz,,,
2708,Pelargonium Sidoides Extracto Seco Raiz,,,
2716,Penicilina G,,,
2717,Penicilina V,,,
2718,Penicilina-benetamina,,,
2721,Pentamidina Isetionato,,,
2722,Pentetato Calcio Trisodio,,,
2723,Pentetico Acido,,,
2725,Pentosan Polisulfato Acido,,,
2726,Pentosano Polisulfato Sodio,,,
2734,Perbinafina,,,
4126,Perflutreno,,,
2745,"Pertecnetato (99mtc) De Sodio Obtenido Por Fision, Disolucion Inyectable De",,,
2744,Pertecnetato 99mtc  Sodio,,,
2749,Petrolato,,,
2750,Peumus Boldus  M. Extracto Seco,,,
3891,Peumus Boldus M.,,,
2751,Peumus Boldus M. Hoja,,,
2752,Pez Griega,,,
4164,Pf-07321332,,,
2758,Phleum Pratense Extracto De Polen,,,
3892,Phmb,,,
4179,Phosphorus,,,
2760,Picosulfato Sodio,,,
2761,Picosulfurico Acido,,,
2764,Pidolato Magnesio,,,
2765,Pidolico Acido,,,
4128,Pimiento,,,
2770,Pimpinella Anisum,,,
2771,Pimpinella Anisum Frutos,,,
2780,Piperaquina Tetrafosfato Tetrahidrato,,,
2782,Piranisamina,,,
2790,Piridoxina Alfa-cetoglutarato,,,
2791,Piridoxina Hidrocloruro,,,
4054,Piridoxol,,,
2792,Pirilamina,,,
2799,Pistocaina,,,
2808,Pizotilina,,,
3982,Pkc-412,,,
2809,Plantago Lanceolata L.,,,
2810,Plantago Lanceolata L. Extracto Liquido Hojas,,,
2811,Plantago Lanceolata L. Extracto Seco,,,
2812,Plantago Ovata Forskk.,,,
2814,Plantago Ovata Forskk. Semilla,,,
2815,Plantago Ovata Forskk. Semilla Cuticula,,,
2816,Plantago Psyllium  L,,,
2817,Plasminogeno Activador Tisular,,,
2821,Plozasiran,,,
4220,Pm01183,,,
2824,Polen Graminea Extracto Alergenico,,,
4130,Poleo,,,
2825,Polidimetilsiloxano,,,
2827,Poliestirenosulfonato,,,
2828,Poliestirenosulfonato Calcio,,,
2829,Poliestirenosulfonato Sodio,,,
3983,Polietilenglicol 4000,,,
2831,Polimaltosa Hierro,,,
2834,Poliovirus Inactivado Tipo 1 (mahoney) Producido En Celulas Vero,,,
2835,Poliovirus Inactivado Tipo 2 (mef-1) Producido En Celulas Vero,,,
2836,Poliovirus Inactivado Tipo 3  (saukett Producido En Celulas Vero,,,
2837,Polisacarido Capsular Haemophillus Influenzae Tipo B (prp),,,
2838,Polividona,,,
2839,Polivinil Pirrolidona,,,
2840,Polixilano Sulfonico,,,
3984,Polypodium Leucotomos,,,
2841,Polypodium Leucotomos Extracto,,,
2846,Potasio Bicarbonato,,,
2847,Potasio Clorato,,,
2848,Potasio Cloruro Anhidro,,,
2849,Potasio Dicromato,,,
2850,Potasio Dihidrogenofosfato,,,
2851,Potasio Fosfato,,,
2852,Potasio Hidrogenofosfato,,,
2855,Potasio Sulfoguayacolato,,,
2885,Primula,,,
3985,Procetofeno,,,
2894,Proconvertina,,,
2898,Prolina,,,
2903,Propanocaina,,,
2904,Propanocaina Hidrocloruro,,,
2906,Propanotriol,,,
2909,Propilparaben,,,
2914,Prostaglandina E2,,,
2922,Proteina De La Espicula Del Sars-cov-2 (omicron Jn.1),,,
2924,Proteina Plasmatica Humana,,,
2925,Proteina Recombinante De Fusion Fhbp De Neisseria Meningitidis Del Grupo B,,,
2926,Proteina Recombinante De Fusion Nhba De Neisseria Meningitidis Del Grupo B,,,
2927,Proteina Recombinante Nada De Neisseria Meningitidis Del Grupo B,,,
2928,Proteina S,,,
2930,Proteinas Plasmaticas,,,
2931,Proteinsuccinilato Hierro,,,
3986,Prp-crm 197,,,
2936,Prunus Africana Exto,,,
2937,Prunus Amygdalus,,,
2941,Pseudomonico Acido,,,
4188,Psi 7977,,,
3987,Pulmon Porcino,,,
2945,Quaternium-15,,,
2947,Quenodesoxicolico Acido,,,
3894,Quercus Robur,,,
4190,Quinolin-8-ol,,,
4189,Quinolinol,,,
2960,Radamts13,,,
2974,Rapamicina,,,
2981,Raxtozinameran,,,
3988,Rcfp-10,,,
2983,Rdesat-6,,,
2987,Regaliz,,,
2992,Relebactam Monohidrato,,,
4133,Renio Re -186,,,
4134,Renio Re-186 Sulfuro,,,
4135,Renio Sulfuro,,,
2999,Resina Epoxi,,,
3001,Resorcina,,,
3002,Resorcinftaleina,,,
3005,Retinoico (trans) Acido,,,
3010,Rh Dnasa,,,
3011,Rhamnus  Frangula L. Corteza,,,
3012,Rhamnus Frangula L. Extracto Seco,,,
3013,Rhamnus Frangula L. Polvo,,,
3014,Rhamnus Purshiana Dc. Corteza,,,
3015,Rhamnus Purshiana Dc. Extracto Seco,,,
3016,Rhodiola Rosea,,,
3017,Rhodiola Rosea Raiz Extracto Seco,,,
3020,Riboflavina Fosfato Sodio,,,
3021,Riboneurina,,,
3030,Riltozinameran,,,
3037,Risedronato Sodio,,,
3038,Risedronato Sodio Hemipentahidrato,,,
4222,Ro 15-1788,,,
4223,Ro 31-8959,,,
4224,Ro-14-4767,,,
4225,Ro-4-3780,,,
4226,Ro-4964913,,,
3899,Roble,,,
3059,Rosmarinus Officinalis,,,
3063,Rotavirus Humano,,,
3064,Rotavirus Humano Serotipo G1,,,
3065,Rotavirus Humano Serotipo G2,,,
3066,Rotavirus Humano Serotipo G3,,,
3067,Rotavirus Humano Serotipo G4,,,
3068,Rotavirus Humano Serotipo P1,,,
4227,Rp 56976,,,
3993,Rrr-α-tocoferol,,,
4229,Rs-61443,,,
3073,Rt-pa,,,
3075,Rubus Idaeus L.,,,
3081,Rurioctocog Alfa Pegol,,,
3084,Ruscus Aculeatus Exto,,,
4231,S 808490,,,
3129,S-carboximetilcisteina,,,
3191,S-lactato Sodio,,,
3192,S-lactico Acido,,,
3088,Sabal Serrulata,,,
3089,Sabal Serrulata Exto Blando,,,
3090,Sabal Serrulata Exto Seco,,,
3091,Sacarato Calcio Tetrahidrato,,,
3092,Sacarato Hierro,,,
3097,Sacubitrilo Sodio,,,
3098,Sacubitrilo Trometamina,,,
3102,"Sal Tetrasodica Ac 33 Difosfono-1,2 Propdicarbox",,,
3103,Salazopirina,,,
3110,Salicil-azo-sulfanilamidopiridina,,,
3108,Salicilato Dietilamina,,,
3109,Salicilato Metilo,,,
3115,"Salmonella Typhi Cepa Ty-21a,germenes Vivos",,,
3116,Salmonella Typhi Polisacarido Capsular Vi,,,
3117,Salvia,,,
3118,Salvia Officinalis,,,
3126,Sauzgatillo,,,
3994,Sch 29851,,,
4059,Selenio Oxido,,,
4140,Selenio Sulfuro,,,
3137,Selenito Sodio Anhidro,,,
3138,Selenito Sodio Pentahidrato,,,
4141,Selenium,,,
3142,Selvacovateina,,,
3144,Senosidos A-b,,,
3145,Senosidos A-b Calcicos,,,
3148,Serenoa Repens Extracto Lipido Esterolico,,,
3149,Serenoa Repens Tintura Madre,,,
3150,Serenoa Serrulata,,,
3163,Sideritis Angustifolia,,,
3164,Sideritis Angustifolia Sumidad Florida,,,
3167,Silibina,,,
3168,Silibinina,,,
3169,Silibinina Succinato Sodio,,,
3171,Silicona Antiespumante,,,
3172,Silicona Antiespumante Activada,,,
3176,Silybum Marianum L.,,,
3177,"Silybum Marianum L. ,  Flavolignanos",,,
3178,Silybum Marianum L. Extracto Seco,,,
3179,Simeticona,,,
3180,Simoctocog Alfa,,,
4166,Sk&f 108566,,,
4217,Sl 85-0324,,,
3194,Sodio Carbonato,,,
3195,Sodio Carbonato Anhidro,,,
3196,Sodio Cromoglicato,,,
3197,Sodio Dihidrogenofosfato,,,
4063,Sodio Fluoruro,,,
3198,Sodio Fosfato,,,
3199,Sodio Hidrogeno Carbonato,,,
3200,Sodio Hidrogenofosfato,,,
4064,Sodio Hidroxido,,,
3201,Sodio Molibdato,,,
3202,Sodio Perborato,,,
3203,Sodio Pirofosfato,,,
3204,Sodio Sulfato,,,
3205,Sodio Sulfato Anhidro,,,
3208,Solidago Gigantea,,,
3209,Solidago Gigantea Extracto Seco,,,
3219,Somatotropina,,,
3223,Somatulina,,,
3231,Spergularia Rubra,,,
3232,Spergularia Rubra Parte Aerea,,,
4230,Sr 47436,,,
3233,Succinilcolina,,,
3234,Succinildicolina,,,
3247,Sulfametiltiadiazol,,,
3252,Sulfanilamidodiazina,,,
3253,Sulfapirimidina,,,
3255,Sulfazina,,,
3256,Sulfobituminato Amonico,,,
3257,Sulfoguayacol,,,
3258,Sulfoguayacolato Potasio,,,
3270,Suxametonio Cloruro Dihidrato,,,
3285,Talco,,,
3289,Talio 201 Cloruro,,,
3295,Tanico Acido,,,
3301,Taraxaco,,,
3302,Taraxacum Officinale F.h. Wigg,,,
3303,Taraxacum Officinale F.h. Wigg Extracto Seco,,,
3304,Tardoak,,,
3306,Tartarico Acido,,,
3309,Taurocolico Acido,,,
4065,Te Verde,,,
3316,Tecnecio 99 Mtc Tilmanocept,,,
3339,Tensioactivo Pulmonar Porcino,,,
4146,Tesit,,,
3367,Tetradecil Sulfato Sodio,,,
3368,Tetrahidrozolina,,,
3370,Tetrametiltiuramo Monosulfuro,,,
3371,Tetrametiluramo Disulfuro,,,
3375,Tetrofosmina (bis)tetrafluoroborato,,,
3997,Thc,,,
3379,Thermobacterium Bulgaricus,,,
4147,Thesit,,,
3998,Thiocol,,,
3380,Thymus Vulgaris,,,
3381,Tiadipona,,,
3385,Tiamina Hidrocloruro,,,
3386,Tiamina Nitrato,,,
3387,Tiamina Pirofosfato,,,
3397,Tila; Flor Tilo,,,
3399,"Tilia Cordata Miller, Tilia Platyphyllos Scop., Tilia X Vulgaris Heyne, Flor",,,
3400,"Tilia Tomentosa Moench, Flor",,,
3401,Timerosal,,,
3402,Timico Acido,,,
4001,Tiocolol,,,
3418,Tipiracilo,,,
3434,Titanio,,,
3435,Titanio Oxido,,,
3446,Todo-alfa-tocoferol,,,
3448,Todo-rac-alfa-tocoferilo Acetato De,,,
3449,Todo-rac-alfa-tocoferol,,,
4149,Tolueno,,,
4219,Toluol,,,
4198,Tomillo,,,
4150,Tomillo Exto,,,
3457,Tomillo Extracto Liquido,,,
3458,Tomillo Extracto Seco,,,
4068,Tomudex,,,
3466,Toxina Botulinica Tipo A,,,
3467,Toxina Botulinica Tipo B,,,
3468,Toxina Colera Recombinante Subunidad B,,,
3470,Tozinameran,,,
3490,Trementina Birectificada,,,
3491,Trementina Cedro,,,
3492,Trementina De Venecia,,,
3493,Treonina,,,
3502,Triclorometildimetilcarbinol,,,
3510,Trigliceridos Cadena Media,,,
4005,Trihexifenidil Hidrocloruro,,,
3512,Trihidroxietilrutina,,,
3513,Triiodotironina,,,
3516,Trimeprazina,,,
3522,Trinitrina,,,
3523,Trioxietilrutina,,,
3524,Trioxifenam,,,
3533,Trishidroximetilaminometano,,,
3538,Trometamina,,,
4153,Tumenol,,,
3545,Turoctocog Alfa,,,
3546,Turoctocog Alfa Pegol,,,
4210,"Uk-109,496",,,
4211,"Uk-116,044",,,
4212,"Uk-88,525",,,
3560,Urtica Sp,,,
3561,Usnico Acido,,,
3563,Uva Ursi,,,
3565,Vaccinium Macrocarpum,,,
3579,Vacuna (rsvpref) De Subunidad F Estabilizada En Prefusion Frente Al Virus Respiratorio Sincitial.,,,
3566,Vacuna De Arnm Frente A Covid-19 (biontech/pfizer),,,
3567,Vacuna De Arnm Frente A Covid-19 (moderna),,,
3568,Vacuna De Arnm Que Codifica La Proteina De La Espicula (s) Viral Del Sars-cov-2 (omicron Kp.2),,,
3569,Vacuna De Arnm Que Codifica La Proteina De La Espicula (s) Viral Del Sars-cov-2 (omicron Lp.8.1),,,
3570,Vacuna De Nanoparticulas De Proteina Recombinante De La Espicula De Sars-cov-2 Con Adyuvante Matrix-m1,,,
3571,"Vacuna De Proteina De Espicula Recombinante Prefusion, Delta Tm Frente A Covid-19 (sanofi Pasteur)",,,
3572,Vacuna De Proteina Recombinante De Heterodimeros Del Dominio De Union Al Receptor (rbd) Del Virus Sars-cov-2 Adyuvada (hipra),,,
3573,Vacuna De Proteina Recombinante De Homodimeros De Fusion Del Dominio De Union Al Receptor (rbd) De La Proteina De La Espicula (s) Del Virus Sars-cov-2 (cepa Omicron Xfg.1.1 – Xfg.1.1) Adyuvada,,,
3574,Vacuna De Proteina Recombinante De La Espicula De Sars-cov-2 (omicron Xbb.1.5)(novavax),,,
3575,Vacuna De Proteina Recombinante De La Espicula Frente A Covid-19 (novavax),,,
3576,"Vacuna De Vector Vaccinia Ankara Modificado, Multivalente, Viva, Recombinante, No Replicativo En Celulas Humanas, Que Expresa Las Glicoproteinas (gp) De Los Virus Del Ebola Mayinga, Sudan Gulu, Marburgo Y Musoke Y Nucloproteina Del Virus Tai Forest",,,
3577,Vacuna Recombinante (ad26) Frente A Covid-19 (j&j/janssen),,,
3578,Vacuna Recombinante (chadox1-s) Frente A Covid-19 (astrazeneca),,,
3580,Vadadustat,,,
3581,Vainilla,,,
3585,Valeriana Extracto Hidroalcoholico Seco,,,
3586,Valeriana Extracto Seco,,,
3587,Valeriana Officinalis Tintura Madre,,,
3588,Valeriana Raiz,,,
3589,Valeriana Rizoma,,,
3592,Valina,,,
3594,Valproato Sodio,,,
3603,Vanilla Planifolia Fruto,,,
3604,Vanzacaftor Calcico Dihidrato,,,
3605,Vara De Oro Gigante,,,
3615,Vector Adenovirus De Tipo 26 (ad26) Que Codifica La Glucoproteina (gp) De La Variante Mayinga De Zaire Ebolavirus,,,
3621,Veneno De Abeja,,,
3622,Veneno De Apis Mellifera,,,
3623,Veneno De Avispa,,,
3624,Veneno De Vespula Spp,,,
3630,Verde Indocianina,,,
3631,Verde Indocianina Sodico,,,
3636,Vesiculas De La Membrana Externa (omv) De Neisseria Meningitidis Grupo B (cepa Nz98/254 Medidas Como La Cantidad Total De Proteina Que Contiene El Pora P1.4),,,
3638,Vibrio Cholerae  Cepa Cvd 103hgr,,,
3639,"Vibrio Cholerae O1 Inaba, Biotipo Clasico (inactivado Por Calor)",,,
3640,Vid Roja,,,
3643,Vilanterol Trifenatato,,,
3658,Virus Canaripox Recombinante De La Rabia (vcp65),,,
3659,Virus Chikungunya De Proteinas De Particulas Seudovirales,,,
3660,"Virus Chikungunya, Vivo Atenuado Cepa Chikv Lr2006-opy1",,,
3661,"Virus Chikungunya, Vivo Atenuado Cepa Delta5nsp3",,,
3662,Virus Encefalitis Japonesa Cepa Sa 14-2 Inactivada,,,
3663,Virus Fiebre Amarilla Cepa 17d,,,
3664,Virus Fiebre Chikunguya Vivo Atenuado,,,
3665,Virus Gripe A H1n1 Atenuado,,,
3666,Virus Gripe A H1n1 Inactivado,,,
3667,Virus Gripe A H1n1 Inactivado Fraccionado,,,
3668,Virus Gripe A H1n1 Inactivado Hemaglutinina,,,
3669,Virus Gripe A H1n1 Recombinante Hemaglutinina,,,
3670,Virus Gripe A H3n2 Atenuado,,,
3671,Virus Gripe A H3n2 Inactivado,,,
3672,Virus Gripe A H3n2 Inactivado Fraccionado,,,
3673,Virus Gripe A H3n2 Inactivado Hemaglutinina,,,
3674,Virus Gripe A H3n2 Recombinante Hemaglutinina,,,
3675,Virus Gripe A H5n1 Inactivado,,,
3676,Virus Gripe A H5n1 Vivo Atenuado,,,
3680,Virus Gripe B (victoria) Atenuado,,,
3681,Virus Gripe B (victoria) Recombinante,,,
3682,Virus Gripe B (yamagata) Atenuado,,,
3683,Virus Gripe B (yamagata) Recombinante,,,
3677,Virus Gripe B Inactivado,,,
3678,Virus Gripe B Inactivado Fraccionado,,,
3679,Virus Gripe B Inactivado Hemaglutinina,,,
3684,Virus Influenza Gripe A/thailand/8/2022 (h3n2) Ivr-237 Cepa Similar A (a/thailand/8/2022),,,
3685,"Virus Influenza Gripe A/victoria/4897/2022 Ivr-238 (h1n1), Inactivado",,,
3686,"Virus Influenza Gripe Cepa Similar A B/austria/1359417/2021-(b/austria/1359417/2021, Bvr-26)",,,
3689,"Virus Influenza Gripe Reasortante,vivo, Atenuado, Cepa Similar A B/ Tokyo/eis13-175/2025",,,
3688,"Virus Influenza Gripe, Reasortante, Vivo Atenuado Cepa Similar A A/darwin/1454/2025 (h3n2), (a/darwin/1369/2025, Medi 406666)",,,
3687,"Virus Influenza Gripe, Reasortante, Vivo Atenuado, Cepa Similar A A/ Missouri/11/2025 (h1n1) Pdm09",,,
3690,Virus Papiloma Humano,,,
3691,Virus Papiloma Humano Tipo 11 Proteina L1,,,
3692,Virus Papiloma Humano Tipo 16 Proteina L1,,,
3693,Virus Papiloma Humano Tipo 18 Proteina L1,,,
3694,Virus Papiloma Humano Tipo 31 Proteina L1,,,
3695,Virus Papiloma Humano Tipo 33 Proteina L1,,,
3696,Virus Papiloma Humano Tipo 45 Proteina L1,,,
3697,Virus Papiloma Humano Tipo 52 Proteina L1,,,
3698,Virus Papiloma Humano Tipo 58 Proteina L1,,,
3699,Virus Papiloma Humano Tipo 6 Proteina L1,,,
3700,Virus Parotiditis,,,
3701,Virus Parotiditis Atenuado,,,
4200,Virus Polio Tipo I,,,
4201,Virus Polio Tipo Ii,,,
4202,Virus Polio Tipo Iii,,,
3702,Virus Rabia,,,
3703,Virus Rabia Inactivado,,,
3706,"Virus Rabia Inactivado, Cepa G52",,,
3708,"Virus Rabia Inactivado, Cepa Pasteur Vp-13",,,
3709,"Virus Rabia Inactivado, Cepa Sad Vnukovo-32",,,
3712,"Virus Rabia Vivo Atenuado, Cepa Sag2",,,
3704,"Virus Rabia, Inactivado, Cepa Cvs",,,
3705,"Virus Rabia, Inactivado, Cepa Flury Lep",,,
3707,"Virus Rabia, Inactivado, Cepa Pasteur Riv",,,
3710,"Virus Rabia, Inactivado, Cepa Vp12",,,
3711,"Virus Rabia, Inactivado, Cepa Wistar (pm/wi 38-1503-3m)",,,
3713,"Virus Rabia, Vivo Atenuado, Cepa Spbn Gagas",,,
3714,Virus Rubeola,,,
3715,Virus Rubeola Hiperatenuado,,,
3716,Virus Sarampion,,,
3717,Virus Sarampion (edmonston),,,
3718,Virus Sarampion Hiperatenuado,,,
3719,"Virus Sincitial Respiratorio, Subgroupo A, Subunidad F Proteina 847a Estabilizada En Prefusion",,,
3720,"Virus Sincitial Respiratorio, Subgroupo B, Subunidad F Proteina 847b Estabilizada En Prefusion",,,
3721,Virus Varicela,,,
3722,Virus Varicela-zoster Atenuados Cepa Oka,,,
3723,Virus Vivo Modificado De La Viruela Vacunoide Ankara,,,
3727,Vitamina B12a,,,
3728,Vitamina B2,,,
3729,Vitamina B3,,,
3731,Vitamina B9,,,
3732,Vitamina C,,,
3733,Vitamina D,,,
3734,Vitamina D2,,,
3735,Vitamina D3,,,
3736,Vitamina E,,,
3737,Vitamina H,,,
3738,Vitamina K,,,
3739,Vitamina K1,,,
3740,Vitamina P,,,
3741,Vitamina Pp,,,
3742,Vitex Agnus-castus L.,,,
3743,Vitis Vinifera,,,
3744,Vitis Vinifera Extracto Seco,,,
3745,Vitis Vinifera Hoja Extracto Seco,,,
4228,Vp 16,,,
3761,Xilano Polisulfurico,,,
4203,Xilitol,,,
3762,Xilocaina,,,
3766,Yedra,,,
4221,Ym730,,,
4204,Ytrio Y-90,,,
3769,Ytrio Y-90 Citrato,,,
4008,Ytrio Y-90 Cloruro,,,
4072,Z-d1694,,,
3772,Zanzibarensis,,,
3773,Zea Mays,,,
3777,Zinc Acetato,,,
3778,Zinc Acetato Dihidrato,,,
4010,Zinc Cloruro,,,
3779,Zinc Dibutilditiocarbamato,,,
3780,Zinc Dietilditiocarbamato,,,
3781,Zinc Piritiona,,,
3782,Zinc Piritionato,,,
3783,Zinc Sulfato Heptahidrato,,,
