producto_id,nombre,sku,molecula_texto,laboratorio,linea,forma,foto_url,precio_usd,costo_usd
37337,MONARC- M 250 U. 1 X 1 AMPOLLA,HO1046,,CORPORACION COLIMODIO C.A.,,,,,
37374,AGUA BIDESTILADA INYECTABLE,HO32804,,LABORATORIO COFASA S.A.,,,,,
37375,AGUA DESTILADA ESTERIL SOLUCION INYECTABLE,HO1694,,LABORATORIOS VALMOR C.A.,,,,,
37395,ALGIOL 5 MG X 30 COMPRIMIDOS RECUBIERTOS,ME42912,,ESPECIALIDADES DOLLDER C.A.,,,,,
37476,APIRET 120 MG / 5 ML SOLUCION ORAL,ME42864,,LABORATORIOS L.O. OFTALMI C.A.,,,,,
37477,APIRET 160 MG / 5 ML SOLUCION ORAL,ME42860,,LABORATORIOS L.O. OFTALMI C.A.,,,,,
37527,ATROBEL 10 MG / ML SOLUCION GOTAS REFORMULADO,ME40958,,C.A. PRODUCTOS RONAVA,,,,,
37557,BENCIDAMINA CLORHIDRATO 0.15 % SOLUCION TOPICA BUCAL,ME29570,,LABORATORIO COFASA S.A.,,,,,
37615,BROMEXINA CLORHIDRATO 4 MG / 5 ML JARABE,ME40260,,SM PHARMA C.A.,,,,,
37616,BROMHEXINA CLORHIDRATO 8 MG / 5 ML JARABE,ME35158,,LABORATORIOS SPEFAR VENEZOLANOS S.A.,,,,,
37617,BROMHEXINA CLORHIDRATO 8 MG / 5 ML JARABE,ME36318,,LABORATORIO BIOGALENIC C.A.,,,,,
37742,CIFARCAINA AL 2 % X 2 AMPOLLAS,HO9190,,LABORATORIO BEHRENS C.A.,,,,,
37743,CIFARCAINA AL 1 % SOLUCION INYECTABLE,HO9189,,LABORATORIO BEHRENS C.A.,,,,,
37766,CITRATO DE CALCIO 1190 MG X 60 TABLETAS MASTICABLES SABOR A MANDARINA,ME36822/3,,CALOX INTERNATIONAL C.A.,,,,,
37767,CITRATO DE CALCIO 1190 MG X 30 TABLETAS MASTICABLES SABOR A MANDARINA,ME36822/2,,CALOX INTERNATIONAL C.A.,,,,,
37776,CLENBUTEROL CLORHIDRATO 10 MCG / 5 ML JARABE,ME28118,,LABORATORIO PLUSANDEX DE FARMACEUTICOS UNIDOS PLUSANDEX C.A.,,,,,
37794,CLONIDINA CLORHIDRATO 0.150 MG / ML X 2 AMPOLLAS,HO31483/2,,LABORATORIOS VALMOR C.A.,,,,,
37795,CLONIDINA CLORHIDRATO 0.150 MG / ML X 30 AMPOLLAS,HO31483/3,,LABORATORIOS VALMOR C.A.,,,,,
37835,COMPLEJO DE VITAMINA B X 3 AMPOLLAS,HO1587,,PRODUCTOS LISTER FENIX C.A.,,,,,
37934,DICLOFENACO POTASICO 50 MG X 20 TABLETAS CON RECUBRIMIENTO ENTERICO,ME43099,,VIDA LABORATORIES (P) LIMITED,,,,,
37994,DUVADILAN 10 MG X 30 COMPRIMIDOS,ME11176,,LABORATORIOS VARGAS S.A.,,,,,
38008,ENTEROGERMINA (ESPORAS DE BACILLUS CLAUSII) 2 MILLARDOS / 5 ML X 10 SUSPENSION ORAL,ME1103,,CALOX INTERNATIONAL C.A.,,,,,
38091,FINASTERIDE 5 MG X 30 TABLETAS RECUBIERTAS,ME30089,,CALOX INTERNATIONAL C.A.,,,,,
38092,NIAZOL 1 MG / ML X 10 SOLUCION NASAL,ME784,,BIOTECH LABORATORIOS C.A.,,,,,
38132,FOSFATO DE POTASIO MONOBASICO 1 MEQ / ML SOLUCION INYECTABLE I.V.,HO21515,,LABORATORIO BEHRENS C.A.,,,,,
38173,GLUCONATO FERROSO (50 MG / 15 ML DE HIERRO ELEMENTAL) SOLUCION ORAL,ME37958,,BIOQUIMICA INTERNACIONAL C.A.,,,,,
38183,GYNODERAIN 0.6 G X 6 OVULOS,ME25838,,FARMACEUTICI DAMOR S.P.A,,,,,
38198,BUTILBROMURO DE HIOSCINA 20 MG / ML SOLUCION INYECTABLE,HO35867,,GLAND PHARMA LIMITED,,,,,
38200,HIRUDOID (POLISULFATO DE MUCOPOLISACARIDO) 25.000 UI / 100 G GEL,ME1384,,CIFARMA S.A.C,,,,,
38298,KETOROLACO TROMETAMINA 30 MG / ML X 3 AMPOLLAS,HO42686,,CADILA PHARMACEUTICALS LIMITED,,,,,
38306,LACTBET 3000 U X 10 CAPSULAS,ME36925/2,,BIOTECH LABORATORIOS C.A.,,,,,
38307,LACTBET 3000 U X 20 CAPSULAS,ME36925/3,,BIOTECH LABORATORIOS C.A.,,,,,
38430,MATERNAVIT X 30 CAPSULAS BLANDAS,ME41135,,LAMBO LABORATORIA N.V,,,,,
38457,METFORMINA CLORHIDRATO 500 MG X 28 TABLETAS,ME42358,,CALOX INTERNATIONAL C.A.,,,,,
38461,METFORMINA CLORHIDRATO 850 MG X 30 TABLETAS,ME32508/3,,CALOX INTERNATIONAL C.A.,,,,,
38462,METFORMINA CLORHIDRATO 850 MG X 28 TABLETAS,ME32508/2,,CALOX INTERNATIONAL C.A.,,,,,
38464,METFORMINA CLORHIDRATO 1000 MG X 30 TABLETAS RECUBIERTAS,ME42625,,FLAMINGO PHARMACEUTICALS LTD,,,,,
38479,METRONIDAZOL BENZOIL 125 MG / 5 ML SUSPENSION ORAL,ME31064,,LABORATORIOS KIMICEG C.A.,,,,,
38495,MIOVIT X 10 COMPRIMIDOS RECUBIERTOS,ME22476/2,,LABORATORIO COFASA S.A.,,,,,
38496,MIOVIT X 30 COMPRIMIDOS RECUBIERTOS,ME22476/3,,LABORATORIO COFASA S.A.,,,,,
38524,MULTIVIRAL X 30 CAPSULAS,ME11776,,LABORATORIOS SIEGFRIED S.A.,,,,,
38528,N-BUTIL BROMURO DE HIOSCINA 20 MG / ML X 5 AMPOLLAS,HO36014,,VITALIS S.A.C.I.,,,,,
38556,NIMODIPINA 30 MG X 30 COMPRIMIDOS,ME38246,,LABORATORIOS LETI S.A.V.,,,,,
38560,NITAX 500 MG X 6 TABLETAS RECUBIERTAS,ME42837,,LABORATORIO LA SANTE C.A.,,,,,
38561,NITAZOXANIDA 500 MG X 6 TABLETAS RECUBIERTAS,ME37921,,LABORATORIO LA SANTE C.A.,,,,,
38580,NYTAXIN 500 MG X 6 CAPSULAS BLANDAS,ME37707,,PROCAPS S.A.,,,,,
38614,OMMUNAL (LISADO BACTERIANO) 7 MG X 10 CAPSULAS,ME1221,,OM PHARMA SA,,,,,
38652,PEPTO-BISMOL 525 MG / 30 ML SUSPENSION ORAL,ME44126,,LABORATORIOS FARMA S.A.,,,,,
38663,PINAVERIUM BROMURO 100 MG X 20 TABLETAS RECUBIERTAS,ME37698/2,,CALOX INTERNATIONAL C.A.,,,,,
38664,PINAVERIUM BROMURO 100 MG X 30 TABLETAS RECUBIERTAS,ME37698/3,,CALOX INTERNATIONAL C.A.,,,,,
38667,PIPERAZINA 500 MG / 5 ML JARABE,ME40639,,EMPRESA LABORATORIO FARMACEUTICO LIQUIDOS ORALES MEDILIPAMO MEDILIP,,,,,
38675,POLIAMIN 10 % (AMINOACIDOS CRISTALINOS) SOLUCION INYECTABLE INTRAVENOSA,HO29980,,LABORATORIO BEHRENS C.A.,,,,,
38732,SOLUCION DE RINGER LACTATO (SOLUCION DE HARTMANN) INYECTABLE,HO1370B,,LABORATORIO BEHRENS C.A.,,,,,
38809,SULFADIAZINA DE PLATA 1 % CREMA,ME28901,,LABORATORIOS KIMICEG C.A.,,,,,
38856,TERBINAFINA CLORHIDRATO 1 % CREMA TOPICA,ME36877,,MEYER PRODUCTOS TERAPEUTICOS S.A.,,,,,
39000,ZONTRICON 100 MG / 5 ML POLVO PARA SUSPENSION,ME36302,,LABORATORIOS LETI S.A.V.,,,,,
39136,CLORHIDRATO DE MORFINA 10 MG / ML X 10 AMPOLLAS,HO33073,,BIOTECH LABORATORIOS C.A.,,,,,
39158,COMPLEJO DE VITAMINA B X 20 TABLETAS,ME1412,,LABORATORIOS SPEFAR VENEZOLANOS S.A.,,,,,
39238,GLUCONATO DE CALCIO AL 10 % SOLUCION INYECTABLE,HO32556,,LABORATORIO BEHRENS C.A.,,,,,
39313,NAFAZOLINA CLORHIDRATO 0.12 MG / ML SOLUCION OFTALMICA,ME42756,,LABORATORIOS LETI S.A.V.,,,,,
39352,REHIDROSOL 45 MEQ / L SOLUCION ELECTROLITICA USO ORAL SABOR A FRAMBUESA,ME42185,,LABORATORIO BEHRENS C.A.,,,,,
39354,REHIDROSOL 60 MEQ / L SOLUCION ELECTROLITICA USO ORAL SABOR A MANZANA,ME42186,,LABORATORIO BEHRENS C.A.,,,,,
39356,SOLUCION RINGER LACTATO (SOLUCION HARTMAN) INYECTABLE,HO32579,,LABORATORIO BEHRENS C.A.,,,,,
39421,ALILUB 1.4 % SOLUCION OFTALMICA,ME43324,,ARBOFARMA S.A.S.,,,,,
39449,HIOSCINA N-BUTILBROMURO 10 MG X 10 TABLETAS RECUBIERTAS,ME43037,,JIANGXI XIER KANGTAI PHARMACEUTICAL CO. LTD,,,,,
39551,FOSFATO DE SODIO MONOBASICO 16 % - FOSFATO DE SODIO DIBASICO 6 %,MI44357,,AIRELA INDUSTRIA FARMACEUTICA LTDA.,,,,,
39563,PEPSADEL 262 MG X 12 TABLETAS MASTICABLES,ME44522,,LABORATORIO FARMACEUTICO FARDEL,,,,,
39663,CLORHIDRATO DE BROMEXINA 8 MG / 5 ML JARABE.,,Bromhexina,"CASA DE REPRESENTACION ADN MEDICAL, C.A.",,,,,
39664,BROMEXINA CLORHIDRATO 4 MG / 5 ML JARABE,,Bromexina,"BIOQUIMICA INTERNACIONAL, C.A.",,,,,
39690,CLORURO SODICO 0.9 % INYECTABLE,,Cloruro Sodico,"IPS DE VENEZUELA, C.A.",,,,,
39694,COMPLEJO 2 ML X 3 INYECTABLE,,Complejo,"CALOX INTERNATIONAL, C.A.",,,,,
39697,PORTU 4 MG X 100 COMPRIMIDOS,,Portu,CASA DE REPRESENTACION MVGA PHARMA,,,,,
39704,DICLOFENACO POTASICO 50 MG X 10 TABLETAS RECUBIERTAS,,Diclofenaco,"BLUE MEDICAL PHARMACEUTICAL, C.A.",,,,,
39705,DICLOFENAC POTASICO 50 MG X 20 TABLETAS,,Diclofenac Potasico,"CASA DE REPRESENTACION DAC55, C.A.",,,,,
39723,FEXOFENADINA CLORHIDRATO 180 MG X 10 TABLETAS RECUBIERTAS,,Fexofenadina,"CASA DE REPRESENTACION FARMACOS MEDIORIENTE, C.A.",,,,,
39726,FLAVOXATO CLORHIDRATO 200 MG X 10 TABLETAS RECUBIERTAS,,Flavoxato,"CALOX INTERNATIONAL, C.A.",,,,,
39745,KETOROLACO TROMETAMINA 30 MG / ML X 3 AMPOLLAS,,Ketorolaco,"CASA DE REPRESENTACION FARMACEUTICAS CCM, C.A.",,,,,
39746,KETOROLACO TROMETAMINA 20 MG X 10 COMPRIMIDOS,,Ketorolaco Trometamina,"CASA DE REPRESENTACION FARMACOS MEDIORIENTE, C.A.",,,,,
39770,MAGNESIO GLICINATO X 60 TABLETAS,,Magnesio Glicinato,"ARCO IRIS LABORATORIO, C.A.",,,,,
39771,MATERNAVIT X 30 CAPSULAS BLANDAS,,Maternavit,"CASAS DE REPRESENTACION MEDIFARM, C.A.",,,,,
39811,OMMUNAL (LISADO BACTERIANO) 7 MG X 10 CAPSULAS,,Ommunal,"LABORATORIOS LETI, S.A.V.",,,,,
39869,BITEX COMPLEJO VITAMINA B1 B2 B6 B12 NATURALIFES X 30 TABLETAS,,Bitex Complejo Vitamina B1 B2 B6 B12 Naturalifes,"BY NATURLIFES, C.A.",,,,,
39880,DICLOFENAC DIETILAMINO 1.16 % GEL,,Diclofenac Dietilam,"ALESS PHARMACEUTICALS, C.A.",,,,,
39901,HIOSCINA N-BUTILBROMURO 10 MG X 10 TABLETAS RECUBIERTAS,,Butilbrom Hioscina,"BLUE MEDICAL PHARMACEUTICAL, C.A.",,,,,
39911,HIDROCORTISONA SODICO 500 MG INYECTABLE,,Hidrocortisona Sodico,"CASA DE REPRESENTACION DISTRILAB, C.A.",,,,,
